doc_id,proposed_domain,confidence,band,review_reason,title,court,decision_date,source_relpath,decision,decision_domain,reviewer,notes
0199486d85802171af827314,other_uncertain,0.000,low,no_domain_support,2022 P L C (C,Supreme Court (AJ&K),,2022SCAJK2001,,,,
032ce01de9bb1ecab6ac9748,other_uncertain,0.000,low,no_domain_support,ORIENT POWER COMPANY (PRIVATE) LIMITED through Authorized Officer vs SUI NORTHERN GAS PIPELINES LIMITED through Managing Director,Supreme Court of Pakistan,,2021S994,,,,
03d4d73ecaae37c4f09af64d,other_uncertain,0.000,low,no_domain_support,2021 P T D 379,Supreme Court of Pakistan,,2021S6004,,,,
03f2693133fa9b6b5b6e6f79,other_uncertain,0.000,low,no_domain_support,P L D 2021 Supreme Court 480,,,2021S11,,,,
042f8cca8f8b12408e25c2dd,other_uncertain,0.000,low,no_domain_support,Muhammad Shafi Nagori through legal heirs vs Muhammad Ayub and others,Sindh,,2025K2556,,,,
0463900de460a192e677336b,other_uncertain,0.000,low,no_domain_support,"LPG ASSOCIATION OF PAKISTAN through Chairman vs FEDERATION OF PAKISTAN through Secretary, Ministry of Petroleum and Natural Resources, Islamabad and others",Lahore,,2021L5008,,,,
04ab5f53664e0e602339a6a4,other_uncertain,0.000,low,no_domain_support,CHINA HARBOUR ENGINEERING COMPANY LTD. and others vs Z. Z. ENTERPRISES and others,Lahore,,2024L5029,,,,
0586c22149def73242e4581f,other_uncertain,0.000,low,no_domain_support,M.C.R. (PVT.) LTD. FRANCHISEE OF PIZZA HUT vs MULTAN DEVELOPMENT AUTHORITY and others,Lahore (Multan Bench),2021-01-01,2021L5019,,,,
05a6a485a287ddbace104422,other_uncertain,0.000,low,no_domain_support,"Mst. NASREEN BIBI and others- vs AHBAB AGRO FARMS (PVT.) LTD. through Chairman and MD, Lahore and others-",Islamabad,,2024I206,,,,
06003fcfa3b3e3ebb04810e8,other_uncertain,0.000,low,no_domain_support,2022 P L C (C,High Court (AJ&K),,2022HCAJK2007,,,,
066b5bfcd46a4ebf47605463,other_uncertain,0.000,low,no_domain_support,FAISAL BANK LIMITED and others vs DOST STEELS LIMITED and others,Sindh,,2026K5005,,,,
067df08fcb9b1462cd108817,other_uncertain,0.000,low,no_domain_support,"ENGLISH BISCUITS MANUFACTURERS PRIVATE LIMITED (EBM), KORANGI INDUSTRIAL AREAS, KARACHI and 6 others vs ASSOCIATED BISCUITS INTERNATIONAL LIMITED (ABIL) through Attorney",Supreme Court of Pakistan,,2021S902,,,,
071de9c2375471c1d37450a9,other_uncertain,0.000,low,no_domain_support,2024 P L C (C,Sindh High Court (Larkana Bench),,2024K2017,,,,
073738b767858113b739a0f0,other_uncertain,0.000,low,no_domain_support,Mian WAQAR UD DIN vs UNITED INDUSTRIES LIMITED through Chief Executive Officer and others,Lahore,,2026L5012,,,,
0791bb2e0bae09c914aff875,other_uncertain,0.000,low,no_domain_support,"COMMISSIONER INLAND REVENUE, ZONE-II, LARGE TAXPAYERS UNIT, LAHORE vs Messrs COCA COLA EXPORT CORPORATION",Emphasis Supplied,,2026L10,,,,
0850038947ff9dc4fab91efc,other_uncertain,0.000,low,no_domain_support,"DEFENCE HOUSING AUTHORITY through Secretary vs DISTRICT AND SESSIONS JUDGE, LAHORE and 7 others",Lahore,,2023L2517,,,,
085630ee87cc0d34efbc9acf,other_uncertain,0.000,low,no_domain_support,"ARIF CHAUDHRY, ADVOCATE SUPREME COURT- vs STATE LIFE INSURANCE CORPORATION through Chairman and 2 others-",Lahore,2022-01-01,2022L230,,,,
08bb6f2a8ef73e09b3736826,other_uncertain,0.000,low,no_domain_support,CHINA HARBOUR ENGINEERING COMPANY LTD. and others vs Z. Z. ENTERPRISES and another,,,2024L24,,,,
08c2c6d867db86737af4be0d,other_uncertain,0.000,low,no_domain_support,FAWAD FAZAL vs HABIB BANK LIMITED and 11 others,Sindh,,2021K2562,,,,
09cc72bd35ee2004d4559336,other_uncertain,0.000,low,no_domain_support,2023 P L C (C,Supreme Court (AJ&K),,2023SCAJK15002,,,,
09cd1730956df091916a7a70,other_uncertain,0.000,low,no_domain_support,"JADEED FEEDS INDUSTRIES (PRIVATE) LIMITED through authorized Representative vs BOARD OF REVENUE, PUNJAB through Chief Inspector of Stamps and others",Lahore (Rawalpindi Bench),,2025L5021,,,,
0a0e452e039742a81a8b64d5,other_uncertain,0.000,low,no_domain_support,SHAKILA APPA (LATE)- vs NADEEM GHANI and others-,Sindh,,2022K237,,,,
0a6befb4e05750506d2fa605,other_uncertain,0.000,low,no_domain_support,Muhammad Iqbal vs Ghulam Mustafa through Legal Heirs,Lahore,2024-01-01,2024L4090,,,,
0abfca4a965cb4bebdaa5456,other_uncertain,0.000,low,no_domain_support,"IMAM DIN and others vs GOVERNMENT OF PAKISTAN through Secretary, Ministry of Minority and Religious Affairs and others",Lahore,2021-01-01,2021L4033,,,,
0af91c8b6c759a8c6c4347da,other_uncertain,0.000,low,no_domain_support,2022 P T D 1103,Lahore High Court,,2022L6025,,,,
0b031d2770ba6215bada98c6,other_uncertain,0.000,low,no_domain_support,"VICE-CHANCELLOR AGRICULTURE UNIVERSITY, PESHAWAR and others vs MUHAMMAD SHAFIQ and others",Supreme Court of Pakistan,,2024S766,,,,
0b55834d6b419e59132fa522,other_uncertain,0.000,low,no_domain_support,MUBARIK ALI BABAR vs PUNJAB PUBLIC SERVICE COMMISSION through its Secretary and others,Supreme Court of Pakistan,,2023S769,,,,
0b74659c94292204ab62c4e5,other_uncertain,0.000,low,no_domain_support,"CHINA WATER AND ELECTRIC CORPORATION (CWE) P.R. CHINA vs NATIONAL HIGHWAY AUTHORITY, ISLAMABAD",Islamabad,,2023I5012,,,,
0b7da90b7fe1e428a4961480,other_uncertain,0.000,low,no_domain_support,"ABDUL MAJEED vs GOVERNMENT OF KHYBER PAKHTUNKHWA through Secretary, Housing and Physical Planning at Peshawar and others",Peshawar (Mingora Bench),,2024P4019,,,,
0d6362ecab83e38dc19c160c,other_uncertain,0.000,low,no_domain_support,"Professor Dr. Naznain Habib, Chairman Sociology and Psychology Department, University of Azad Jammu and Kashmir Muzaffarabad and others vs University of Azad Jammu and Kashmir through Registrar, Muzaffarabad and others",High Court (AJ&K),,2025HCAJK2503,,,,
0d744e4311afd75486422093,other_uncertain,0.000,low,no_domain_support,MUHAMMAD RAFIQUE and another vs Syed WARAND ALI SHAH and others,Supreme Court of Pakistan,,2021S884,,,,
0d7ace13ab6f15e7f01aaa32,other_uncertain,0.000,low,no_domain_support,2025 P L C (C,Sindh High Court,,2025K2031,,,,
0dc493719de9cd66f16534c1,other_uncertain,0.000,low,no_domain_support,Messrs NATION CABLE vs COMPETITION COMMISSION OF PAKISTAN,Competition Appellate Tribunal,,2023CAT5003,,,,
0dc939a5e5b74dcc1bca15d1,other_uncertain,0.000,low,no_domain_support,Syed KHALILUDDIN- vs RAFIQ AHMED QANDHARI and 6 others-,Sindh,,2021K225,,,,
109e017c76e99faea53f2232,other_uncertain,0.000,low,no_domain_support,Maulana IBADUR REHMAN ABBASI- vs JEHANGIR ADAM and others-,Sindh,,2024K204,,,,
10b72e20d64f23b9166ecbf9,other_uncertain,0.000,low,no_domain_support,2023 P L C (C,High Court (AJ&K),,2023HCAJK2004,,,,
1166efe173a4ae25c08ff2d6,other_uncertain,0.000,low,no_domain_support,ASSOCIATED BUILDERS (PVT.) LTD. Through authorized person and another vs PROVINCE OF BALOCHISTAN through Chief Secretary Balochistan and 4 others,,,2021Q27,,,,
11d9209534aef885f13961b0,other_uncertain,0.000,low,no_domain_support,P L D 2026 Supreme Court 280,,,2026S29,,,,
12278e9279926e3879e655a1,other_uncertain,0.000,low,no_domain_support,"EFU GENERAL INSURANCE LTD., through duly authorized officer vs SECURE LOGISTIC GROUP, ISLAMABAD and others",Islamabad,,2026I5002,,,,
1366f4b5631924cbf916c73a,other_uncertain,0.000,low,no_domain_support,TRANSPORT OPERATOR UNION through Representatives and 2 others vs MUZAFFARABAD and 13 others,,,2025HCAJK4,,,,
13abbb33c42c6ff2c3eb609e,other_uncertain,0.000,low,no_domain_support,"FEDERAL GOVERNMENT EMPLOYEES HOUSING FOUNDATION (FGEHF), ISLAMABAD and others vs Malik GHULAM MUSTAFA and others",Supreme Court of Pakistan,,2021S741,,,,
13ea054690bc547aaf90ee3b,other_uncertain,0.000,low,no_domain_support,MUMTAZ HUSSAIN- vs ADDITIONAL DISTRICT JUDGE and 8 others-,Lahore,,2022L285,,,,
13ec066c8186d0c64502cfaf,other_uncertain,0.000,low,no_domain_support,REHMAN SHAH vs MUZAFFAR SHAH and 6 others,High Court (AJ&K),,2023HCAJK2503,,,,
1401bf0f04ed15dcc1c6df94,other_uncertain,0.000,low,no_domain_support,CANTONMENT BOARD CLIFTON through duly Authorized Officer vs NADIM AHMED ANSARI,,,2025K8,,,,
154079e3a0610c6878173745,other_uncertain,0.000,low,no_domain_support,NISAR AHMED- vs Haji FAZAL DAD-,Lahore (Rawalpindi Bench),,2023L208,,,,
15758f2553fe9cf02dd91f3f,other_uncertain,0.000,low,no_domain_support,2025 P L C (C,Supreme Court (AJ&K),,2025SCAJK2003,,,,
15dbe0857044907190b99638,other_uncertain,0.000,low,no_domain_support,QAYUM NAWAZ vs GULAB KHAN and others,Supreme Court of Pakistan,,2025S850,,,,
15fcdd74dcb536312bd1e445,other_uncertain,0.000,low,no_domain_support,"MUZAMMAL KHAN vs INSPECTOR GENERAL OF POLICE, LAHORE and others",Supreme Court of Pakistan,,2025S806,,,,
1623c1d50e0842c30da8a34f,other_uncertain,0.000,low,no_domain_support,ZILLA MUHAMMAD and others vs KIFAYAT ALI,Supreme Court of Pakistan,,2022S817,,,,
166d54f88e975bc6b16091ab,other_uncertain,0.000,low,no_domain_support,MUHAMMAD RAMZAN- vs HAQ NAWAZ (DECEASED) through L.Rs. and others-,Lahore,2023-01-01,2023L220,,,,
17112d2f8fdf7f886f00c782,other_uncertain,0.000,low,no_domain_support,"MUKHTAR AHMAD ALI vs The REGISTRAR, SUPREME COURT OF PAKISTAN, ISLAMABAD and another",,,2024S10,,,,
17e5fbe8d915e3cbaeef922b,other_uncertain,0.000,low,no_domain_support,MUHAMMAD AYAN ALI RAJA vs AZAD JAMMU AND KASHMIR LEGISLATIVE ASSEMBLY through Secretary and 4 others,"(1-a) The women and youth members equal to 12.5% each of the total number of seats, subject to minimum of four i.e., two women and two youth, shall be elected by the directly elected members of the town committee.",,2023HCAJK7,,,,
188d799ce521be8ca2eb3930,other_uncertain,0.000,low,no_domain_support,"Sardar GHULAM MUSTAFA KHAN vs DISTRICT REGISTRAR/DISTRICT JUDGE KOTLI, AZAD JAMMU AND KASHMIR and 3 others",High Court (AJ&K),,2026HCAJK204,,,,
19ae0b8c0d701ff3c675667f,other_uncertain,0.000,low,no_domain_support,2023 P T D 1635,Supreme Court of Pakistan,,2023S6023,,,,
19d0d596a5518bad5db6d6d7,other_uncertain,0.000,low,no_domain_support,"MUHAMMAD ZULFIQAR through Attorney vs PAKISTAN RAILWAY EMPLOYEES, CO-OPERATIVE HOUSING SOCIETY LIMITED, KARACHI and 2 others",Sindh,,2022K4031,,,,
1a7408b0875f901be263a7de,other_uncertain,0.000,low,no_domain_support,The IMPERIAL ELECTRIC COMPANY (PVT.) LTD. vs M/s. ZHONGXING TELECOM PAK (PVT.) LTD.,Islamabad,,2025I5006,,,,
1a7b70f46bb59ee5c3e3c458,other_uncertain,0.000,low,no_domain_support,"AZAD GOVERNMENT OF THE STATE OF JAMMU AND KASHMIR through Chief Secretary of Government of AJ&K, Muzaffarabad and 3 others vs MUHAMMAD ISHAQ and 19 others",,,2023SCAJK2,,,,
1b7f2d0456f9e83f6add8a30,other_uncertain,0.000,low,no_domain_support,"M. TABASSUM AFTAB ALVI, CHIEF JUSTICE, HIGH COURT OF AJ&K, MUZAFFARABAD vs Raja WASEEM YOUNIS, ADVOCATE, EX-GENERAL SECRETARY, AZAD JAMMU AND KASHMIR, HIGH COURT BAR ASSOCIATION, MIRPUR and others",,,2021SCAJK1,,,,
1d53ec17cbaf5854f2ba8dcc,other_uncertain,0.000,low,no_domain_support,Abdul Latif vs Manzoor Ellahi,Peshawar (Abbottabad Bench),,2025P4022,,,,
1d69b2dd8cc5aa65e3ae9cc2,other_uncertain,0.000,low,no_domain_support,Haji MOHAMMAD RIAZ and another- vs KHALID MEHMOOD ABBASI and others-,Peshawar (Abbottabad Bench),,2021P213,,,,
1f7181e9dae328ff86e8ec62,other_uncertain,0.000,low,no_domain_support,MUHAMMAD USMAN SIDDIQUI- vs MUKARAM ALAM SIDDIQUI and 2 others-,Sindh,,2021K216,,,,
1fd2f0a062486feaa4e94d54,other_uncertain,0.000,low,no_domain_support,Mrs. NIGHAT NAEEM and others vs KARACHI DEVELOPMENT AUTHORITY and others,Sindh,,2025K228,,,,
1fdde93f3583416ea8402f88,other_uncertain,0.000,low,no_domain_support,Fida Muhammad vs Shah Jehan Badshah and another,Peshawar (Mingora Bench),,2024P2520,,,,
203843fca246e1ef04f1abf5,other_uncertain,0.000,low,no_domain_support,HUNANENG FUYUN PORT AND SHIPPING (PVT.) LTD. vs JIAOZUO CREATION HEAVY INDUSTRY COMPANY LTD.,Sindh,,2026K5011,,,,
20db74e330260bf5b49f6e96,other_uncertain,0.000,low,no_domain_support,"Sabina Alim vs The Additional district judge, lahore and 5 others",Lahore,,2026L2512,,,,
231f3d259852eb020bb000b6,other_uncertain,0.000,low,no_domain_support,GOHAR ALI KHAN vs FEDERATION OF PAKISTAN and others,,,2024S22,,,,
24b3bad58d4812d11d0be3ed,other_uncertain,0.000,low,no_domain_support,Messrs SAMSARA COUTURE HOUSE (PVT.) LTD. through Chief Executive and another vs Syeda KHADIJA BATOOOL and 2 others,Lahore,,2024L5016,,,,
250d8a4d6a05d733b9bc71dc,other_uncertain,0.000,low,no_domain_support,Hussain Zada vs Fazal Maula and others,Peshawar,,2025P2526,,,,
25781f53ff0e152ea35d1ef2,other_uncertain,0.000,low,no_domain_support,"ENGLISH BISCUITS MANUFACTURERS PRIVATE LIMITED (EBM), KORANGI INDUSTRIAL AREAS, KARACHI and 6 others vs ASSOCIATED BISCUITS INTERNATIONAL LIMITED (ABIL) through Attorney",Supreme Court of Pakistan,,2021S5008,,,,
25ccc236b9307bb118e9fba0,other_uncertain,0.000,low,no_domain_support,2021 P L C (C,Sindh High Court,,2021K2007,,,,
2663bacf6c084d167884b2c1,other_uncertain,0.000,low,no_domain_support,HARBIN ELECTRIC INTERNATIONAL COMPANY LIMITED and others vs NATIONAL POWER PARKS MANAGEMENT COMPANY (PRIVATE) LIMITED,Lahore,2026-01-01,2026L5017,,,,
26a6af335816f2a0966eaa2f,other_uncertain,0.000,low,no_domain_support,RAZAK LATIF and another vs ACE SECURITIES (PVT.) LIMITED through Chief Executive,Sindh,,2021K5018,,,,
28bec1e5dbb47ce5a58b06b6,other_uncertain,0.000,low,no_domain_support,2010 C L D 1377,Competition Commission of Pakistan,,2010CCP5013,,,,
28d34a524bc41889bd546fa3,other_uncertain,0.000,low,no_domain_support,JAVED AHMED MIR- vs MUHAMMAD AFZAL and others-,Islamabad,,2022I209,,,,
29bdd1985d6e70d2e4ef7f03,other_uncertain,0.000,low,no_domain_support,HASAN AHMAD vs MUHAMMAD FAROOQ through legal heirs and another,Sindh,,2024K2516,,,,
29d918963a4da293fa52269b,other_uncertain,0.000,low,no_domain_support,PEOPLES STEEL MILLS LTD. through duly authorized Agents and another vs Messrs ASIAN COUNSEL ENGINEER (PVT.) LTD.,Sindh,,2026K5002,,,,
2ac96a58062e22ab29a9da5e,other_uncertain,0.000,low,no_domain_support,MUHAMMAD ZIAULLAH KHAN CHISHTI through attorney vs TRG PAKISTAN LIMITED and others,Sindh,,2025K5037,,,,
2ace9d2bea37edf761f9a360,other_uncertain,0.000,low,no_domain_support,Messrs KAZMIA TRUST (Regd.) through duly authorized vs Messrs KAZ INTERNATIONAL (PVT.) LTD. and 5 others,Sindh,,2023K4055,,,,
2b6331ade37039776ee2f3ea,other_uncertain,0.000,low,no_domain_support,SHARIF AHMED QURESHI vs Wing Cdr. (R) MAZHAR MIRZA and 7 others,Sindh,,2022K4016,,,,
2bdb2672308d0ba0dbe57eaa,other_uncertain,0.000,low,no_domain_support,ABDUL RASHEED MIRZA and others vs COMMISSIONER REHABILITATION AZAD JAMMU AND KASHMIR and others,High Court (AJ&K),,2022HCAJK4001,,,,
2c741eaaf1da6dfd235fb2aa,other_uncertain,0.000,low,no_domain_support,2022 P L C (C,Sindh High Court,,2022K2007,,,,
2e0a5a63ade5b7d366677424,other_uncertain,0.000,low,no_domain_support,2023 P L C (C,High Court (AJ&K),,2023HCAJK2005,,,,
2e3aa30dd22b834f564bc368,other_uncertain,0.000,low,no_domain_support,Mian IMRAN SAEED and others- vs Mst. SALIMA BIBI and others-,Lahore,,2022L216,,,,
2eeffdf292d1966e41dfc5c0,other_uncertain,0.000,low,no_domain_support,AMJAD vs AIJAZ AHMED JATOI and others,"Board of Revenue, Sindh",,2026BRS201,,,,
2f66c78ee7ade9dd7ec9e72d,other_uncertain,0.000,low,no_domain_support,Mst. KALSOOM BIBI and others vs MUHAMMAD AMIN AGHA (DECEASED) through LRs and others,Supreme Court of Pakistan,,2022S847,,,,
2fc4ef9b1178165995ddce3c,other_uncertain,0.000,low,no_domain_support,FRANZEN LANBOUW C.V. through Deed of Assignment by Terrapoint B.V. vs TASCO through Administrator,Sindh,,2026K5001,,,,
2fc993f66fcd4ec79673fd8d,other_uncertain,0.000,low,no_domain_support,2025 P L C (C,Lahore High Court (Rawalpindi Bench),2025-01-01,2025L2001,,,,
307f98e20513c2c80190cf96,other_uncertain,0.000,low,no_domain_support,"Molana AMEEN-UL-HAQ vs CUSTODIAN OF THE EVACUEE PROPERTY, AZAD GOVT. OF THE STATE OF J&K, MUZAFFARABAD and 31 others",High Court (AJ&K),,2021HCAJK14005,,,,
30a9e784d098e154d5875784,other_uncertain,0.000,low,no_domain_support,2021 P T D 758,Gilgit-Baltistan Chief Court,,2021G6001,,,,
3111a66e96289a637be8ee6a,other_uncertain,0.000,low,no_domain_support,"Syed ZAINUDDIN vs Messrs CONTINENTAL LIMITED, KARACHI and 2 others",Sindh,,2021K4075,,,,
31ec20a7a0e0269eaec93097,other_uncertain,0.000,low,no_domain_support,2024 P T D 201,Peshawar High Court (Mingora Bench),,2024P6001,,,,
32a57c95388d4684901aa6f9,other_uncertain,0.000,low,no_domain_support,POSCO INTERNATIONAL CORPORATION through Authorised Officer vs RIKANS INTERNATIONAL through Managing Partner/Director and 4 others,Lahore,,2023L5011,,,,
32eb4b373c0740d25a046dba,other_uncertain,0.000,low,no_domain_support,2022 P L C (C,Supreme Court (AJ&K),,2022SCAJK2004,,,,
3306f57b6fafe1f320636ba7,other_uncertain,0.000,low,no_domain_support,YOUNAS RASHEED- vs MUHAMMAD KASHIF IQBAL and another-,Lahore,,2023L243,,,,
3340de818f8d6a27390fe162,other_uncertain,0.000,low,no_domain_support,2021 P L C (C,High Court (AJ&K),,2021HCAJK15002,,,,
3375dafaec8e4293534f2e4a,other_uncertain,0.000,low,no_domain_support,JAVED IQBAL through Attorney vs ABDUL RASHEED TAGR and 5 others,,,2025K16,,,,
3559087540573b0b22765ed0,other_uncertain,0.000,low,no_domain_support,IMTIAZ ALI vs MUHAMMAD SADIQ,Lahore (Rawalpindi Bench),,2023L2581,,,,
36ed474afcd38d5ed4105a3a,other_uncertain,0.000,low,no_domain_support,Messrs BISMILLAH AGRO INDUSTRIES (PVT.) LIMITED through Directors and 2 others vs SONERI BANK LIMITED through Principal Officers/ General Attorney,Lahore (Multan Bench),,2021L5029,,,,
3773af2d4e49e053f50cbb2c,other_uncertain,0.000,low,no_domain_support,FAQIR SHAH and another vs Mst. BAKHT BIBI (Widow) and 7 others,Peshawar,,2021P4021,,,,
37f03119a54c399727e2f16e,other_uncertain,0.000,low,no_domain_support,2010 C L D 1454,Competition Commission of Pakistan,,2010CCP5015,,,,
38c1bb034c9d4fca7ad47729,other_uncertain,0.000,low,no_domain_support,SHER ALI MIRWANI and 4 others vs AHMEDULLAH,,,2024Q16,,,,
39072dbb8cfd76b92de7fe79,other_uncertain,0.000,low,no_domain_support,2026 P T D 318,Lahore High Court,,2026L6010,,,,
399663aa93b40eae0ac061ed,other_uncertain,0.000,low,no_domain_support,2024 P L C (C,Balochistan High Court,,2024Q2017,,,,
3997da5ab3e20e1605b6d6f9,other_uncertain,0.000,low,no_domain_support,AKHTAR ALI vs MUHAMMAD YAAR,Lahore,2021-01-01,2021L4029,,,,
3a5ceac1364c73b53ebe6439,other_uncertain,0.000,low,no_domain_support,CRTG-MATRACON JV through Manager Legal vs FEDERAL EMPLOYEES BENEVOLENT FUND AND GROUP INSURANCE FUND (FEBFGIF),Islamabad,,2024I5015,,,,
3d0f2685652d23a8d8ca28be,other_uncertain,0.000,low,no_domain_support,"Dr. MAZHAR MAJID, M.D. through Attorney vs ATHER MAJID and 2 others",Sindh,,2021K4030,,,,
3d7623b6ece07c24a57cfa12,other_uncertain,0.000,low,no_domain_support,ATTORNEY GENERAL OF CANADA vs COLLINS FAMILY TRUST and another,,,2022SCC701,,,,
3dae336bc97f2725bbcdb01d,other_uncertain,0.000,low,no_domain_support,"TAHIR JAMEEL- vs LAHORE DEVELOPMENT AUTHORITY through Director General, Lahore and 2 others-",Lahore,2024-01-01,2024L249,,,,
3e3d64c1967827183c4fb0d0,other_uncertain,0.000,low,no_domain_support,2024 P T D 869,Lahore High Court,,2024L6027,,,,
3e861776772e11929ec45d94,other_uncertain,0.000,low,no_domain_support,"PAKISTAN TEHREEK-I-INSAF, through authorized person and others vs ELECTION COMMISSION OF PAKISTAN, through Special Secretary, Islamabad and others",Supreme Court of Pakistan,,2025S735,,,,
3ed55f4530f06cdab8e5939f,other_uncertain,0.000,low,no_domain_support,ORIENT POWER COMPANY (PRIVATE) LIMITED through Authorized Officer vs SUI NORTHERN GAS PIPELINES LIMITED through Managing Director,Supreme Court of Pakistan,,2021S5013,,,,
3f10cf813a1b478935c688dd,other_uncertain,0.000,low,no_domain_support,Dawa Khan and another vs Muhammad Izhar Khan,Peshawar,,2024P4050,,,,
3f2db3cb2acc06dd71e38562,other_uncertain,0.000,low,no_domain_support,2022 P L C (C,Lahore High Court,,2022L2002,,,,
3f4394e7ae9453c068e7bf3c,other_uncertain,0.000,low,no_domain_support,2023 P L C (C,Peshawar High Court (D.I. Khan Bench),,2023P2020,,,,
401dae629e5a5f3ace928fb1,other_uncertain,0.000,low,no_domain_support,Sind Local Government Ordinance (XII of 1979),Karachi,,1987KAR3002,,,,
4193abc06cd2a4c1913e4d2a,other_uncertain,0.000,low,no_domain_support,2023 P L C (C,Supreme Court of Pakistan,,2023S2044,,,,
422f30bd6862ef4ae0aae9a4,other_uncertain,0.000,low,no_domain_support,2021 P T D 227,Supreme Court of Pakistan,,2021S6002,,,,
426de378e57ceceb2488feaf,other_uncertain,0.000,low,no_domain_support,SHER ASFANDYAR KHAN and 3 others vs NEELOFAR SHAH and others,Supreme Court of Pakistan,,2025S5008,,,,
4468ca3d2c3f1d9c6f7aa1ab,other_uncertain,0.000,low,no_domain_support,2024 P L C (C,Gilgit-Baltistan Service Tribunal,,2024G2012,,,,
462cf73c6b6b7b7dcd5aa0c7,other_uncertain,0.000,low,no_domain_support,2025 P L C (C,Supreme Court (AJ&K),,2025SCAJK2010,,,,
462e2f34e40934a7a5dc6e80,other_uncertain,0.000,low,no_domain_support,"AHMAD SIKANDER vs COMMISSIONER INLAND REVENUE, AEOI ZONE, LAHORE",Supreme Court of Pakistan,,2025S720,,,,
47997b078842a5f141f63d37,other_uncertain,0.000,low,no_domain_support,MUHAMMAD ALI vs PROVINCE OF PUNJAB and others,Lahore,,2023L2539,,,,
47f530f901f5665edf5bac83,other_uncertain,0.000,low,no_domain_support,ZUBAIR ALI vs ELECTION COMMISSION OF PAKISTAN and others,Supreme Court of Pakistan,,2021S929,,,,
482d19242f4532da9389b91b,other_uncertain,0.000,low,no_domain_support,2023 P L C (C,Supreme Court (AJ&K),,2023SCAJK15001,,,,
485d3ae07bfa5e23966d5d33,other_uncertain,0.000,low,no_domain_support,MUHAMMAD USMAN and another- vs BIBI AMINA and others-,Balochistan,,2021Q223,,,,
48733a7f7b281b5f0f2a8487,other_uncertain,0.000,low,no_domain_support,"SHAHID ABBAS KHAN, SENIOR OFFICE ASSISTANT and 5 others- vs GOVERNMENT OF PAKISTAN, through Ministry of Commerce, Islamabad and 16 others-",Lahore (Multan Bench),,2022L209,,,,
49123ea9a746f682a050f097,other_uncertain,0.000,low,no_domain_support,"GOVERNMENT OF PAKISTAN through Secretary Establishment Division, Islamabad vs MUHAMMAD ISMAIL and another",Supreme Court of Pakistan,,2021S913,,,,
4915a25d3950a61cfedcdf12,other_uncertain,0.000,low,no_domain_support,MUHAMMAD SALAHUDDIN vs FEDERATION OF PAKISTAN through Secretary Production and Industries and 2 others,Sindh,,2023K2547,,,,
4a002327c746546059953464,other_uncertain,0.000,low,no_domain_support,"SUPREME COURT BAR ASSOCIATION OF PAKISTAN through its President vs FEDERATION OF PAKISTAN through Secretary Ministry of Interior, Islamabad and others",,,2024S88,,,,
4a0db40b0401fda6a78f2228,other_uncertain,0.000,low,no_domain_support,305,Inland Revenue Appellate Tribunal,,2026IRAT6012,,,,
4a3d6fd1dcf1e2d51a90456b,other_uncertain,0.000,low,no_domain_support,NASREEN QADRI and another vs MIAN BUX and others,Sindh (Hyderabad Bench),,2024K4045,,,,
4a78489fe917363d1f345040,other_uncertain,0.000,low,no_domain_support,2026 P L C (C,Supreme Court (AJ&K),,2026SCAJK2005,,,,
4b09cf3ee9ceb5b1b5d1acb4,other_uncertain,0.000,low,no_domain_support,"Messrs SHAHID GUL AND PARTNERS vs DEPUTY COMMISSIONER OF INCOME TAX, AUDIT-V, RTO, PESHAWAR",Supreme Court of Pakistan,,2021S707,,,,
4c2c9688b944f6d18008b402,other_uncertain,0.000,low,no_domain_support,2025 P L C (C,Islamabad High Court,,2025I2002,,,,
4c98525be2ba577bbc034b3a,other_uncertain,0.000,low,no_domain_support,"Mrs. NOOR AISHA and another vs FEDERATION OF PAKISTAN through Secretary, Cabinet Division and another",,,2024F4,,,,
4d050835d9d63fda89cb1a72,other_uncertain,0.000,low,no_domain_support,Messrs TOYOSHIMA & CO. LTD. vs KHAS TEXTILE MILLS (PVT.) LTD.,Sindh,,2026K5021,,,,
4d4dd07beb7673ce86f0de44,other_uncertain,0.000,low,no_domain_support,P L D 2026 Sindh 130,,,2026K15,,,,
4d819ee3672e3d9e169c5627,other_uncertain,0.000,low,no_domain_support,2024 P L C (C,Chief Court Gilgit-Baltistan,,2024G2001,,,,
4d9888d9e921c4062b306c3b,other_uncertain,0.000,low,no_domain_support,PAKISTAN MOBILE COMMUNICATION LIMITED (MOBILINK) through Authorized Attorney and others vs AZAD JAMMU AND KASHMIR ENVIRONMENTAL PROTECTION AGENCY through Director General and others,Environmental Tribunal (AJ&K),,2024ETAJK5001,,,,
4db79504576165be012a8649,other_uncertain,0.000,low,no_domain_support,"Ch. MUNIR AHMAD vs GOVERNMENT OF PUNJAB through Chief Secretary, Punjab Lahore and others",,2022-01-01,2022L30,,,,
4e22f36bdbb5d402dbc1cbb8,other_uncertain,0.000,low,no_domain_support,PHARMACY COUNCIL OF PAKISTAN through President Pharmacy Council Secretariat vs FARAZ LATIF and others,Supreme Court (AJ&K),,2022SCAJK2506,,,,
4ebc5fb9d1edc96031d61150,other_uncertain,0.000,low,no_domain_support,SHER ASFANDYAR KHAN and 3 others vs NEELOFAR SHAH and others,Supreme Court of Pakistan,,2025S878,,,,
4f6e64676ae69917fe904df9,other_uncertain,0.000,low,no_domain_support,ADIL KHAN BAZAI vs ELECTION COMMISSION OF PAKISTAN and another,,,2025S20,,,,
4f7ccb4b505c5da9a8cec005,other_uncertain,0.000,low,no_domain_support,Mian MUHAMMAD SHAFIQUE and others vs AZAD GOVERNMENT OF THE STATE OF JAMMU AND KASHMIR through Secretary Law and 10 others,,,2022HCAJK1,,,,
4fbc8e8e0910cbe1a6deeeb7,other_uncertain,0.000,low,no_domain_support,2023 P L C (C,Supreme Appellate Court Gilgit-Baltistan,2023-01-01,2023GBSAC15001,,,,
5022907092939a3cd2b38e45,other_uncertain,0.000,low,no_domain_support,"MUHAMMAD YOUNIS and another vs CHAIRPERSON INSURANCE TRIBUNAL, MULTAN and 2 others",Lahore (Multan Bench),,2026L5015,,,,
50ef38d721e026d2e61b77b3,other_uncertain,0.000,low,no_domain_support,2023 P L C (C,Supreme Court (AJ&K),,2023SCAJK15003,,,,
512b1d3dc414bbb6d1df84eb,other_uncertain,0.000,low,no_domain_support,2022 P L C 188,Sindh High Court,,2022K2202,,,,
513373db272614c928d7f807,other_uncertain,0.000,low,no_domain_support,Mohsin Lal Chaudhary vs Shoukat Ali and 15 others,Lahore (Rawalpindi Bench),2025-01-01,2025L2563,,,,
51a7e1b9af8765da0b450340,other_uncertain,0.000,low,no_domain_support,Syed AHMAD vs ALI AKBAR and others,Supreme Court of Pakistan,,2021S840,,,,
5253d443c86bbd14f0161ada,other_uncertain,0.000,low,no_domain_support,2023 P L C (C,Balochistan High Court,,2023Q2015,,,,
53ad548a8f95ce538549d539,other_uncertain,0.000,low,no_domain_support,2024 P L C (C,Sindh High Court (Sukkur Bench),,2024K2035,,,,
53b8fedc9e9d367b5e8b567d,other_uncertain,0.000,low,no_domain_support,Munir Gul and others vs Jehanzeb and others,Peshawar,,2024P2533,,,,
544f120f4bf139c4125f27ee,other_uncertain,0.000,low,no_domain_support,Raja ZAIN-UL-ABIDEN KHAN and others vs AZAD GOVERNMENT OF THE STATE OF JAMMU AND KASHMIR through Chief Secretary and others,High Court (AJ&K),,2023HCAJK4001,,,,
54fcdab3927a28031ce6e2ec,other_uncertain,0.000,low,no_domain_support,2021 P L C (C,Supreme Court (AJ&K),,2021SCAJK15002,,,,
556183ddc8cafd5474f7d81e,other_uncertain,0.000,low,no_domain_support,SAKHI MUHAMMAD (Deceased) through L.RS. vs Mst. MARIDAN MAI and others,Lahore,,2024L298,,,,
55def8091a6d6c955c2accc2,other_uncertain,0.000,low,no_domain_support,"MUHAMMAD RAMZAN and others vs MEMBER (JUDICIAL-II) BOARD OF REVENUE, PUNJAB, LAHORE and others",Supreme Court of Pakistan,,2025S724,,,,
55e69853bb68a3c2543ef844,other_uncertain,0.000,low,no_domain_support,2023 P T D (Trib,Customs Appellate Tribunal (Karachi Bench-III),,2023C6008,,,,
56699b6bdd45c814bd2de62f,other_uncertain,0.000,low,no_domain_support,2024 P T D 129,Islamabad High Court,,2024I6003,,,,
571c93540487f639f80179a4,other_uncertain,0.000,low,no_domain_support,GHULAM MUHAMMAD vs ZOHRAN BIBI and others,Supreme Court of Pakistan,,2021S705,,,,
581ba1e4fe0b4a96e5b20827,other_uncertain,0.000,low,no_domain_support,ABDUL RASHID and 4 others vs GOVERNMENT OF GILGIT BALTISTAN through Chief Secretary and 4 others,Gilgit-Baltistan Chief Court,,2021G4005,,,,
5834b3d841eabb766da8aaae,other_uncertain,0.000,low,no_domain_support,BOARD OF INTERMEDIATE AND SECONDARY EDUCATION RAWALPINDI through Chairman vs SADIA IQBAL,,,2025L59,,,,
59c5b483ed2b931dcc570b9f,other_uncertain,0.000,low,no_domain_support,Mst. Jameela Paracha vs Mst. Amna INayat and others,Peshawar,,2026P2515,,,,
5a1865cb5b7250048ec3bb59,other_uncertain,0.000,low,no_domain_support,305,,2021-01-01,2021S4,,,,
5a50c9c21d35aa6752f23940,other_uncertain,0.000,low,no_domain_support,"Mst. RAHEELA MALIK through Muhammad Atiq vs FEDERAL SECRETARY, MINISTRY OF RELIGIOUS AFFAIRS AND INTERFAITH HARMONY and 3 others",Lahore,,2021L4014,,,,
5b42de38ee86f7fe0e8723c3,other_uncertain,0.000,low,no_domain_support,"NAJEEBUL HAQ and others vs Messrs WORKS COOPERATIVE HOUSING SOCIETY, LTD through Administrator and others",Sindh,,2025K249,,,,
5ba694aa5263453c2155844a,other_uncertain,0.000,low,no_domain_support,2010 C L D 1271,Competition Commission of Pakistan,,2010CCP5010,,,,
5bc3a26d9e8e80fef037a398,other_uncertain,0.000,low,no_domain_support,"SHAH ZAMAN KHAN and others vs GOVERNMENT OF KHYBER PAKHTUNKHWA through Chief Secretary, Peshawar and others",,,2023S25,,,,
5d474cd1d803dc3021cc7c24,other_uncertain,0.000,low,no_domain_support,WEST WHARF WAREHOUSE COMPANY (PRIVATE) LIMITED vs FEDERATION OF PAKISTAN and others,Sindh,,2022K5019,,,,
5e144a88e5174e92e9c5bbd4,other_uncertain,0.000,low,no_domain_support,2021 P L C 67,Supreme Court of Pakistan,,2021S2201,,,,
5f83e9ec2933fe605ad24792,other_uncertain,0.000,low,no_domain_support,RAJA FAROOQ HAIDER KHAN vs Chaudhary ANWAR-UL-HAQ and others,High Court (AJ&K),,2026HCAJK202,,,,
60ccc4432e07a403effa70e9,other_uncertain,0.000,low,no_domain_support,MUJAHID HUSSAIN NAQVI vs REGISTRAR AZAD JAMMU AND KASHMIR SUPREME COURT and others,Supreme Court (AJ&K),,2021SCAJK2501,,,,
61a1111230eff7f6019c564e,other_uncertain,0.000,low,no_domain_support,"NAFEESA REHMAN vs The ELECTION TRIBUNAL BALOCHISTAN, QUETTA and 2 others",,,2025Q2,,,,
61f37127ad669b3e4944a131,other_uncertain,0.000,low,no_domain_support,Messrs NC ENTERTAINMENT (PVT.) LTD. and another vs CENTRAL BOARD OF FILM CENSORS (CBFC) and others,,,2026L4,,,,
630de750c9f78a633570ef38,other_uncertain,0.000,low,no_domain_support,"COMMISSIONER INLAND REVENUE (LEGAL), ISLAMABAD and another vs PAKISTAN LNG LIMITED and others",Supreme Court of Pakistan,,2026S736,,,,
632726eb3b2e174d0acfdfab,other_uncertain,0.000,low,no_domain_support,305,,,2023L60,,,,
634d9dbb9579829969ff4bf5,other_uncertain,0.000,low,no_domain_support,NAMOOS ZAHEER vs AZFAR HASNAIN and another,,,2023I15,,,,
637e74425dd9589be02dde19,other_uncertain,0.000,low,no_domain_support,2022 P T D (Trib,Inland Revenue Appellate Tribunal,,2022IRAT6029,,,,
63e56bc6d1e7ea0e98213118,other_uncertain,0.000,low,no_domain_support,Daroo Khan and 2 others vs Haji Abdul Zahir and 2 others,Balochistan,,2025Q4029,,,,
64a56a06053d802d861d0764,other_uncertain,0.000,low,no_domain_support,ABDUL MAJEED and others vs Haji HAQ NAWAZ,Supreme Court of Pakistan,,2026S721,,,,
64a9f7b86486328fcff72567,other_uncertain,0.000,low,no_domain_support,2010 C L D 1410,Competition Commission of Pakistan,,2010CCP5014,,,,
64c0ff6fa25840c38333f613,other_uncertain,0.000,low,no_domain_support,2023 P L C (C,High Court (AJ&K)),,2023HCAJK15004,,,,
65293843ca337140b7ea4026,other_uncertain,0.000,low,no_domain_support,Syed IKRAM MUSTAFA vs Mian WALI MUHAMMAD,Islamabad,2022-01-01,2022I2515,,,,
6574b439e54a763576e50e1d,other_uncertain,0.000,low,no_domain_support,AAM LOG ITEHAD and another vs The ELECTION COMMISSION OF PAKISTAN and others,,,2022S9,,,,
6594c61dbac1b6bb40308430,other_uncertain,0.000,low,no_domain_support,2025 C L D 355,Competition Commission of Pakistan,,2025CCP5002,,,,
65dbeb02c51e134dda48578c,other_uncertain,0.000,low,no_domain_support,2026 P T D 192,Supreme Court of Pakistan,,2026S6003,,,,
663e6f6fe67b55ad9a7e44d8,other_uncertain,0.000,low,no_domain_support,MUHAMMAD SALEEM (deceased) through Legal Heirs vs HABIB-UR-REHMAN,Lahore (Rawalpindi Bench),,2025L272,,,,
680221c0825de14581b2ae8b,other_uncertain,0.000,low,no_domain_support,KHALIL KHAN and another vs FAZALDAD KHAN and 4 others,High Court (AJ&K),,2022HCAJK4011,,,,
68441b3953d35889ab22c624,other_uncertain,0.000,low,no_domain_support,"NATIONAL COMMAND AUTHORITY through D.G. SPD, Rawalpindi and others- vs ZAHOOR AZAM and others-",Lahore (Rawalpindi Bench),,2024L201,,,,
69130c1c533969ad3fc20f63,other_uncertain,0.000,low,no_domain_support,"ABDUL REHMAN vs ADDITIONAL DISTRICT JUDGE-I, RAJANPUR and 2 others",Lahore (Multan Bench),,2022L2607,,,,
69e5b3c290e72866149ddf68,other_uncertain,0.000,low,no_domain_support,Ahmed Ali Talpur vs Sub-Registrar Latifabad and 3 others,Sindh (Hyderabad Bench),,2024K2583,,,,
6a690fa5e38f2498db6c9643,other_uncertain,0.000,low,no_domain_support,2022 P L C (C,Supreme Court of Pakistan,,2022S2056,,,,
6ad2725233aac962013d08e8,other_uncertain,0.000,low,no_domain_support,Muhammad Ikram and others vs Fazal-ur-Rehman and others,Peshawar,,2026P4001,,,,
6b236bed68a067ad45746b9c,other_uncertain,0.000,low,no_domain_support,Mst ASIA SHEHZADI vs GOVERNMENT OF PUNJAB and 5 others,Lahore (Multan Bench),,2022L4058,,,,
6b725eb2c5fbee9d38187fdd,other_uncertain,0.000,low,no_domain_support,RIZWAN AHMED- vs FEDERATION OF PAKISTAN and others-,Lahore (Rawalpindi Bench),,2024L281,,,,
6b73de02d687dc0a9cc36e14,other_uncertain,0.000,low,no_domain_support,SHAHID AKHTAR vs MUHAMMAD AZAM ABBAS,Lahore (Multan Bench),2022-01-01,2022L5034,,,,
6c07522375211ec83d025a89,other_uncertain,0.000,low,no_domain_support,"TEHSIL MUNICIPAL ADMINISTRATION (TMA) through Tehsil Municipal Officer TMA, Haripur vs RAJA KHAN and another-",Peshawar (Abbottabad Bench),,2023P220,,,,
6cb3ee2d86a47dd6aa10758b,other_uncertain,0.000,low,no_domain_support,NAZEER AHMED (DECEASED) through LRs vs SHAUKAT ALI (DECEASED) through L.Rs. and others,Lahore,,2022L2544,,,,
6d78ff5c685ecbd700d282c7,other_uncertain,0.000,low,no_domain_support,2021 P L C (C,High Court(AJ&K),,2021HCAJK15001,,,,
6d7f909a7d91c5976d8d3b93,other_uncertain,0.000,low,no_domain_support,2025 P L C (C,Gilgit-Baltistan Service Tribunal,,2025GBSAC2002,,,,
6dc73524656fb7ae3c3e6f15,other_uncertain,0.000,low,no_domain_support,Ms. NAHEEDA BASHIR vs GOVERNMENT OF PAKISTAN through Secretary Finance and 6 others,,,2024F5,,,,
6dcc9a37ddeb480e669227ca,other_uncertain,0.000,low,no_domain_support,2022 C L D 1068,Competition Commission of Pakistan,,2022CCP5012,,,,
6f0d6df61a28474f38d35384,other_uncertain,0.000,low,no_domain_support,Mohmand Developers JV M/S BLTB Construction Company (Pvt.) Ltd. through its CEO Engr. vs Government of Gilgit-Baltistan through Chief Secretary Gilgit-Baltistan and 2 others,Gilgit-Baltistan Chief Court,,2026G2504,,,,
6fa2ab60b77b5cf58a715cd5,other_uncertain,0.000,low,no_domain_support,Abdur Rehman Khan vs Shafqat Ali Khan and 2 others,Peshawar (Abbottabad Bench),,2024P4051,,,,
6ffed0dd572c697a579418be,other_uncertain,0.000,low,no_domain_support,Muhammad Ayaz and others vs Mukammil shah and others,Peshawar,,2026P4013,,,,
70baf0f7d2471fe4d2614755,other_uncertain,0.000,low,no_domain_support,"Dr. Ummara Munir vs Federation of Pakistan through Secretary Ministry of National Health Services, Regulation and Coordination (NHRSR&C), Government of Pakistan, Islamabad and others",Lahore,,2024L2545,,,,
70efa147dcf9500751ddcd84,other_uncertain,0.000,low,no_domain_support,"SPACECOM INTERNATIONAL, LLC through Special Attorney vs WATEEN TELECOM LIMITED",Lahore,,2025L5010,,,,
7166ef58b6e23886a9f5e04c,other_uncertain,0.000,low,no_domain_support,2023 P L C (C,High Court (AJ&K),,2023HCAJK15002,,,,
720b1f2275772219bd7abd55,other_uncertain,0.000,low,no_domain_support,2026 P L C (Labour) 107,Federal Constitutional Court,,2026F2201,,,,
7307004585c23a7d99ad41c7,other_uncertain,0.000,low,no_domain_support,"AKEEL AHMAD vs CHAIRMAN, PUNJAB PUBLIC SERVICE COMMISSION, LAHORE and others",,,2024L14,,,,
7324f90441dc1b8819e7e3dd,other_uncertain,0.000,low,no_domain_support,HAR LAL vs FEDERATION OF PAKISTAN and others,,,2024K9,,,,
73529ccd4ad02425937bd04d,other_uncertain,0.000,low,no_domain_support,Hayat Khan and others vs Kifayat and others,Peshawar,,2025P2520,,,,
742e7bbb822ec79d9f6c35ee,other_uncertain,0.000,low,no_domain_support,"KHAN BAHADAR and 6 others- vs SECRETARY, MINISTRY OF RELIGIOUS AFFAIRS AND INTERFAITH HARMONY, ISLAMABAD and others-",Lahore,,2022L208,,,,
743fec72909acf9eff71db6d,other_uncertain,0.000,low,no_domain_support,2021 P L C 93,Islamabad High Court,,2021I2205,,,,
74c2b51295d0d7363323cd4e,other_uncertain,0.000,low,no_domain_support,2023 P L C (C,Supreme Court of Pakistan,,2023S2029,,,,
7566a88d0becafef10345dff,other_uncertain,0.000,low,no_domain_support,2025 P L C 148,Peshawar High Court (Abbottabad Bench),,2025P2201,,,,
767520dd99323dd509f32c82,other_uncertain,0.000,low,no_domain_support,GHOSIA RIAZ vs JOINT ADMISSION COMMITTEE FOR ADMISSION IN MEDICAL COLLEGES OF AZAD JAMMU AND KASHMIR through Chairman and 4 others,,,2022HCAJK4,,,,
76fddeec051030f0d966e141,other_uncertain,0.000,low,no_domain_support,SHEHZAD ARSHAD vs PERVEZ ARSHAD and others,,,2024K39,,,,
7757fb4c7d05db9c50548849,other_uncertain,0.000,low,no_domain_support,"PUNJAB PROVINCIAL COOPERATIVE BANK LIMITED through Branch Manager Burewala District Vehari- vs MEMBER (COLONIES) BOARD OF REVENUE PUNJAB, LAHORE and 5 others-",Lahore (Multan Bench),,2023L254,,,,
7844f0579343a04a73c6405a,other_uncertain,0.000,low,no_domain_support,"MINISTRY OF KASHMIR AFFAIRS AND GILGIT BALTISTAN, GOVERNMENT OF PAKISTAN through Secretary and another vs Messrs ZK ASSOCIATES (PVT.) LIMITED through authorized Representative and 5 others",Supreme Court (AJ&K),,2021SCAJK4007,,,,
78471af16e905e5f30da8f59,other_uncertain,0.000,low,no_domain_support,2025 P L C (C,Sindh High Court,,2025K2045,,,,
78a4a53b3ce9c75fde96a7c5,other_uncertain,0.000,low,no_domain_support,"USMAN LATIF vs Messrs BASHIR JAMIL AND BROTHERS (PRIVATE) LIMITED, SIALKOT through CEO and others",Lahore,2026-01-01,2026L5006,,,,
78d594c4fe2e539f8c20faaa,other_uncertain,0.000,low,no_domain_support,2024 P L C (C,Sindh High Court,,2024K2004,,,,
7955e628ca7cf4bc67dde0a7,other_uncertain,0.000,low,no_domain_support,2025 C L D 1714,Sindh,,2025K5033,,,,
79bffe335ea5af6f7e5622a5,other_uncertain,0.000,low,no_domain_support,"HAMMAD HUSSAIN and others vs FEDERATION OF PAKISTAN through Secretary, Ministry of Law and Justice and others",emphasis added,,2023F7,,,,
7abb5aca95c17bde5b4f081a,other_uncertain,0.000,low,no_domain_support,"NADEEM SIDDIQUI, ADVOCATE SUPREME COURT vs ISLAMIC REPUBLIC OF PAKISTAN through Secretary Law and Justice","to the Gazette of Pakistan, Extraordinary, Part-I, dated the 24th May, 2018, containing the House Building Finance Corporation (Repeal) Act, 2018 (Act No.XXV of 2018)",,2023F4,,,,
7b550e832249f821d5361cc7,other_uncertain,0.000,low,no_domain_support,2025 P L C (C,Gilgit-Baltistan Service Tribunal,,2025G2001,,,,
7baeae35556e519e759025e8,other_uncertain,0.000,low,no_domain_support,"GOVERNMENT OF BALOCHISTAN through Additional Chief Secretary Development, P&D Department, Quetta and another vs MUHAMMAD AKHTAR and others",Supreme Court of Pakistan,,2025S791,,,,
7d8b0e4d550295f708c0e844,other_uncertain,0.000,low,no_domain_support,Messrs TELENOR PAKISTAN (PVT.) LIMITED through Manager Legal Affairs- vs PAKISTAN TELECOMMUNICATION AUTHORITY through Chairman,High Court (AJ&K),,2024HCAJK201,,,,
80430a8f5362f66f9e34714c,other_uncertain,0.000,low,no_domain_support,Mst. TAHIRA SAMINA and others vs JAVED SAEED TARIQ and others,Supreme Court of Pakistan,,2024S707,,,,
80c6ebbf23c8c237fae67248,other_uncertain,0.000,low,no_domain_support,ABDUL GHAFOOR vs The STATE/ABDUL RASHEED and others,"Board of Revenue, Punjab",,2026BRP205,,,,
80f7ad60f8a07779f0d04d9f,other_uncertain,0.000,low,no_domain_support,Dr. MAQBOOL KHAN vs MIR ALAM JAN KHAN,Peshawar,,2026P5001,,,,
819ace0aadad35f19f1c5576,other_uncertain,0.000,low,no_domain_support,Mian WAQAR UD DIN vs UNITED INDUSTRIES LIMITED through Chief Executive Officer and others,,,2026L21,,,,
81e5232ee19cca23a8e6a210,other_uncertain,0.000,low,no_domain_support,ATTA MUHAMMAD and others vs Mst. MUNIR SULTAN (DECEASED) through her LRs and others,Supreme Court of Pakistan,,2021S713,,,,
838714a621fbaca15c581efd,other_uncertain,0.000,low,no_domain_support,JUSTICE QAZI FAEZ ISA and others vs The PRESIDENT OF PAKISTAN and others,,,2021S19,,,,
83a8cb572e6cdef98440ffc2,other_uncertain,0.000,low,no_domain_support,"Messrs LIBERTY CAR PARKING (PVT.) LTD. through Director vs COMMISSIONER INLAND REVENUE (EX-COMMISSIONER OF INCOME TAX/WEALTH TAX), LAHORE and others",Supreme Court of Pakistan,,2021S764,,,,
847c1bbb3f6f441eeae6e953,other_uncertain,0.000,low,no_domain_support,Syed ASAD HUSSAIN and others vs Syed GHULAM KHITAB,Supreme Court of Pakistan,,2023S743,,,,
84942c6f1e760858d468fca1,other_uncertain,0.000,low,no_domain_support,FEDERAL BOARD OF REVENUE vs DEWAN SALMAN FIBER LTD. and others,Supreme Court of Pakistan,,2023S935,,,,
84a4106ed9862b5358919026,other_uncertain,0.000,low,no_domain_support,2024 P L C (C,Supreme Court of Pakistan,,2024S2035,,,,
852a9eff2446bcbdb103d372,other_uncertain,0.000,low,no_domain_support,Haji ABDUL HAKEEM and 3 others- vs RABIA and others-,Balochistan,,2021Q210,,,,
859ff6c70abdf9a8d4b94d83,other_uncertain,0.000,low,no_domain_support,SUNNI ITTEHAD COUNCIL and another vs ELECTION COMMISSION OF PAKISTAN and others,Stay application,,2025S11,,,,
861b9469b5f3d364856ea609,other_uncertain,0.000,low,no_domain_support,"ISLAMIC EDUCATION TRUST through General Secretary- vs PROVINCE OF SINDH through Secretary, Education and Literacy Department-",Sindh,,2022K209,,,,
8635515d4f8c539157cfb547,other_uncertain,0.000,low,no_domain_support,KASHMALI KHAN and others vs Mst. MALALA,Supreme Court of Pakistan,,2023S865,,,,
865aee1a59ea4a16645c7f4f,other_uncertain,0.000,low,no_domain_support,PAKISTAN DEFENCE OFFICERS HOUSING AUTHORITY through authorized agent vs PROVINCE OF SINDH through Secretary and 4 others,Sindh,,2025K244,,,,
87c17945452306174cd3c483,other_uncertain,0.000,low,no_domain_support,2024 P L C (C,Federal Shariat Court,,2024F2001,,,,
87f49b446611879051cdf466,other_uncertain,0.000,low,no_domain_support,FAYYAZ AHMED ABBASI- vs DISTRICT JUDGE MUZAFFARABAD and 5 others-,High Court (AJ&K),,2023HCAJK201,,,,
88031dda6683404800ddc0a3,other_uncertain,0.000,low,no_domain_support,P L D 2021 Supreme Court 391,Emphasis supplied,,2021S8,,,,
8843d012848c1f2518dc32f4,other_uncertain,0.000,low,no_domain_support,"Messrs INTEGRATED EQUITIES LIMITED vs DIRECTOR (ADJUDICATION-I), ADJUDICATION DIVISION",Securities and Exchange Commission of Pakistan,,2025SECP2014,,,,
893b1fcd9549fa2beb7432b4,other_uncertain,0.000,low,no_domain_support,Sheikh MUHAMMAD HAFEEZ- vs FEDERATION OF PAKISTAN and others-,Lahore (Rawalpindi Bench),,2024L250,,,,
8a29286d5341fbcfd7b6817a,other_uncertain,0.000,low,no_domain_support,ABID IQBAL ANSARI- vs Mirza NASEERUDDIN-,Sindh,,2021K239,,,,
8a324181b1182657202a87ff,other_uncertain,0.000,low,no_domain_support,2026 P T D 221,High Court (AJ&K),,2026HCAJK6001,,,,
8a41c91c0917497c29a76ddb,other_uncertain,0.000,low,no_domain_support,2025 C L D 1810,Supreme Court of Pakistan,,2025S5010,,,,
8a4ffb7d2fe5852db55d3fbc,other_uncertain,0.000,low,no_domain_support,"ISLAMABAD MARQUEES, CATERING AND BANQUET HALL ASSOCIATION (IMCBA) through Chairman vs FEDERATION OF PAKISTAN, through Deputy Director, (Operations), National Command and Operation Centre (NCOC) and 3 others",Islamabad,,2021I2504,,,,
8b163e76e5a31055ecc86d8d,other_uncertain,0.000,low,no_domain_support,2025 P L C (C,High Court (AJ&K),,2025HCAJK2001,,,,
8b7cf076a683ff88301d9294,other_uncertain,0.000,low,no_domain_support,"Mrs. SHAMSHAD BUTT- vs DEPUTY COMMISSIONER C.D.A., ISLAMABAD and 3 others-",Islamabad,,2023I206,,,,
8d35e3a889fd0edaf2faf457,other_uncertain,0.000,low,no_domain_support,National Highway Authority through General Manager (P.N) and another vs Ghulam Ali (deceased) through legal heirs and others,Lahore,2025-01-01,2025L2555,,,,
8ded78a0c0f4e2d579a78e8c,other_uncertain,0.000,low,no_domain_support,KHAIR MUHAMMAD and others vs HAYAT KHAN and others,Peshawar,,2026P205,,,,
8e46c8421b649e22203a98cb,other_uncertain,0.000,low,no_domain_support,The ADDITIONAL REGISTRAR COMPANY vs AL-QAIM TEXTILE MILLS LIMITED,Lahore (Rawalpindi Bench),2021-01-01,2021L5031,,,,
8e51580340114b361d61ce87,other_uncertain,0.000,low,no_domain_support,JUBILEE LIFE INSURANCE COMPANY (PVT) LTD vs ARSHAD KHAN,Peshawar,,2026P209,,,,
8e97aa6bf7fc5b589e12c1cb,other_uncertain,0.000,low,no_domain_support,2022 P L C (C,Lahore High Court (Rawalpindi Bench),,2022L2036,,,,
8ea74e77d4358d36a387475f,other_uncertain,0.000,low,no_domain_support,"NAVEED AKHTAR- vs SPECIAL JUDGE (RENT), SIALKOT and 2 others-",Lahore,,2021L242,,,,
8ec81e55ceb62e6fdd7b99e6,other_uncertain,0.000,low,no_domain_support,2024 P L C (C,Supreme Court of Pakistan,,2024S2017,,,,
8f6f4795db408c7d0faa57d1,other_uncertain,0.000,low,no_domain_support,SANA LATIF vs Mst. SADAQAT ABBASI and 8 others,,,2023SCAJK1,,,,
8fbcc625bd3bc1f4cb646765,other_uncertain,0.000,low,no_domain_support,"Abdullah Qamar vs nATIONAL uNIVERSITY OF mODERN lANGUAGEs, through Rector Numl Islamabad and 6 others",Islamabad,,2026I2504,,,,
901ce61e42cfcd1f33a55490,other_uncertain,0.000,low,no_domain_support,BAKHSHA (deceased) through Legal heirs and others vs Sh. QADIR BAKSH (deceased) through Legal heirs and others,Lahore (Multan Bench),2024-01-01,2024L4020,,,,
90c5b95dd8e89fc49a8b3347,other_uncertain,0.000,low,no_domain_support,2026 P L C (C,Sindh High Court (Hyderabad Bench),,2026K2009,,,,
9104a7d438f1d39313f38672,other_uncertain,0.000,low,no_domain_support,SHEHZAD ARSHAD vs PERVEZ ARSHAD and others,Sindh,,2024K5035,,,,
912dea5f246330d18c2b2dfc,other_uncertain,0.000,low,no_domain_support,2021 P T D 299,Supreme Court of Pakistan,,2021S6003,,,,
935929627f48caee1f2226a2,other_uncertain,0.000,low,no_domain_support,GHULAM RAZA and another- vs MUREED ABBAS and others-,Lahore,2023-01-01,2023L203,,,,
93cfc5211d93f3d34af9bfcb,other_uncertain,0.000,low,no_domain_support,Sharifan Bibi and others vs Muhammad Ismail (Deceased) through L.Rs. and others,Lahore,,2026L4001,,,,
94f4f4f9e99a22e0a75a6bfc,other_uncertain,0.000,low,no_domain_support,"TANVEER AHMED and another vs ADDITIONAL DISTRICT JUDGE, KASUR and others",Lahore,,2023L2514,,,,
95315b996e9f8d9bf8d332ba,other_uncertain,0.000,low,no_domain_support,TARIQ IQBAL MALIK vs Messrs MULTIPLIERZ GROUP PVT. LTD. and 4 others,Lahore (Rawalpindi Bench),,2022L5022,,,,
96b9e3e7729fa12f85e8cb64,other_uncertain,0.000,low,no_domain_support,2024 P L C (C,Supreme Appellate Court Gilgit-Baltistan,2024-01-01,2024GBSAC2001,,,,
96fbafa1dfe0c1ce938914e8,other_uncertain,0.000,low,no_domain_support,Messrs SHIFA HEALTH CARE (PVT.) LTD. through Director- vs SPECIAL JUDGE (RENT) LAHORE and 2 others-,Lahore,2022-01-01,2022L242,,,,
982df60c9e2562d1538fe355,other_uncertain,0.000,low,no_domain_support,2025 P L C (C,Chief Court Gilgit-Baltistan,,2025G2006,,,,
9a6696f225ee53339e0bb4f2,other_uncertain,0.000,low,no_domain_support,HABIB BANK LIMITED vs AMIN SOAP AND OIL INDUSTRIES (PVT.) LTD.,Sindh,,2024K5017,,,,
9c9a1489d92720fe1567afe2,other_uncertain,0.000,low,no_domain_support,Raja ZAIN AKBAR KHAN and another vs SECRETARY PUBLIC WORKS DEPARTMENT (PWD) AZAD GOVERNMENT OF THE STATE OF JAMMU AND KASHMIR and 6 others,,,2023HCAJK5,,,,
9ced2488da736a600f8cffa7,other_uncertain,0.000,low,no_domain_support,HAFEEZ ALI vs GHAFOOR AHMED and 2 others,Balochistan (Turbat Bench),,2023Q2528,,,,
9dba190c48bdb8b5e2ac769f,other_uncertain,0.000,low,no_domain_support,2025 P L C (C,Lahore High Court (Rawalpindi Bench),2025-01-01,2025L2019,,,,
9e1b377ccf7874efd538fa69,other_uncertain,0.000,low,no_domain_support,GUL YAR vs IZZAT GUL,Peshawar (Mingora Bench),,2024P4004,,,,
9ec21baf57652c8918d63fa7,other_uncertain,0.000,low,no_domain_support,ADIL KHALIL SATTAR through Special Attorney vs SAAD NASIM KHAN,Lahore (Rawalpindi Bench),,2025L255,,,,
9f7dc70d21b794959206d78e,other_uncertain,0.000,low,no_domain_support,"Sardar JAVAID SHARIF, ADVOCATE, HIGH COURT OF AJ&K and others vs GOVERNMENT OF THE STATE OF AZAD JAMMU AND KASHMIR through Chief Secretary and others",Supreme Court (AJ&K),,2021SCAJK4001,,,,
9fa8b671db00a53015b2fbf5,other_uncertain,0.000,low,no_domain_support,FAQIR HUSSAIN and another vs KHAN SHER,,,2025P29,,,,
9fe7f9d0fd3d4863a457be84,other_uncertain,0.000,low,no_domain_support,2022 P L C (C,High Court (AJ&K),,2022HCAJK2009,,,,
9ff5a4d029618c30a2617ef7,other_uncertain,0.000,low,no_domain_support,GUL SAHIB KHAN and 39 others- vs ABDUL RASHID KHAN and 23 others-,Peshawar (Bannu Bench),,2022P208,,,,
a0481619bddaf1d360e35a74,other_uncertain,0.000,low,no_domain_support,HALEEMA SHUJA vs Mst. Syeda MEHMOODA BEGUM (Deceased) through L.R. and others,,2021-01-01,2021L45,,,,
a07ea755c7e8ec0091a972bb,other_uncertain,0.000,low,no_domain_support,FIRST PAKISTAN SECURITIES LIMITED and another vs BANK ISLAMI PAKISTAN LIMITED,Lahore,2021-01-01,2021L5052,,,,
a08368e2553fcc5e392b48b3,other_uncertain,0.000,low,no_domain_support,GUL DIN KHAN and others vs Mst. KANEEZ BIBI (deceased) through legal heirs Imtiaz Hussain and others,"Board of Revenue, Punjab",,2026BRP206,,,,
a08889ed904e07b39fb7b253,other_uncertain,0.000,low,no_domain_support,POSCO INTERNATIONAL CORPORATION through Authorised Officer vs RIKANS INTERNATIONAL through Managing Partner/Director and 4 others,,,2023L10,,,,
a0b8d505c6b7942c2b5f22da,other_uncertain,0.000,low,no_domain_support,MUHAMMAD AKRAM RAHI vs The COPYRIGHT BOARD and others,Lahore,,2024L5039,,,,
a162d09f434fbfa2deef7eae,other_uncertain,0.000,low,no_domain_support,FAHEEM ARSHAD and others vs MANZOOR-UL-HAQ and others,Supreme Court of Pakistan,,2025S931,,,,
a1c8867622d8df76399fecc1,other_uncertain,0.000,low,no_domain_support,2023 P L C (C,High Court (AJ&K),,2023HCAJK15001,,,,
a2a6dfa73ef79be259e9d6a6,other_uncertain,0.000,low,no_domain_support,"IMRAN KHAN- vs CHAIRMAN ALLOTMENT COMMITTEE, (MINISTER FOR INDUSTRIES), AZAD GOVERNMENT OF THE STATE OF JAMMU AND KASHMIR, MUZAFFARABAD and 2 others",Supreme Court (AJ&K),,2022SCAJK201,,,,
a3eed2e57e4c6be27bb4b970,other_uncertain,0.000,low,no_domain_support,MUHAMMAD YASIR SAFEER MUGHAL vs FAYYAZ AHMED JANJUA and 6 others,,,2022SCAJK5,,,,
a4d8b3c0ae3e80185c743c35,other_uncertain,0.000,low,no_domain_support,Jameel Ahmed and others vs Hayat Muhammad Sher Pao and others,Sindh,,2024K2564,,,,
a4e4f7142462b304836e5f29,other_uncertain,0.000,low,no_domain_support,FALAK SHER and 2 others vs ABDUL AZIZ (DECEASED) through LRs and others,Lahore,,2024L2503,,,,
a4f335a376a7145ee1c95e70,other_uncertain,0.000,low,no_domain_support,2026 P L C (C,High Court (AJ&K),,2026HCAJK2001,,,,
a4f90b5918092b11fa617ecb,other_uncertain,0.000,low,no_domain_support,JUBILEE LIFE INSURANCE COMPANY (PVT) LTD vs ARSHAD KHAN,Peshawar,,2026P5002,,,,
a5b3b8c431bdc9b2ff933f1a,other_uncertain,0.000,low,no_domain_support,"MUBASHIR AHMAD ALMAS vs PROVINCE OF PUNJAB through Chief Secretary, Lahore and 8 others",,2021-01-01,2021L61,,,,
a6b654fa43459b7363f94ca5,other_uncertain,0.000,low,no_domain_support,Atif Khan vs Merja Din and others,Lahore,2024-01-01,2024L4078,,,,
a6bb6ff327050aede89d2737,other_uncertain,0.000,low,no_domain_support,P L D 2000 S C 225,Sindh,,2021K253,,,,
a6d1675deccf481f405666a9,other_uncertain,0.000,low,no_domain_support,NUNCHI MARINE PTE LTD. vs CNERGYICO PK LIMITED (formerly Byco Petroleum),,,2026K14,,,,
a740e49b99b693b24ffae122,other_uncertain,0.000,low,no_domain_support,"FAISAL MEHMOOD vs DISTRICT JUDGE, ISLAMABAD and 2 others",Islamabad,,2022I14001,,,,
a812d3bbb4f1c9a95d10cf84,other_uncertain,0.000,low,no_domain_support,Justice QAZI FAEZ ISA and others vs PRESIDENT OF PAKISTAN and others,"per Umar Ata Bandial, Sajjad Ali Shah, Munib Akhtar, Qazi Muhammad Amin Ahmed and Amin-ud-Din Khan, JJ.:",,2023S53,,,,
a908e88215bbc233cecef991,other_uncertain,0.000,low,no_domain_support,2025 P L C (C,Supreme Court (AJ&K),,2025SCAJK2002,,,,
aa033357c111424455efc2fa,other_uncertain,0.000,low,no_domain_support,SALEEM ISLAM vs Syed ZAFAR-UL-ISLAM and another,,,2022K32,,,,
aa49616dde42d6d2e5bd3364,other_uncertain,0.000,low,no_domain_support,Mst. SHAHNAZ BIBI and others vs OMBUDSPERSON (MOHTASIB) PUNJAB and others,Lahore,,2024L4029,,,,
aacb9e214e8c6312db65b0e2,other_uncertain,0.000,low,no_domain_support,2024 P T D 758,Lahore High Court,2024-01-01,2024L6023,,,,
ab51d0fae128029f151e48c4,other_uncertain,0.000,low,no_domain_support,2022 P L C (C,Lahore High Court (Multan Bench),,2022L2005,,,,
abe4261dd88999f4b3fffb0f,other_uncertain,0.000,low,no_domain_support,2025 P L C (C,Supreme Court of Pakistan,,2025S2024,,,,
ac022c5b38ec3f0fd596311f,other_uncertain,0.000,low,no_domain_support,2010 C L D 1586,Competition Commission of Pakistan,,2010CCP5017,,,,
ac2defeb67b88abe518989c2,other_uncertain,0.000,low,no_domain_support,Dr. NAFEES ZUBAIR and others- vs SAEEDA BANO and others-,Sindh,,2024K230,,,,
ac66f960a254c29e1dd2a958,other_uncertain,0.000,low,no_domain_support,ABDUL MAJID KHAN and 12 others vs and 14 others,"Provided further that the Refugees settled in Pakistan not holding State Subject certificate may be enrolled as voters, on production of the documentary evidence to establish their identity as State Subjects on certification of a Committee to be constituted by the Commission for each Constituency.",,2023HCAJK3,,,,
ace5be4db98cccf7c7ae581a,other_uncertain,0.000,low,no_domain_support,2022 P L C (C,High Court (AJ&K),,2022HCAJK2005,,,,
ad3242298fb95078eab11051,other_uncertain,0.000,low,no_domain_support,"NAEEM KHAN NIAZI and others vs FEDERATION OF PAKISTAN through Secretary, Ministry of Interior, Government of Pakistan, Islamabad and another",,,2026S7,,,,
adde3974334f1665c406bc2c,other_uncertain,0.000,low,no_domain_support,ABDUL HAMEED and another vs MUHAMMAD SHAKEEL SHAHID and 7 others,Lahore,,2023L2510,,,,
ae8b4b7e3497dba945856245,other_uncertain,0.000,low,no_domain_support,HUNANENG FUYUN PORT AND SHIPPING (PVT.) LTD. vs JIAOZUO CREATION HEAVY INDUSTRY COMPANY LTD.,,,2026K6,,,,
aefbe40cadb47bb3fe52dded,other_uncertain,0.000,low,no_domain_support,Syed MOHAMMAD RIZWAN SHAH and another vs AZAD GOVERNMENT OF THE STATE OF JAMMU AND KASHMIR through Chief Secretary and 5 others,High Court (AJ&K),,2022HCAJK4006,,,,
af4015abd3c4f8ff7a4fd7c7,other_uncertain,0.000,low,no_domain_support,2010 C L D 610,Competition Commission of Pakistan,,2010CCP5005,,,,
b0170f9c676579b0bc65af1a,other_uncertain,0.000,low,no_domain_support,XIAMEN GOLDEN DRAGON BUS COMPANY LTD. through Authorized Attorney and another vs SINDH INFRASTRUCTURE DEVELOPMENT COMPANY LTD. through Chief Operating Officer and 5 others,Sindh,,2021K4081,,,,
b13f61883cdc0045aed0fc51,other_uncertain,0.000,low,no_domain_support,"MUHAMMAD AFZAL CHAUDHRY and another vs FEDERATION OF PAKISTAN through Chairman Federal Land Commission, Islamabad and 7 others",Peshawar,,2023P4022,,,,
b1661d6f32f99a8a4b9f0657,other_uncertain,0.000,low,no_domain_support,"FRONTIER HOLDINGS LIMITED through Chief Executive, Islamabad and another vs PETROLEUM EXPLORATION PVT. LIMITED through Chief Executive Officer, Islamabad",Supreme Court of Pakistan,,2025S935,,,,
b2bb72324522e4db2689def4,other_uncertain,0.000,low,no_domain_support,"MRA SECURITIES LIMITED vs COMMISSIONER (SMD), SECP, ISLAMABAD",Securities and Exchange Commission of Pakistan,,2021SECP5003,,,,
b2f6fbbee5f6515f5831fc32,other_uncertain,0.000,low,no_domain_support,"Mst. MUSSARAT FAYYAZ and 4 others vs GOVERNMENT OF PAKISTAN through Secretary, Ministry of Law and Justice, Islamabad and 2 others",,,2025F2,,,,
b3cf06d0e2a661aadb2c3dc2,other_uncertain,0.000,low,no_domain_support,2023 P L C (C,Sindh High Court,,2023K2014,,,,
b48efbd6990b22ebe9d5678e,other_uncertain,0.000,low,no_domain_support,"ANWAR BAIG, CHAIRMAN CONSERVANCY MANAGEMENT COMMITTEE (CMC) and 4 others vs and 2 others",Islamabad,,2023I5009,,,,
b59a4a78d68ba7ee8dbcfc40,other_uncertain,0.000,low,no_domain_support,University of Punjab through Controller Examinations vs Abdul Majeed and 2 others,Lahore,,2024L2576,,,,
b620c883f43ef2752f09d52c,other_uncertain,0.000,low,no_domain_support,ABDUL KHALID vs HABIB BANK LIMITED and 11 others,Sindh,,2024K5008,,,,
b65cef649e103b10427b422a,other_uncertain,0.000,low,no_domain_support,2024 P L C (C,Chief Court Gilgit-Baltistan,,2024G2006,,,,
b74ac84f455de5758821af97,other_uncertain,0.000,low,no_domain_support,"PAK GULF CONSTRUCTION (PVT.) LIMITED, THE CENTAURUS MALL, ISLAMABAD vs CAPITAL DEVELOPMENT AUTHORITY through Chairman, Islamabad and others",Supreme Court of Pakistan,,2021S813,,,,
b7aa74753c1f2e2823c94666,other_uncertain,0.000,low,no_domain_support,COSCO SHIPPING PROJECT LOGISTICS CO. LIMITED vs SHANGHAI MARINE DIESEL ENGINE RESEARCH INSTITUTE and another,,,2026K8,,,,
b7fa77212f17ff62f750c4ce,other_uncertain,0.000,low,no_domain_support,SABIR ALI vs MUNAWAR and others,,2025-01-01,2025L22,,,,
b8d41ea36c6c556fcdc2c87a,other_uncertain,0.000,low,no_domain_support,2023 P L C (C,Peshawar High Court,,2023P15002,,,,
b906b7b06425a9d6c986db9d,other_uncertain,0.000,low,no_domain_support,AAMIR HAIDER BUTT through Special Attorney vs Messrs ENGAGE HUMAN RESOURCES and another,Sindh,,2026K226,,,,
b957d28ba3d311ca7c8f77d8,other_uncertain,0.000,low,no_domain_support,BASHIR AHMAD vs SHAUKAT ALI and 13 others,Lahore,,2026L210,,,,
b9a9144ebb3fae7707e7dcb2,other_uncertain,0.000,low,no_domain_support,"ALI GOHAR KHAN vs ELECTION COMMISSION OF PAKISTAN, ISLAMABAD and others",Supreme Court of Pakistan,,2024S948,,,,
bafe939b98b03ccd258b211b,other_uncertain,0.000,low,no_domain_support,BASHIR AHMAD ANJUM vs MUHAMMAD RAFFIQUE and others,Supreme Court of Pakistan,,2021S846,,,,
bc4a9c40da8d141d83783286,other_uncertain,0.000,low,no_domain_support,2022 P T D 1485,Lahore High Court,,2022L6038,,,,
bcc3c4ea87d993671831f339,other_uncertain,0.000,low,no_domain_support,"ABDUL RASHID ABBASI vs AUDIT DEPARTMENT OF AZAD JAMMU AND KASHMIR through Director General Audit Azad Jammu and Kashmir, Muzaffarabad and 7 others",,,2026HCAJK6,,,,
bdc653898a397ef587b53063,other_uncertain,0.000,low,no_domain_support,2025 P L C (C,Supreme Court (AJ&K),,2025SCAJK2006,,,,
bdd72ba69667256ca02b57ab,other_uncertain,0.000,low,no_domain_support,GHULAM DASTGIR SIDDIQUI and another vs Mst. ELIZBETH and another-,Lahore (Rawalpindi Bench),2024-01-01,2024L287,,,,
be0cb3745554c8ba788b25be,other_uncertain,0.000,low,no_domain_support,SHARE HOLDERS OF KARAKURAM CO-OPERATIVE BANK (KCBL) and others vs KARAKURAM CO-OPERATIVE BANK through Chief Secretary Gilgit-Baltistan as Ex-Officio Chairman KCBL and others,Gilgit-Baltistan Chief Court,,2021G5001,,,,
bf0601c21b4ffef43fc1e3f3,other_uncertain,0.000,low,no_domain_support,"Syed GHULAM SARWAR SHAH- vs FEDERATION OF PAKISTAN through Secretary Ministry of Housing and Work Government of Pakistan Islamabad, Pakistan and 13 others",Sindh,,2021K252,,,,
bf1d3f17010a0e7965b478dc,other_uncertain,0.000,low,no_domain_support,Syed ATIF RAZA SHAH vs Syed FIDA HUSSAIN SHAH and another,Supreme Court of Pakistan,,2022S907,,,,
c0ad2caf0dc7890736b5b1ac,other_uncertain,0.000,low,no_domain_support,DILSONS (PRIVATE) LIMITED and others vs SECURITIES AND EXCHANGE COMMISSION OF PAKISTAN and another,Lahore,2021-01-01,2021L5045,,,,
c19287f432ce76f525f8dd38,other_uncertain,0.000,low,no_domain_support,"CAPITAL VIEW POINT RESTAURANT (LA MONTANA), ISLAMABAD vs CAPITAL DEVELOPMENT AUTHORITY through Chairman, Islamabad and others",Supreme Court of Pakistan,,2024S954,,,,
c1c97dc850c829bb8ac2dddf,other_uncertain,0.000,low,no_domain_support,"Syed WAJID ALI RIZVI- vs X-RENT CONTROLLER, KARACHI EAST and 2 others-",Sindh,,2022K211,,,,
c1f63bc8599e7027e8ae8103,other_uncertain,0.000,low,no_domain_support,2024 P L C (C,Islamabad High Court,,2024I2003,,,,
c220e3edd8020dc31c5d0b4e,other_uncertain,0.000,low,no_domain_support,Sheikh NADEEM REHMAT through appointed attorney vs Mrs. ZARQA JAHANZEB and 4 others,,,2024K20,,,,
c30adefcdcb1eaca4df997fb,other_uncertain,0.000,low,no_domain_support,RAHIM DAD vs SAEEDA KHANUM,,,2023L45,,,,
c3672bf2a914f4940793bd3b,other_uncertain,0.000,low,no_domain_support,SHANGHAI MARINE DIESEL ENGINE RESEARCH INSTITUTE vs HUANENG FUYUN PORT AND SHIPPING (PVT.) LIMITED,Sindh,,2026K5007,,,,
c39029912c2981f777d2fc76,other_uncertain,0.000,low,no_domain_support,Mian LATIF SHAH- vs MUNIR KHAN and another-,Peshawar,,2021P219,,,,
c3de97b2a842f3c7a2cb1b3e,other_uncertain,0.000,low,no_domain_support,2023 P T D 576,Sindh High Court,,2023K6011,,,,
c3e74d6f13a231fbce95e8ea,other_uncertain,0.000,low,no_domain_support,"Ghulam Rabani Butt vs Managing Director Hydral Power Electric Board, Muzaffarabad and 3 others",High Court (AJ&K),,2025HCAJK4001,,,,
c436e8070302b8085b0e3b38,other_uncertain,0.000,low,no_domain_support,Rana MUNIR AHMED KHAN and another vs JAWAID SARWAR,,,2025K25,,,,
c4bbccaf705d8964f816bd06,other_uncertain,0.000,low,no_domain_support,YASIR NAWAZ and others vs HIGHER EDUCATION COMMISSION and others,,,2021S30,,,,
c53eb6fb2f2d428a18e4483b,other_uncertain,0.000,low,no_domain_support,305,,,2024S78,,,,
c5537a751d7158b1969e962b,other_uncertain,0.000,low,no_domain_support,2025 P L C (C,Sindh High Court (Mipurkhas Bench),,2025K2060,,,,
c6d6195ef7c8dba9901d71d0,other_uncertain,0.000,low,no_domain_support,Hafiz MUHAMMAD AMIR HUSSAIN vs SECURITIES AND EXCHANGE COMMISSION OF PAKISTAN and others,Islamabad,,2025I5012,,,,
c77f712eac28850ae5da9d51,other_uncertain,0.000,low,no_domain_support,2025 P L C (C,Supreme Court of Pakistan,,2025S2032,,,,
c8c5d2189183fe0ac31680e5,other_uncertain,0.000,low,no_domain_support,"Muhammad Yousaf vs Mst. Bashiran Bibi (deceased) through legal heirs, and others",Lahore (Multan Bench),,2024L4102,,,,
c8fcaa4f202f8f88975c4576,other_uncertain,0.000,low,no_domain_support,"The BANK OF PUNJAB through Authorized Representative vs OFFICE OF THE OMBUDSPERSON (MOHTASIB),PUNJAB and others",Lahore,,2022L2536,,,,
ca27a285e406dc24f74642c9,other_uncertain,0.000,low,no_domain_support,"Muhammad Ashiq Khan and 4 others vs Full Board of REvenue, Muzaffarabad and another",High Court (AJ&K),,2024HCAJK2501,,,,
ca6a680780fe793c033f71f8,other_uncertain,0.000,low,no_domain_support,REHMAT KARIM- vs GOVERNMENT OF GILGIT-BALTISTAN through Chief Secretary Gilgit-Baltistan and 4 others-,Chief Court Gilgit-Baltistan,,2024G2002,,,,
ca820b08abd50176cb7e7a40,other_uncertain,0.000,low,no_domain_support,"Khawaja AAMIR AHMED, ADVOCATE HIGH COURT OF AJ&K vs AZAD GOVERNMENT OF THE STATE OF JAMMU AND KASHMIR through Chief Secretary and 6 others",,,2022SCAJK6,,,,
cb5b8a19f6c10ce0bb84cce0,other_uncertain,0.000,low,no_domain_support,2025 P L C (C,Supreme Court (AJ&K),,2025SCAJK2008,,,,
cc06ce5d1556ca0b854f95b5,other_uncertain,0.000,low,no_domain_support,2021 P L C (C,Supreme Court (AJ&K),,2021SCAJK15008,,,,
cce6a1d83bb40e8bb69ca7e8,other_uncertain,0.000,low,no_domain_support,2025 P T D 231,Supreme Court of Pakistan,,2025S6002,,,,
cde74d8aae1113624469c8a9,other_uncertain,0.000,low,no_domain_support,2023 P L C 244,National Industrial Relations Commission,,2023N2204,,,,
cf2f394977ad711cae6036ef,other_uncertain,0.000,low,no_domain_support,NASEEB MASIH vs PRESIDENT OF PAKISTAN and others,,,2026L33,,,,
cf4ae141f8f0049b6bcaf276,other_uncertain,0.000,low,no_domain_support,MUBASHAR ALI vs TAHIR ISLAM and another,,,2026L25,,,,
cf962c0039bf59f47ce2c819,other_uncertain,0.000,low,no_domain_support,SHABBIR AHMED through legal heirs and another vs Messrs JS GLOBAL CAPITAL LIMITED through CEO,Sindh,,2025K5018,,,,
d08cafc2e60119acf7996e51,other_uncertain,0.000,low,no_domain_support,"SECRETARY, DEPARTMENT OF HIGHER EDUCATION, AZAD GOVERNMENT OF THE STATE OF JAMMU AND KASHMIR, MUZAFFARABAD vs JALIL-UR-REHMAN TAREEN and others",,,2026SCAJK5,,,,
d099b26d0e43468ed956e67c,other_uncertain,0.000,low,no_domain_support,Mian EJAZ AHMED and another vs MEEZAN BANK LIMITED,Sindh,,2021K5003,,,,
d09efdbd3a284e45f4677bb3,other_uncertain,0.000,low,no_domain_support,"Messrs AIR INDUS (PVT.) LTD.- vs PAKISTAN CIVIL AVIATION AUTHORITY, through Director General, PCAA, Terminal-1, Jinnah International Air Port, Karachi and -",Sindh,,2022K218,,,,
d16348e9216ccc1809b81f4e,other_uncertain,0.000,low,no_domain_support,"Ms. SHAHNAZ BUTT vs ISLAMABAD BAR ASSOCIATION through President, and 3 others",,,2021I11,,,,
d166efc38f8c09878c21b298,other_uncertain,0.000,low,no_domain_support,"GHULAM HUSSAIN vs RENT CONTROLLER, GUJRANWALA and another",Lahore,,2023L4044,,,,
d173baf2d069cc77d0a80771,other_uncertain,0.000,low,no_domain_support,2025 P L C (C,Supreme Court of Pakistan,,2025S2001,,,,
d19c3dc4d2d8850cd85f95e8,other_uncertain,0.000,low,no_domain_support,SAJJAD ALI and others vs Rana ISLAM DIN,"Board of Revenue, Punjab",,2025BRP201,,,,
d31979903846b739ecc052fd,other_uncertain,0.000,low,no_domain_support,HADAYAT ULLAH and others vs FEDERATION OF PAKISTAN and others,Supreme Court of Pakistan,,2022S970,,,,
d33b8b9ceeffa2b809441b0f,other_uncertain,0.000,low,no_domain_support,TASCO vs FRANZEN LANDBOUW C.V.,,,2026K12,,,,
d3e415b449201954fc130525,other_uncertain,0.000,low,no_domain_support,MUHAMMAD ALI vs JAFFAR ALI and 2 others,Lahore (Multan Bench),,2021L4012,,,,
d41700d4e67457775243b7b7,other_uncertain,0.000,low,no_domain_support,JUSTICE QAZI FAEZ ISA and others vs The PRESIDENT OF PAKISTAN and others,,,2021S22,,,,
d47254ab687dffbc0196e6f7,other_uncertain,0.000,low,no_domain_support,"MUHAMMAD IBRAR and 42 others- vs GOVERNMENT OF PUNJAB through Secretary, Ministry of Food Punjab and 4 others-",Lahore (Rawalpindi Bench),,2024L251,,,,
d533ad05e437f6554402a2d7,other_uncertain,0.000,low,no_domain_support,SIKANDAR AHMED GHOURI vs Syed RAFAT ABBAS JAFFERI and others,"(e) between a financing bank authorised under subsection (1) of section 34 and a person who is not a member of a society], [or] [(f) between two societies,] it shall be referred to the Registrar for decision by himself or his nominee, or if either of the parties so desires, to arbitration of three arbitrators who shall be the Registrar or his nominee and two persons of whom one shall be nominated by each of the parties concerned",,2025S35,,,,
d6891ffaec43618999702e1d,other_uncertain,0.000,low,no_domain_support,Qazi HUMAYUN vs Mst. SABIHA QAYUM and others,Supreme Court of Pakistan,,2023S5013,,,,
d6e9ecc99268b57e51abc7bf,other_uncertain,0.000,low,no_domain_support,"NADEEM UL ZAFAR KHAN vs RETURNING OFFICER, NA-47 and another",,,2024I8,,,,
d7599509fbe45e93cd1c3013,other_uncertain,0.000,low,no_domain_support,MUHAMMAD UMAR FAROOQ vs IRSHAAD BIBI,Lahore,,2025L287,,,,
d7b99335f83dec9d187e33e0,other_uncertain,0.000,low,no_domain_support,"MOMAN KHAN vs The PROVINCE OF PUNJAB through Senior Member Board of Revenue Punjab, Lahore and 17 others",,2026-01-01,2026L32,,,,
d8cc5f4523eaf7946b6cd782,other_uncertain,0.000,low,no_domain_support,2023 P T D 732,Lahore High Court,,2023L6020,,,,
d94364a96fe25afd038b8d5c,other_uncertain,0.000,low,no_domain_support,MOHAMMAD ISHFAQ AHMED vs MOHAMMAD FAROOQ and 8 others,High Court (AJ&K),,2026HCAJK206,,,,
d99f83eb61b65dee46a09c75,other_uncertain,0.000,low,no_domain_support,"MASTAN WALI KHAN vs PRIME MINISTER OF PAKISTAN/CHAIRMAN, GILGIT-BALTISTAN COUNCIL through Principal Secretary PM Secretariat and others",,,2026I7,,,,
d9ce90cd141d139a1be7530a,other_uncertain,0.000,low,no_domain_support,"Syed MUJAHID HUSSAIN SHAH vs DISTRICT JUDGE, MUZAFFARABAD and 12 others",,,2024HCAJK2,,,,
dcc4161af27e896f95fcbf1c,other_uncertain,0.000,low,no_domain_support,RIZWAN ALI SAYAL and others- vs FEDERATION OF PAKISTAN and others-,Lahore (Rawalpindi Bench),,2024L222,,,,
dd96c868d19a78e381e8dcc5,other_uncertain,0.000,low,no_domain_support,Messrs PANGRIO SUGAR MILLS LTD through duly Appointed Officer vs BANKERS EQUITY LIMITED (in liquidation) through Official Assignee and 5 others,Sindh,,2025K5023,,,,
ddcd9229dbdca7df5c2ad7b2,other_uncertain,0.000,low,no_domain_support,MUHAMMAD ARSAL vs Messrs SADIQ FEEDS (PVT.) LTD. and others,Lahore (Rawalpindi Bench),2025-01-01,2025L5037,,,,
df602fa95acc3701d513dfab,other_uncertain,0.000,low,no_domain_support,Syed NAJAF ALI SHAH through Legal Heirs- vs MUHAMMAD IQBAL and 2 others-,Sindh,,2022K262,,,,
e032d54ccd7f74e7425860b5,other_uncertain,0.000,low,no_domain_support,"GOVERNMENT OF KHYBER PAKHTUNKHWA through Secretary Agriculture, Peshawar and others vs TAHIR MUSHTAQ and others",Supreme Court of Pakistan,,2024S961,,,,
e04da018b7be751e52976063,other_uncertain,0.000,low,no_domain_support,2023 C L D 819,Lahore,,2023L5034,,,,
e185f338e05f53292aaa0e23,other_uncertain,0.000,low,no_domain_support,KHURSHEED BEGUM and 4 others vs FATEH MUHAMMAD KHAN BAJARANI and 2 others,Sindh,,2021K4027,,,,
e292e4d1989d857f9c885649,other_uncertain,0.000,low,no_domain_support,ADNAN AHMED vs PROVINCE OF SINDH through Chief Secretary to the Government of Sindh and 8 others,,,2022K54,,,,
e2e71a8a9a8aa57f8d3b0e23,other_uncertain,0.000,low,no_domain_support,Sheikh HAROON-UR-REHMAN vs MUHAMMAD RAFIQUE and others,Lahore (Rawalpindi Bench),,2022L207,,,,
e2f7ad0533229331366de295,other_uncertain,0.000,low,no_domain_support,ABDUL QADEER vs Mst. NAZIMA SHAHEEN and 4 others,,,2021P4,,,,
e34a6b5a0a23bc07e1d44b94,other_uncertain,0.000,low,no_domain_support,Sheikh AMEEN-UR-RASHEED vs Shaikh MAMON UR RASHEED and 4 others,Balochistan,,2023Q4037,,,,
e39e603434b45101647f4024,other_uncertain,0.000,low,no_domain_support,TARIQ ALI vs HILAL SHAH,Peshawar,,2025P205,,,,
e3ea4d78a8751d24f1b90b46,other_uncertain,0.000,low,no_domain_support,2025 P T D (Trib,Inland Revenue Appellate Tribunal,,2025IRAT6004,,,,
e479287d62b797adb1d501f9,other_uncertain,0.000,low,no_domain_support,"SALAH-UD-DIN and others vs GOVERNMENT OF PUNJAB through District Officer (Revenue), Jhang and others",Supreme Court of Pakistan,,2023S715,,,,
e47eb955d3d659435fdcd3c1,other_uncertain,0.000,low,no_domain_support,LAHORE and others vs RIAZ AHMED and 2 others,Supreme Court of Pakistan,,2024S802,,,,
e4c2d5190213842e430370fd,other_uncertain,0.000,low,no_domain_support,2021 P L C (C,Lahore High Court,,2021L2011,,,,
e514d5d25833a8831e5682e7,other_uncertain,0.000,low,no_domain_support,MISTARY SHAHID KARIM- vs ADDITIONAL DISTRICT JUDGE and others-,Lahore (Multan Bench),,2023L290,,,,
e587314bbaa4d57118da5949,other_uncertain,0.000,low,no_domain_support,Sind Rented Premises Ordinance (XVII of 1979)--,Karachi,,1987K2536,,,,
e5897aed3ed77bf9d41d5975,other_uncertain,0.000,low,no_domain_support,2024 P L C 155,Implementation Tribunal for Newspaper Employees,,2024ITNE2004,,,,
e5fd49c959039ab4d34b9064,other_uncertain,0.000,low,no_domain_support,2026 P L C (C,Islamabad High Court,,2026I2004,,,,
e64886f39ecded40934fda8b,other_uncertain,0.000,low,no_domain_support,2021 P L C (C,Islamabad High Court,,2021I2015,,,,
e67449616c8fe8287e92cee3,other_uncertain,0.000,low,no_domain_support,CITY OF TORONTO vs ATTORNEY GENERAL OF ONTARIO,"t]he connection between freedom of expression and the political process is perhaps the linchpin of the s. 2(b) guarantee, and the nature of this connection is largely derived from the Canadian commitment to democracy. Freedom of expression is a crucial aspect of the democratic commitment, not merely because it permits the best policies to be chosen from among a wide array of proffered options, but additionally because it helps to ensure that participation in the political process is open to all persons. Such open participation must involve to a substantial degree the notion that all persons are equally deserving of respect and dignity. [Emphasis added; pp. 763-64.",,2021SCC701,,,,
e68c63b06fd6e2ed123f31c7,other_uncertain,0.000,low,no_domain_support,MUHAMMAD RAZZAQ vs SURAYYA BIBI and 6 others,,2021-01-01,2021L69,,,,
e720987ac4b6e542c2fae93d,other_uncertain,0.000,low,no_domain_support,"NAQEEBULLAH EHSAS and others vs KHAIR MUHAMMAD ARIF, PRESIDENT PASHTO ACADEMY and others",Balochistan,,2025Q216,,,,
e75db3e4f4ac5929f17beabe,other_uncertain,0.000,low,no_domain_support,"SAFDAR ALI vs MEMBER (JUDICIAL-III), BOARD OF REVENUE, PUNJAB, LAHORE and another",Lahore (Multan Bench),2023-01-01,2023L4110,,,,
e7ccca92589a77c6ddb2192c,other_uncertain,0.000,low,no_domain_support,Messrs RAJBY INDUSTRIES KARACHI and others vs FEDERATION OF PAKISTAN and others,Supreme Court of Pakistan,,2023S894,,,,
e7d763bd39602cd3b03ac2f7,other_uncertain,0.000,low,no_domain_support,"FEDERATION OF PAKISTAN through the Secretary, Ministry of Law and Justice, Islamabad and others vs SUPREME JUDICIAL COUNCIL through Secretary, Supreme Court Building, Islamabad and others",Articles 178 and 194,,2024S49,,,,
e84bebad519f75a5b5c5aff8,other_uncertain,0.000,low,no_domain_support,"AMJAD ALI and others vs SECRETARY PUBLIC HEALTH ENGINEERING, KHYBER PAKHTUNKHWA and others",Peshawar (Mingora Bench),,2023P2546,,,,
e8bf49ea488c155fa92a71c0,other_uncertain,0.000,low,no_domain_support,Messrs AGMORE INTERNATIONAL (PVT.) LIMITED and 2 others vs BANK OF PUNJAB through Branch Manager and another,Lahore,2022-01-01,2022L5050,,,,
e9466fa08ebcc6a78410213c,other_uncertain,0.000,low,no_domain_support,ABDUL MAJEED vs AMJAD ALI,Sindh (Sukkur Bench),,2021K4023,,,,
ea444f6d76c353d238d3c021,other_uncertain,0.000,low,no_domain_support,Chaudhary MUHAMMAD UMAR and others vs SEEMA BEGUM and others,"Board of Revenue, Punjab",,2026BRP202,,,,
ea657a1200f20a845c414dda,other_uncertain,0.000,low,no_domain_support,2025 P L C (C,Sindh High Court (Sukkur Bench),,2025K2002,,,,
eafd911ded67e75ba9f29afa,other_uncertain,0.000,low,no_domain_support,GHULAM RAZA LATIF vs MUHAMMAD ABBAS KHAN and another,High Court (AJ&K),,2022HCAJK4005,,,,
eb1eb5be7810a20cd95ae195,other_uncertain,0.000,low,no_domain_support,MUHAMMAD SIDDIQUE- vs NASIR IQBAL and another-,Lahore (Rawalpindi Bench),2022-01-01,2022L262,,,,
eb22335ae6500f0eb1eb082e,other_uncertain,0.000,low,no_domain_support,Muhabbat Shah and others vs Saleem shah and others,Peshawar,,2024P4062,,,,
eb82fce5ace4d02505d90a24,other_uncertain,0.000,low,no_domain_support,"JUSTICE MOHSIN AKHTAR KAYANI, JUDGE and others vs The PRESIDENT OF PAKISTAN, PAK SECRETARIAT, ISLAMABAD and others",,,2025S43,,,,
ec03c6de4310caf509a24418,other_uncertain,0.000,low,no_domain_support,MUHAMMAD KHALID and others vs ADDITIONAL DISTRICT JUDGE and others,Lahore,,2022L2573,,,,
eca10eceb598cb33d8acd7d5,other_uncertain,0.000,low,no_domain_support,"SECRETARY TO GOVERNMENT OF KHYBER PAKHTUNKHWA COMMUNICATION AND WORKS DEPARTMENT, CIVIL SECRETARIAT, PESHAWAR and others vs INAYAT ULLAH and another",Supreme Court of Pakistan,,2026S778,,,,
ecc25f073e5cd943217f54b4,other_uncertain,0.000,low,no_domain_support,2023 P L C (C,Chief Court Gilgit-Baltistan,,2023G2003,,,,
ece3411cddf23b8e0f897c83,other_uncertain,0.000,low,no_domain_support,VICE-CHAIRMAN PUNJAB BAR COUNCIL and others vs GOVERNMENT OF THE PUNJAB and others,,2021-01-01,2021L46,,,,
ed9257f3b9ee0d7e6e6d27f5,other_uncertain,0.000,low,no_domain_support,JUNAID ABBASI vs AZAD GOVERNMENT OF THE STATE OF JAMMU AND KASHMIR through Chief Secretary and 3 others,,,2023HCAJK14,,,,
ef117e0f7f7f3699eff0f649,other_uncertain,0.000,low,no_domain_support,2022 P T D 1510,Lahore High Court,2022-01-01,2022L6040,,,,
ef4f1cfd3eff92565684c13e,other_uncertain,0.000,low,no_domain_support,ZAFAR IQBAL and another vs Syed RIAZ HUSSAIN SHAH and others,Supreme Court of Pakistan,,2025S797,,,,
f0abb1b24697c0a66f8b8f4e,other_uncertain,0.000,low,no_domain_support,2025 P L C (C,Supreme Court of Pakistan,,2025S2023,,,,
f105b028dcbe03809656debb,other_uncertain,0.000,low,no_domain_support,NUNCHI MARINE PTE LTD. vs CNERGYICO PK LIMITED (formerly Byco Petroleum),Sindh,,2026K5010,,,,
f189991229b9fc8bad111994,other_uncertain,0.000,low,no_domain_support,"CHURCH MISSIONARY TRUST ASSOCIATION through Authorized representative vs FEDERATION OF PAKISTAN through Ministry of Religious Affairs, Islamabad and others",,,2022Q4,,,,
f2e5e5467348e8bff1943e59,other_uncertain,0.000,low,no_domain_support,Qazi HUMAYUN vs Mst. SABIHA QAYUM and others,Supreme Court of Pakistan,,2023S911,,,,
f3112152b4fff169016489ad,other_uncertain,0.000,low,no_domain_support,NATIONAL TILES AND CERAMICS LTD. and another vs SINDH BANK LIMITED and 9 others,Sindh,,2024K5006,,,,
f3a4bc2162891e0423542625,other_uncertain,0.000,low,no_domain_support,"Mst. RAANA ALWI and another vs DISTRICT AND SESSIONS JUDGE, EAST KARACHI and 8 others",underlining added for emphasis,,2023K26,,,,
f4bce503dc18feb7d5940fef,other_uncertain,0.000,low,no_domain_support,"CHIEF OFFICER, TEHSIL MUNICIPAL ADMINISTRATION, VEHARI- vs ABDUL JABBAR and 88 others-",Lahore (Multan Bench),2020-01-01,2024L205,,,,
f4d6522b32b49debd5c8501b,other_uncertain,0.000,low,no_domain_support,MUHAMMAD AKRAM (Deceased) through Legal Heirs vs ALLIED BANK LIMITED through Branch Manager,Lahore (Multan Bench),2024-01-01,2024L5044,,,,
f5bc95757cbf60c2fd91d7d5,other_uncertain,0.000,low,no_domain_support,"Raja Abdul Ghafoor vs Province of Punjab through District Collector, Rawalpindi",Lahore (Rawalpindi Bench),2024-01-01,2024L2587,,,,
f5d6768250251a457b7bc76f,other_uncertain,0.000,low,no_domain_support,2025 P L C (C,Supreme Court (AJ&K),,2025SCAJK2004,,,,
f643304a9fbe86f4782232c1,other_uncertain,0.000,low,no_domain_support,FAROOQ AHMED BUTT vs and 8 others,Supreme Court (AJ&K),,2022SCAJK2505,,,,
f6c6d85902737d8fafe711e4,other_uncertain,0.000,low,no_domain_support,CHINA INTERNATIONAL WATER AND ELECTRIC CORPORATION (CWE) P.R. CHINA vs NATIONAL HIGHWAY AUTHORITY,Islamabad,,2023I5013,,,,
f6eb82c54847b98d5703ed4b,other_uncertain,0.000,low,no_domain_support,"Affeera Abbasi vs University of Azad Jammu and Kashmir through its Registrar Muzaffarabad, Azad Jammu and Kashmir and others",High Court (AJ&K),,2025HCAJK2508,,,,
f73f9eb8286309eb5d98ea2d,other_uncertain,0.000,low,no_domain_support,2024 P L C (C,Lahore High Court (Bahawalpur Bench),,2024L2006,,,,
f79c18dfb296e31c60dd6a01,other_uncertain,0.000,low,no_domain_support,2024 P L C (C,High Court (AJ&K),,2024HCAJK2002,,,,
f8ac15721df01d960139f086,other_uncertain,0.000,low,no_domain_support,NATIONAL HIGHWAY AUTHORITY (NHA) through Chairman vs Messrs SAMBU CONSTRUCTION CO. LIMITED and 2 others,Islamabad,,2023I5005,,,,
f8b11b5d8a4e775f0edc4aa0,other_uncertain,0.000,low,no_domain_support,2025 P L C 58,Implementation Tribunal for Newspaper Employees,,2025ITNE2203,,,,
f8bb31a05247ba211382a4fa,other_uncertain,0.000,low,no_domain_support,"MUHAMMAD SULEMAN and others vs MEMBER (JUDICIAL-II), B.O.R. and others",Lahore (Bahawalpur Bench),,2023L4057,,,,
f8fbfcda0abe34a327cada43,other_uncertain,0.000,low,no_domain_support,Messrs FAROOQ BROTHERS and others vs UNITED BANK LIMITED and others,PLD 1986 SC 360 Page 465,,2023F2,,,,
fa3178d2c8b1d9e985e9c344,other_uncertain,0.000,low,no_domain_support,"EVACUEE TRUST PROPERTY BOARD, GOVERNMENT OF PAKISTAN through Assistant Administrator vs WAHABUDDIN and others",Sindh (Hyderabad Bench),,2024K4025,,,,
faaa3d1f15aacaf196017dcd,other_uncertain,0.000,low,no_domain_support,"ATLAS HONDA CARS (PAKISTAN) LIMITED vs FEDERATION OF PAKISTAN, through Secretary Ministry of Law and Justice and others",Lahore,,2026L5014,,,,
fadd4db155880a19c22b5d89,other_uncertain,0.000,low,no_domain_support,"FAYYAZ ALI KHAN vs FEDERATION OF PAKISTAN through Secretary Law and Justice Division, Islamabad",,,2024F7,,,,
fb23dd7cb722424aaea9c576,other_uncertain,0.000,low,no_domain_support,Port Qasim Act (XXV of 1973)--,Karachi,,1987KAR3078,,,,
fb916c93fdf04b7fa5fcf307,other_uncertain,0.000,low,no_domain_support,"Sahibzada Ayub Khan Abbassi and 2 others vs Government of Pakistan, States and Frontier Region Division Islamabad through Secretary and others",Islamabad,,2026I2507,,,,
fc4dcc5ab9b6443cce3ec7e5,other_uncertain,0.000,low,no_domain_support,"KHALID MEHMOOD vs PAKISTAN, through Secretary, Ministry of Finance and others",,,2026FCC1,,,,
fc4ef89486b394c3f6fb151a,other_uncertain,0.000,low,no_domain_support,"MUSHTAQ AHMED through duly Constituted Attorney vs FEDERATION OF PAKISTAN through Secretary Ministry of Religious Affairs and Interfaith Harmony, Islamabad and 2 others",Sindh,,2024K246,,,,
fd48cb44935732ed061992cc,other_uncertain,0.000,low,no_domain_support,SAJJAD and another vs MUHAMMAD YOUNAS KHILJI and 2 others,Islamabad,,2021I2534,,,,
fdf31d8a67770eca8427d96c,other_uncertain,0.000,low,no_domain_support,"CENTER FOR RULE OF LAW ISLAMABAD, PAKISTAN through its President and another vs FEDERATION OF PAKISTAN through Secretary and others",,,2026I15,,,,
fdf45a5f1f8422ab7f365a7a,other_uncertain,0.000,low,no_domain_support,"FAYYAZ AHMED JANJUA, ADVOCATE, SUPREME COURT OF AJ&K and 2 others vs LEGISLATIVE ASSEMBLY OF AZAD JAMMU AND KASHMIR through Speaker Legislative Assembly and 3 others",,,2021HCAJK1,,,,
fdf84dd91afc0a77ce536a9f,other_uncertain,0.000,low,no_domain_support,MUHAMMAD AKRAM- vs LIAQAT ALI KHAN and another-,Islamabad,,2024I207,,,,
fe066063cc40a79fb6842730,other_uncertain,0.000,low,no_domain_support,Messrs 7SKY DIGITAL MARKETING (PVT.) LIMITED through authorized representative vs Messrs ASR BUILDERS through L.Rs. and others,Lahore (Rawalpindi Bench,,2025L5019,,,,
ff9d11200cc7ed94c0bf3047,other_uncertain,0.000,low,no_domain_support,"SANGU TRAVELS TRANSPORT (PRIVATE) LTD. through Owner/Managing Director and another vs SENIOR MEMBER, BOARD OF REVENUE/APPELLATE TRANSPORT AUTHORITY AZAD JAMMU AND KASHMIR MUZAFFARABAD and others",,,2026HCAJK2,,,,
ffe927f55b46f989f38ef04c,other_uncertain,0.000,low,no_domain_support,AZAD GOVERNMENT and others vs MUHAMMAD IQBAL KHAN and others,Supreme Court (AJ&K),,2026SCAJK205,,,,
07a269a670cb27dfd3ef17de,other_uncertain,0.240,low,uncertain_domain,2025 P T D 473,High Court (AJ&K,,2025HCAJK6001,,,,
1d09711525baf9074bcebe27,other_uncertain,0.251,low,uncertain_domain,Mst. SHAHNAZ BEGUM and others vs ADDITIONAL DISTRICT JUDGE and others,,2021-01-01,2021L9,,,,
332618b240d6c5d272d7859b,other_uncertain,0.251,low,uncertain_domain,RAZIA BIBI vs ADDITIONAL DISTRICT JUDGE and others,Lahore (Bahawalpur Bench),,2026L221,,,,
05b1609427f8fc5e90f3a64a,other_uncertain,0.265,low,uncertain_domain,Syed KAUSAR ALI SHAH and others vs Syed FARHAT HUSSAIN SHAH and others,Supreme Court of Pakistan,,2022S954,,,,
1ed89ab360ac43b99ad8b990,other_uncertain,0.265,low,uncertain_domain,MUHAMMAD ASIF KAMAL PASHA vs PARVEEN AKHTAR and others,Peshawar (D.I.Khan Bench),,2026P214,,,,
23460ba946d11c90fde57fd8,other_uncertain,0.265,low,uncertain_domain,Mrs. NASIRA KHALIQUE and 7 others vs Mst. RABIA SHARIF through L.Rs.,Sindh,,2022K4047,,,,
4cdf9d96f19c727c50b50770,other_uncertain,0.265,low,uncertain_domain,Mian ZAHID DAULTANA vs Begum TEHMINA DAULTANA and 5 others,,,2022L4,,,,
5153e2dc34be7d5f00ac1223,other_uncertain,0.265,low,uncertain_domain,Mst. SAIDAN (widow) and others vs MUHAMMAD YOUSAF and 2 others,Lahore (Multan Bench),2024-01-01,2024L4064,,,,
523a22942d25d00dd36e26fa,other_uncertain,0.265,low,uncertain_domain,2024 M L D 75,Islamabad,,2024I2502,,,,
85a9a57cf14b02fcce78e48b,other_uncertain,0.265,low,uncertain_domain,HAYAT (DECEASED) through L.Rs vs Mst. FATEH KHATOON,Lahore (Rawalpindi Bench),,2023L2533,,,,
86c40a67d61b0b617538d49d,other_uncertain,0.265,low,uncertain_domain,Syed UZAIR SHAH and others vs Mst. SURRIYA BEGUM (late) through LRs and others,,,2025S27,,,,
89cf9bfcfd0f4bfcc2f498d3,other_uncertain,0.265,low,uncertain_domain,2002 P L C (C,Lahore High Court (Multan Bench),,2022L2042,,,,
9c34d8db184688995585e048,other_uncertain,0.265,low,uncertain_domain,SADAF YOUNAS vs MUHAMMAD USMAN FAROOQ,Lahore,,2021L4062,,,,
d473dfbeaa297652da2447fa,other_uncertain,0.265,low,uncertain_domain,Rehana Shafqat vs Afira Butt and others,Lahore,2024-01-01,2024L2548,,,,
fde8ef578a7ff9d980d0caff,other_uncertain,0.265,low,uncertain_domain,2024 P L C (C,Lahore High Court,2024-01-01,2024L2032,,,,
023ace82bde29f30459a9e48,other_uncertain,0.270,low,uncertain_domain,MUHAMMAD IFTIKHAR ABBASI vs Mst. NAHEED BEGUM and others,Supreme Court of Pakistan,,2022S869,,,,
1756f2f5ec40415b8b56565d,other_uncertain,0.270,low,uncertain_domain,Muhammad Anwar through LRs and others vs Ali Sher and others,Peshawar (Mingora Bench),,2024P4048,,,,
1889cff7244d32897cefa322,other_uncertain,0.270,low,uncertain_domain,"KHAN BAHADUR LUND vs FEDERATION OF PAKISTAN through Chairman, NADRA, Islamabad and 3 others",Sindh (Sukkur Bench),,2025K242,,,,
2980186ad04b81a9f926a2b5,other_uncertain,0.270,low,uncertain_domain,"MUHAMMAD RAMZAN vs ADDITIONAL DISTRICT JUDGE, SHUJABAD and others",Lahore (Multan Bench),,2025L285,,,,
4a64ac350615702d1b446a44,other_uncertain,0.270,low,uncertain_domain,FAZAL DAD and another- vs ALLAH DAD and 20 others-,Peshawar,,2021P212,,,,
526f7718dd13a7d1eb7745ff,other_uncertain,0.270,low,uncertain_domain,Saeed Zahir Zada vs Federation of Pakistan through Secretary Ministry of Interior and another,Islamabad,,2025I2511,,,,
646bad231407329d60335299,other_uncertain,0.270,low,uncertain_domain,2022 P L C (C,Lahore High Court (Multan Bench),,2022L2003,,,,
68c66b449e0327acde693ced,other_uncertain,0.270,low,uncertain_domain,2024 S C M R 880,Supreme Judicial Council,,2024SJC701,,,,
69688dd03040c535368fb8f9,other_uncertain,0.270,low,uncertain_domain,Muhammad Irfan Butt and another vs Aliya Nawaz,Lahore,,2026L2548,,,,
69d7dadb5bfd1d61372b167c,other_uncertain,0.270,low,uncertain_domain,HAFEEZULLAH and 2 others- vs Dr. MUNIR AHMED and another-,Balochistan,,2023Q222,,,,
9d583ba87afec85a817921fd,other_uncertain,0.270,low,uncertain_domain,"SHAHIDA PERVEEN vs PROVINCE OF PUNJAB through District Officer Revenue, District Mandi Baha-ud-Din and others",Lahore,,2023L2570,,,,
9e0798581bf03f81145cbce2,other_uncertain,0.270,low,uncertain_domain,KHADIM HUSSAIN RAJPAR and another- vs MUHAMMAD IBRAHIM RAJPAR and others-,Sindh (Sukkur Bench),,2024K205,,,,
a31edf6d7de476197188ce52,other_uncertain,0.270,low,uncertain_domain,Mst. NAZEERAN and others vs ALI BUX and others,Supreme Court of Pakistan,,2024S856,,,,
a8c3f50966bb3bc24dda0d03,other_uncertain,0.270,low,uncertain_domain,Mst. AKHTAR SULTANA vs Major Retd. MUZAFFAR KHAN MALIK through his legal heirs and others,,,2021S27,,,,
adb3c6e6b0b63412378fa891,other_uncertain,0.270,low,uncertain_domain,ABDUL SALEEM and another vs ABDUL AZIZ and 2 others,Balochistan,,2021Q2517,,,,
c0d0e78da9c4752e21b4fd57,other_uncertain,0.270,low,uncertain_domain,Mst. RESHAM BEGUM (deceased) through L.Rs. vs KENTH and others,Lahore (Multan Bench),,2024L4003,,,,
d06ec735c34e6199731e0ab9,other_uncertain,0.270,low,uncertain_domain,"FARAH MAZHAR and 3 others vs FEDERATION OF PAKISTAN through Secretary, Ministry of Interior, Islamabad and 2 others",,,2022L10,,,,
de220e382cdc7ac0e74d7608,other_uncertain,0.270,low,uncertain_domain,GUL MAST KHAN and 5 others- vs ISRAR and 15 others-,Peshawar,,2021P224,,,,
e3e56d43f53632470e5c29ab,other_uncertain,0.270,low,uncertain_domain,Mst. SHAHIDA PARVEEN through Legal Heirs and others- vs SAEED AHMED and others-,Islamabad,,2023I214,,,,
fc12ef8ddda8511a4cb732e0,other_uncertain,0.270,low,uncertain_domain,2025 P L C (C,Islamabad High Court,,2025I2005,,,,
58a9d7f0d1160b83fb41659f,other_uncertain,0.285,low,uncertain_domain,JUDGMENT,,,2004S40,,,,
36504a04877978736b6a22d5,other_uncertain,0.293,low,uncertain_domain,1995 M L D 1032,Lahore,1995-01-01,1995L2631,,,,
62ddc7df9468059def41b59f,other_uncertain,0.293,low,uncertain_domain,Amanat Ullah Khan vs Waseem Iqbal and others,Islamabad,2024-01-01,2024I2514,,,,
7e74be7590fc8bcd790313c2,other_uncertain,0.293,low,uncertain_domain,Mst. LAILAN KHATOON and another vs IMRAN ALI and others,Sindh (Hyderabad Bench),,2022K2552,,,,
a29a765162c9c89c0fe8dbfc,other_uncertain,0.293,low,uncertain_domain,"NATIONAL DATABASE AND REGISTRATION AUTHORITY (NADRA) through Registrar General, Islamabad Administration and 4 others vs AMAR PARKASH and 12 others",,,2025K30,,,,
aa9bc61e9eddfd9bf96dd544,other_uncertain,0.293,low,uncertain_domain,IFTIKHAR ALI and others vs RIAZ-UL-HAQ alias RIAZ AHMED and others,Lahore (Bahawalpur Bench),,2023L4045,,,,
21ad7d0a160017b026ed8fa0,other_uncertain,0.298,low,uncertain_domain,P L D 1996 Lahore 58,,,1996L9,,,,
7fd7b34c6e9bbc62c91cf43c,other_uncertain,0.315,low,uncertain_domain,2023 P L C (C,Balochistan High Court,,2023Q2003,,,,
ce05cce61cec86c11a9c2983,other_uncertain,0.315,low,uncertain_domain,AKHTAR MUHAMMAD- vs SHABANA and another-,Balochistan,,2022Q225,,,,
d3e10ffa677f96f35ad04a8a,other_uncertain,0.315,low,uncertain_domain,AKBAR ALI and another- vs KHAIR MOHAMMAD and 37 others-,Peshawar,,2021P210,,,,
010e21c7b0ccb229d0be255e,other_uncertain,0.319,low,uncertain_domain,MUHAMMAD SIDDIQUE (deceased) through L.Rs.- vs MUHAMMAD YAQOOB and others-,Lahore,2024-01-01,2024L286,,,,
0bd78200abf0c81a7dc73064,other_uncertain,0.319,low,uncertain_domain,BAHADUR KHAN and 6 others vs MUHAMMAD ANWAR and others,Balochistan,,2023Q2505,,,,
25f32f4724d1631f0019abc2,other_uncertain,0.319,low,uncertain_domain,Muhammad Yousuf Barakzai vs Ms. Gulnar and others,Sindh,,2024K2579,,,,
2f22f6e6914591dc71069fc9,other_uncertain,0.319,low,uncertain_domain,MUHAMMAD ALAM and another- vs ABDUL KAREEM and others-,Balochistan,,2024Q204,,,,
7a361e36e3fedf713ba15b6a,other_uncertain,0.319,low,uncertain_domain,"IRUM MALIK vs FEDERATION OF PAKISTAN through Secretary, Ministry of Law and Justice, Government of Pakistan, Islamabad",,,2021F2,,,,
f42590161d11fc389dbac0c1,other_uncertain,0.319,low,uncertain_domain,Azhar Ali vs Khalid Iqbal and others,Lahore,,2024L2563,,,,
d45f4fe1b80228c3e29fc7cd,other_uncertain,0.319,low,uncertain_domain,ALI AZHAR vs ARZOO FATIMA and 5 others,,,2022K1,,,,
0306f30a9bab7c155be41371,other_uncertain,0.319,low,uncertain_domain,Mst. ANITA ANAM vs GENERAL PUBLIC and another,Supreme Court of Pakistan,,2025S779,,,,
07c19d2caf60aa82ee1eee51,other_uncertain,0.319,low,uncertain_domain,Syed MUHAMMAD ASIF through Attorney vs MUHAMMAD AYUB and 7 others,,,2024K24,,,,
13f84e7a80398715301b1704,other_uncertain,0.319,low,uncertain_domain,2021 P L C (C,Lahore High Court,,2021L2012,,,,
215b2bc1214feac6dac3616d,other_uncertain,0.319,low,uncertain_domain,Mst. Kaneez Fatima and 2 others vs Ghulam Husain (deceased) through Legal Hairs and others,Lahore (Multan Bench),,2025L4016,,,,
21db5467dc64bd635849e397,other_uncertain,0.319,low,uncertain_domain,Muhammad Nadir Khan (deceased) through L.Rs vs Muhammad Usama and 3 others,Lahore,,2025L2505,,,,
2439cf72ef7a73169ae945bb,other_uncertain,0.319,low,uncertain_domain,"CAPITAL DEVELOPMENT AUTHORITY, CDA through Chairman, CDA, Islamabad vs AHMED MURTAZA and another",Supreme Court of Pakistan,,2023S709,,,,
2793a204bdd6bc3ff449c101,other_uncertain,0.319,low,uncertain_domain,SHAKEEL AHMED- vs GULZAR and others-,Sindh (Hyderabad Bench),,2024K213,,,,
287f4b822db3651b76024da8,other_uncertain,0.319,low,uncertain_domain,ZULFIQAR ALI vs AHMAD NAWAZ,Lahore,,2023L2559,,,,
29bbbed2d648e3f8ba3992f9,other_uncertain,0.319,low,uncertain_domain,Mst. REHMAT BEGUM vs MEHFOOZ AHMED and others,Supreme Court of Pakistan,,2024S5009,,,,
36c7869d88ee9b9f82b26304,other_uncertain,0.319,low,uncertain_domain,RIAZ AHMAD- vs NASIR AHMAD-,Lahore,2023-01-01,2023L269,,,,
39d5f651ae9b2b155b039a2e,other_uncertain,0.319,low,uncertain_domain,305,Competition Commission of Pakistan,,2026CCP5004,,,,
3a4dfbcfd388bcb43e8153db,other_uncertain,0.319,low,uncertain_domain,SAEED AHMED vs SHABBIR AHMED and 4 others,Sindh (Mirpurkhas Bench),,2025K246,,,,
4294fbec0ec4c7ac31aa67e5,other_uncertain,0.319,low,uncertain_domain,Mst. FARZANA ZIA and others vs Mst. SAADIA ANDALEEB and others,Supreme Court of Pakistan,,2024S814,,,,
46382d51d76284b4f8cbf626,other_uncertain,0.319,low,uncertain_domain,"Mst. ZULKAIF TAHOORA and 2 others vs PROVINCE OF SINDH through Secretary Revenue Departments through Deputy Commissioner, Thatta and 14 others",Sindh,,2025K218,,,,
478e181a3520cd9013ef2319,other_uncertain,0.319,low,uncertain_domain,Muhammad Mansha and 5 others vs Saleem Bibi,Lahore,,2026L2518,,,,
515518eefe1980222952f966,other_uncertain,0.319,low,uncertain_domain,MUHAMMAD MUNIR and others vs UMAR HAYAT and others,Supreme Court of Pakistan,,2023S882,,,,
5295c4c42bd30a6e94e14dc8,other_uncertain,0.319,low,uncertain_domain,RAZIA BEGUM and 5 others vs MEMBER (JUDICIAL-III) BOARD OF REVENUE and 12 others,Lahore (Multan Bench),,2024L293,,,,
52d1d94c15351e6d5e5c49d6,other_uncertain,0.319,low,uncertain_domain,Syed WAQAR-UL-HASSAN SHAH BUKHARI and others vs SMALL BUSINESS FINANCE CORPORATION (NOW SME BANK LTD.) and 3 others,Islamabad,,2024I5018,,,,
5e6f0450205007ed9294a0f3,other_uncertain,0.319,low,uncertain_domain,Mst. SHAHJAHAN LASHARI and others vs Mst. FARAH LASHARI and others,Sindh (Larkana Bench),,2026K215,,,,
66da292969c27beddc84dd5b,other_uncertain,0.319,low,uncertain_domain,Muhammad Bashir Ahmad and another vs and others,Lahore,,2024L2575,,,,
6c19d7e54f7292c12836fd2a,other_uncertain,0.319,low,uncertain_domain,Mst. REHMAT BEGUM vs MEHFOOZ AHMED and others,,,2024S80,,,,
6d42f427373f1635817d58a6,other_uncertain,0.319,low,uncertain_domain,2024 P L C (C,Chief Court Gilgit-Baltistan,,2024G2007,,,,
6d7fbbc86f6066efd9b183c8,other_uncertain,0.319,low,uncertain_domain,2001 P Cr,Karachi,,2001K3166,,,,
75b8a86f78261bed9d714db8,other_uncertain,0.319,low,uncertain_domain,ZAKIA BEGUM and others vs NASIR-UL-ISLAM KHAN and others,Supreme Court of Pakistan,,2022S1025,,,,
81e721a2e6f3270b0c9b42a2,other_uncertain,0.319,low,uncertain_domain,AHMED YAR and others vs CHAN PIR SHAH and others,Lahore,2025-01-01,2025L213,,,,
87f0a0e2349a3b17e1f5616c,other_uncertain,0.319,low,uncertain_domain,Mst. SHAH SULTAN and others- vs Syed JAMEEL SHAH-,Peshawar (Abbottabad Bench),,2021P237,,,,
894a88df2e3807b43b171411,other_uncertain,0.319,low,uncertain_domain,Mst. BADAMI and others vs Mst. BUDHEE and others,Lahore,,2024L2522,,,,
95552cf34721d162d7b00da4,other_uncertain,0.319,low,uncertain_domain,LIAQAT ZARIN and 5 others vs Mst. NOORUL HARAM and another,Peshawar (Mingora Bench),,2023P2514,,,,
9cda3f8beeebae092e9cbe5b,other_uncertain,0.319,low,uncertain_domain,SHABAN KHUDA BAKHSH- vs HATIMA AMEER and 2 others-,Balochistan,,2021Q236,,,,
b4520f80558066056f3ce6a3,other_uncertain,0.319,low,uncertain_domain,"BEACONHOUSE SCHOOL SYSTEM, OKARA vs COMMISSIONER SAHIWAL DIVISION and others",,,2024L27,,,,
b82be92f05813eed0165ba67,other_uncertain,0.319,low,uncertain_domain,HAYAT KHAN through Legal Heirs - vs GUL REHMAN and others-,Peshawar,,2021P239,,,,
b982775802beb9b61c709cb5,other_uncertain,0.319,low,uncertain_domain,ASHFAQ AHMAD and others vs Mst. KHURSHID BEGUM,Lahore,2022-01-01,2022L4055,,,,
bd2c781addec20d08798cf2b,other_uncertain,0.319,low,uncertain_domain,AYAZ MUHAMMAD and others- vs Mst. NARGIS and others-,Peshawar (Mingora Bench),,2022P224,,,,
c1f39f22bd8cdfcd220f9bae,other_uncertain,0.319,low,uncertain_domain,ALI GOHAR and another- vs ABDULLLAH MALLAH and 5 others-,Sindh (Hyderabad Bench),,2021K237,,,,
c22d9797c09842614e5f6af8,other_uncertain,0.319,low,uncertain_domain,Dildar Khan and another vs Mst. Fatima Bibi and others,Sindh,,2024K4085,,,,
ce3c65d7955c8b720ee8b919,other_uncertain,0.319,low,uncertain_domain,GHULAM ASGHAR KHAN vs MUHAMMAD ARIF KHAN and others,Supreme Court of Pakistan,,2026S836,,,,
d4ef7d56c9ae7669a38b9573,other_uncertain,0.319,low,uncertain_domain,"MOHAMMAD BOOTA (DECEASED) through L.Rs., and others vs Mst. FATIMA daughter of Gohar Ali and others",Supreme Court of Pakistan,,2023S937,,,,
d954985b45cee60b2e850247,other_uncertain,0.319,low,uncertain_domain,SHAHRAY KHAN (DECEASED) through LRs. and others vs QADIR BAKHSH (DECEASED) through LRs. and others,Supreme Court of Pakistan,,2023S728,,,,
e80179d1653d3dc5a0d08d0e,other_uncertain,0.319,low,uncertain_domain,ALLAH RAKHA and another- vs SHAHNAZ BIBI-,Lahore,2000-01-01,2021L249,,,,
ea2b8abea84fb865adf45401,other_uncertain,0.319,low,uncertain_domain,Dr. MASUMA HASAN vs IMTIAZ ALI KHAN and 6 others,,,2025K14,,,,
ee5542514accede7ba3c680d,other_uncertain,0.319,low,uncertain_domain,SAMIA KHAN vs ISLAMABAD,Islamabad,,2021I2532,,,,
fae37f99689158fbf9df2df9,other_uncertain,0.319,low,uncertain_domain,Mst. HUSSAN BANO- vs Mst. ASIA KHATOON,Peshawar,,2021P227,,,,
fc30c601ac18fe0c5a070974,other_uncertain,0.319,low,uncertain_domain,Safia Bibi vs Muhammad Tufail and others,Lahore,,2025L3027,,,,
ff743aed442c6659e4476f70,other_uncertain,0.319,low,uncertain_domain,Syed TARIQ MUSTAFA vs TAUQIR JAHAN MUSTAFA and others,,,2022K45,,,,
284b826e341e386a2e43df9f,other_uncertain,0.332,low,uncertain_domain,Malik MOHAMMAD RAFIQ and 2 others- vs PUBLIC AT LARGE and others-,Islamabad,,2023I230,,,,
bba4e8a21925bfe81db6d915,other_uncertain,0.332,low,uncertain_domain,ALLAH BAKHSH vs GHULAM MUSTAFA and another,Lahore (Multan Bench),2024-01-01,2024L4038,,,,
c2d011575aabb1402aa6bbeb,other_uncertain,0.334,low,uncertain_domain,Mrs. FARZANA ZAIDI through her sister and Guardian ad-litim/next friend and 2 others vs Mst. SHIREEN SOHAIL and 3 others,Sindh,,2021K4017,,,,
10f6b7672c31aa45a2d559ff,other_uncertain,0.347,low,uncertain_domain,MUHAMMAD ALAM vs Mst. ZARINA BIBI and 2 others,Lahore,,2000L4285,,,,
56ceed1377b5b4243e4e288a,other_uncertain,0.347,low,uncertain_domain,ABID HUSSAIN and others vs MUHAMMAD YOUSAF and others,,,2022S33,,,,
ed32a9885263e25e5a8e9a8d,other_uncertain,0.347,low,uncertain_domain,ALAM SHER vs YASIR NAWAZ and another,Lahore,,2021L4048,,,,
aed097be93ec9509a9b62534,criminal_law,0.351,medium,"low_confidence,uncertain_domain",Mst. KHANAI and 4 others- vs GHULAM RASOOL and 9 others-,Lahore,2022-01-01,2022L222,,,,
d94b338beb0728f06b3b467a,criminal_law,0.351,medium,"low_confidence,uncertain_domain",2024 P L C (C,Lahore High Court (Rawalpindi Bench),2024-01-01,2024L2011,,,,
fa7732d6baa5bb13c932b282,criminal_law,0.363,medium,"low_confidence,uncertain_domain","Professor MUHAMMAD IBRAHIM KHAN and others vs PROVINCE OF PUNJAB through Secretary Ministry of Law, Punjab Secretariat, Lahore and others",,,2023F1,,,,
90a1e5d194f17f9eda6495a9,criminal_law,0.367,medium,"low_confidence,uncertain_domain",Mehr NOOR MUHAMMAD vs NAZIR AHMED,,,2024S2,,,,
ad2204e549c1b127dbc6e7ee,criminal_law,0.367,medium,"low_confidence,uncertain_domain",Mehr NOOR MUHAMMAD vs NAZIR AHMED,Supreme Court of Pakistan,,2024S5001,,,,
77bad7cf8c0def245f434f18,criminal_law,0.369,medium,"low_confidence,uncertain_domain",JUDGMENT,Federal Shariat Court,,2004FSC3026,,,,
ee81ee020e51063f8393adb1,family_law,0.369,medium,"low_confidence,uncertain_domain",ORDER,Shariat Court (AJ&K),,1995A207,,,,
78efd00f747cf9c71b02e552,criminal_law,0.376,medium,"low_confidence,uncertain_domain",MUHAMMAD GHAZANFAR NAVEED vs The STATE and others,Lahore,,2023L3007,,,,
17b748ca1b76dc649c3e1c43,family_law,0.378,medium,"low_confidence,uncertain_domain",SHAHAB SAQIB through Attorney vs SADAF RASHEED and 2 others,Articles 178 and 194,,2023I3,,,,
9937af653b95485842c5a3ff,family_law,0.378,medium,"low_confidence,uncertain_domain",SANA JAMALI vs MUJEEB QAMAR and another,Supreme Court of Pakistan,,2023S742,,,,
ce8781309cacc1983d4e7855,family_law,0.378,medium,"low_confidence,uncertain_domain",M. HAMAD HASSAN vs Mst. ISMA BUKHARI and 2 others,Supreme Court of Pakistan,,2023S897,,,,
0156ad524125fde97257c1cf,criminal_law,0.390,medium,"low_confidence,uncertain_domain",BASHIR AHMED vs Mst. HAJIRAN BIBI and 4 others,,,2024HCAJK3,,,,
016aae0e6fbd089ee936c5e2,criminal_law,0.390,medium,"low_confidence,uncertain_domain",SARDARA and others vs MANZOOR BIBI through legal heirs and others,Lahore,2023-01-01,2023L4078,,,,
062680f34b1aa2434c109563,criminal_law,0.390,medium,"low_confidence,uncertain_domain",2022 P T D 51,Lahore High Court,2022-01-01,2022L6003,,,,
08d1908f69b96d5b676821e6,criminal_law,0.390,medium,"low_confidence,uncertain_domain",KHALID MEHMOOD and another vs MUHAMMAD ALI alias Tipu and others,Lahore,,2026L211,,,,
0a47bb4de5139b45a53a3228,criminal_law,0.390,medium,"low_confidence,uncertain_domain",MUHAMMAD YASIN vs Mst. SEEMAB JABEEN and 2 others,Lahore,2025-01-01,2025L283,,,,
0c3ea5a0bec45f5a86985743,criminal_law,0.390,medium,"low_confidence,uncertain_domain",TANVEER AHMED vs IMTIAZ ANWAR,,2025-01-01,2025L37,,,,
0d1f155dc4fca10df93efceb,criminal_law,0.390,medium,"low_confidence,uncertain_domain",MUHAMMAD IQBAL vs MATI UR REHMAN and others,Supreme Court of Pakistan,,2022S835,,,,
0d5ffd71080782146616b9cb,criminal_law,0.390,medium,"low_confidence,uncertain_domain",BABAR ANWAR vs MUHAMMAD ASHRAF and another,Supreme Court of Pakistan,,2024S790,,,,
103c1c4b158bbc37cb75f950,criminal_law,0.390,medium,"low_confidence,uncertain_domain",2025 C L D 193,Competition Commission of Pakistan,,2025CCP5001,,,,
14f2118d6e88521b07290fda,criminal_law,0.390,medium,"low_confidence,uncertain_domain","Province of Punjab through Secretary Education, Civil Secretariat, Lahore and another vs Darul Haq Trust and others",Lahore,,2026L2544,,,,
1558acd23b2b68d59fb93498,criminal_law,0.390,medium,"low_confidence,uncertain_domain",MUHAMMAD ISHAQUE vs ADDITIONAL DISTRICT JUDGE and others,Lahore,,2021L2540,,,,
16a767e80009f0b0d2384ffd,criminal_law,0.390,medium,"low_confidence,uncertain_domain",Syed IQBAL HUSSAIN SHAH- vs Mst. KALSOOM BIBI through Legal Heirs and others-,Peshawar (D.I. Khan Bench),,2024P203,,,,
18426163f953b0c2d6623c8e,criminal_law,0.390,medium,"low_confidence,uncertain_domain",2024 P L C (C,Supreme Court of Pakistan,,2024S2048,,,,
24f96d48f0c39f7e1dc122fd,criminal_law,0.390,medium,"low_confidence,uncertain_domain",UNITED BANK LTD. through authorized attorneys vs MUHAMMAD AMJAD HAYAT KHAN,,2025-01-01,2025L34,,,,
25adaa044761f43a9b9b70cb,criminal_law,0.390,medium,"low_confidence,uncertain_domain","PROVINCE OF PUNJAB through the District Collector, Bhakkar vs MUHAMMAD CHIRAGH and others",,,2026S6,,,,
287c5df1d2f52ba2fb8e8917,criminal_law,0.390,medium,"low_confidence,uncertain_domain",Mehboob and others vs Fateh Bibi and another,Lahore,,2025L4100,,,,
2a4fa955527e8d7083ec092b,criminal_law,0.390,medium,"low_confidence,uncertain_domain",Mst. RAMZANU BIBI vs IBRAHIM (deceased) through L.Rs. and others,Supreme Court of Pakistan,,2025S843,,,,
2d98d7481b59101d890dd6b0,criminal_law,0.390,medium,"low_confidence,uncertain_domain",SHAFI MUHAMMAD (DECEASED) through L.Rs. and others- vs Mst. JANAT through L.Rs. and others-,Sindh (Sukkur Bench),,2023K201,,,,
3374be736e201122c6312dec,criminal_law,0.390,medium,"low_confidence,uncertain_domain",Director labour welfare vs Muhammad Younas and others,Lahore,,2024L4103,,,,
3439298a3555ef9f44969ee9,criminal_law,0.390,medium,"low_confidence,uncertain_domain",2025 P L C (C,Sindh High Court,,2025K2070,,,,
3831882876414f3184bef8b0,criminal_law,0.390,medium,"low_confidence,uncertain_domain",Mst. RESHMA vs Mst. SHABANA,Peshawar,,2022P4019,,,,
40cb08778212d14b47dc8f8f,criminal_law,0.390,medium,"low_confidence,uncertain_domain",The INDUS MOTOR COMPANY LIMITED vs ABDUL KHALID GILL and another,,,2023L50,,,,
418d53197f6cd2cf3a695bf7,criminal_law,0.390,medium,"low_confidence,uncertain_domain",2023 P T D 223,Lahore High Court,2023-01-01,2023L6007,,,,
418d9552dbc02581ef98ec70,criminal_law,0.390,medium,"low_confidence,uncertain_domain",2025 P T D 248,Sindh High Court,,2025K6008,,,,
471e60fc5221c1bfae80d9f6,criminal_law,0.390,medium,"low_confidence,uncertain_domain",2021 P L C (C,Supreme Court of Pakistan,,2021S2062,,,,
4a65ffa31c75205c2f2af6e8,criminal_law,0.390,medium,"low_confidence,uncertain_domain",MUHAMMAD DAWOOD vs Mst. SAKEENA FAROOQUE alias Aziza and others,Supreme Court of Pakistan,,2025S872,,,,
4c86efb9bbccf22b60fffffa,criminal_law,0.390,medium,"low_confidence,uncertain_domain","Dr. Salman Akbar Malik vs Federal Government Employees Housing Authority through Chairman, Islamabad and others",Islamabad,,2024I4014,,,,
4ddbe19a17e9b94077af0fb9,criminal_law,0.390,medium,"low_confidence,uncertain_domain",DIN BADSHAH and 5 others vs BALAY KHAN (DECEASED) through L.Rs.,Lahore,2021-01-01,2021L2584,,,,
50bd4171df55cb4fa419a51a,criminal_law,0.390,medium,"low_confidence,uncertain_domain",2020 P L C  (C,High Court (AJ&K),,2026HCAJK2002,,,,
511749b29d409001baf0ed6a,criminal_law,0.390,medium,"low_confidence,uncertain_domain",Mst. SAKINA- vs NOOR MUHAMMAD and 2 others-,Balochistan (Sibi Bench),,2024Q214,,,,
5d87ce4886afa112a04e76e2,criminal_law,0.390,medium,"low_confidence,uncertain_domain",Mst. RAHIM KHATOON (deceased) through LRs vs MUHAMMAD YASIN and others,Supreme Court of Pakistan,,2025S922,,,,
5e4b53bd457197c2fe54eff7,criminal_law,0.390,medium,"low_confidence,uncertain_domain",MUHAMMAD FAROOQ and others vs JAVED KHAN and others,,,2022S11,,,,
61082b9c0ac6e93a90920ffe,criminal_law,0.390,medium,"low_confidence,uncertain_domain","LEARNING ALLIANCE (PRIVATE) LIMITED through Chief Executive and 3 others- vs PROVINCE OF PUNJAB through Secretary Housing, Urban Development and PHED and 2 others-",Lahore,,2022L241,,,,
624a3003a9eaecceced1cafc,criminal_law,0.390,medium,"low_confidence,uncertain_domain",Sahib Bibi and another vs Khushi Muhammad (deceased) through L.Rs,Lahore,2025-01-01,2025L2562,,,,
63c50181b262adc91ed66967,criminal_law,0.390,medium,"low_confidence,uncertain_domain","SABIR HUSSAIN vs ADDITIONAL DISTRICT JUDGE/MCAC, Layyah and others",Lahore (Multan Bench),2025-01-01,2025L238,,,,
6d97397dac5fb1602b6b3b44,criminal_law,0.390,medium,"low_confidence,uncertain_domain",ABDULLAH CHANNAH vs The ADMINISTRATIVE COMMITTEE and others,Supreme Court of Pakistan,,2024S854,,,,
6f158bc4b9ad3ea5ecc64b76,criminal_law,0.390,medium,"low_confidence,uncertain_domain",MUHAMMAD ISHAQ- vs SAHIB ZADA and 9 others-,Peshawar,,2021P216,,,,
71dabe0d98e9eb5975ba9a6a,criminal_law,0.390,medium,"low_confidence,uncertain_domain",MUHAMMAD NIAZ KHAN vs R.P.O. SHEIKHUPURA REGION AT LAHORE and others,Supreme Court of Pakistan,,2025S937,,,,
7cdad08d60465a043f5c7b07,criminal_law,0.390,medium,"low_confidence,uncertain_domain",Sheikh AZFAR AMIN vs Chaudhary ASIF ALI and 4 others,Punjab (Amdt.) Act XIV of 2018,,2022L8,,,,
7de83162f8ee0514597b91ae,criminal_law,0.390,medium,"low_confidence,uncertain_domain",2024 P L C (C,Supreme Court of Pakistan,,2024S2043,,,,
80cc2a5620781dd469903882,criminal_law,0.390,medium,"low_confidence,uncertain_domain",NOORULLAH and others vs GHULAM MURTAZA and others,Supreme Court of Pakistan,,2024S731,,,,
8339b884c74219ff53e9a557,criminal_law,0.390,medium,"low_confidence,uncertain_domain",2025 P L C (C,Supreme Court of Pakistan,,2025S2015,,,,
8350129492ff31e2c2fecffa,criminal_law,0.390,medium,"low_confidence,uncertain_domain","DIRECTOR POSTAL LIFE INSURANCE, LAHORE vs SHAKEEL AHMAD",Supreme Court of Pakistan,,2021S898,,,,
85b345f4cf5f5569b83acad7,criminal_law,0.390,medium,"low_confidence,uncertain_domain",GHULAM MUHAMMAD (deceased) through L.Rs. and others vs HAKIM-UD-DIN (deceased) through L.Rs. and others,Lahore (Multan Bench),,2023L4083,,,,
9346e7d712763061662cca52,criminal_law,0.390,medium,"low_confidence,uncertain_domain",Syed MUZAFFAR AHMED ASHRAF and 8 others vs ANWAR ALI JANWRI and 3 others,,,2025K24,,,,
948cc465150ab371fdcc47f9,criminal_law,0.390,medium,"low_confidence,uncertain_domain","MUHAMMAD AURANGZEB and another vs ADDITIONAL DISTRICT JUDGE, RAWALPINDI and 3 others",Lahore (Rawalpindi Bench),,2024L2518,,,,
96c97dc9a9fecbd6b1dcc126,criminal_law,0.390,medium,"low_confidence,uncertain_domain","RIAZ HANIF RAHI- vs GOVERNMENT OF PAKISTAN, through Secretary Ministry of Communication, Federal Secretariat, Islamabad and 5 others-",Islamabad,,2023I220,,,,
9a3a57f21f0ea8253212e4b8,criminal_law,0.390,medium,"low_confidence,uncertain_domain",POSTMASTER GENERAL BALOCHISTAN vs AMANAT ALI and others,Supreme Court of Pakistan,,2024S886,,,,
a0c9779e6b4df6da7f21d7bd,criminal_law,0.390,medium,"low_confidence,uncertain_domain",HARMOOZ KHAN and 5 others vs ABDUL AZEEM KHAN and 12 others,Lahore,2023-01-01,2023L4055,,,,
a5c386fd81e80c10d4b39fc0,criminal_law,0.390,medium,"low_confidence,uncertain_domain",2025 P L C (C,Supreme Court of Pakistan,,2025S2038,,,,
aa675ff85cf6c0c121707d7c,criminal_law,0.390,medium,"low_confidence,uncertain_domain",KAMALUDDIN and 13 others- vs ABDULLAH and another-,Balochistan,,2021Q201,,,,
aa68078fe6153f24c08b5c93,criminal_law,0.390,medium,"low_confidence,uncertain_domain",The INDUS MOTOR COMPANY LIMITED vs ABDUL KHALID GILL and another,Lahore (Bahawalpur Bench),,2023L5039,,,,
aaf3019f21054362851b7f39,criminal_law,0.390,medium,"low_confidence,uncertain_domain",AMAN ULLAH- vs TUFAIL AHMAD and 3 others-,Peshawar (Bannu Bench),,2022P220,,,,
ab52e2432b640dcb79f6c1e1,criminal_law,0.390,medium,"low_confidence,uncertain_domain",BASIT SHUJA vs RAUF KLASRA,,,2025I18,,,,
b3f4a0e705dfd283ac35af20,criminal_law,0.390,medium,"low_confidence,uncertain_domain",STATE LIFE INSURANCE CORPORATION OF PAKISTAN through Chairman/Zonal Head/Attorney and others vs Mst. RAZIA BEGUM through Legal Heirs/Representative,Lahore,2022-01-01,2022L5040,,,,
bd6cb64bd17bce32cd46e50b,criminal_law,0.390,medium,"low_confidence,uncertain_domain",Muhammad Saeed Mughal vs Mian Muhammad Latif and 6 others,Islamabad,,2025I2506,,,,
bfc0f6d83a7eabc021392c98,criminal_law,0.390,medium,"low_confidence,uncertain_domain",NAZEER AHMED vs ZIAULLAH and 2 others,Sindh,,2022K2509,,,,
c2987cbc9dfad04dacc46aee,criminal_law,0.390,medium,"low_confidence,uncertain_domain",NASEER-UD-DIN through Legal Heirs vs GHAIRAT KHAN and others,Peshawar (Mingora Bench),,2024P227,,,,
c4c0744d54fe460b2255ba13,criminal_law,0.390,medium,"low_confidence,uncertain_domain",2024 P L C (C,Sindh High Court,,2024K2032,,,,
c7119fd16afcbb985aef5462,criminal_law,0.390,medium,"low_confidence,uncertain_domain",ABDUL GHAFFAR through Special Attorney vs YASIR and 5 others,Sindh (Hyderabad Bench),,2026K214,,,,
c8e20a8b04bba86bcc4cb9c0,criminal_law,0.390,medium,"low_confidence,uncertain_domain",YAQOOB ALI through L.Rs. and others vs MUHAMMD AYUB and others,,2021-01-01,2021L57,,,,
cbca4e07ec45bdbf02225be3,criminal_law,0.390,medium,"low_confidence,uncertain_domain","Messrs UNITED BANK LIMITED through Senior Vice President UBL, Karachi and another vs SHIRIMATI PUSHPA BAI and 2 others",Sindh (Larkana Bench),,2026K5018,,,,
d06166a0beb4690a3ecbb932,criminal_law,0.390,medium,"low_confidence,uncertain_domain",LAHORE DEVELOPMENT AUTHORITY through Chief Engineer-I vs Messrs ZAHIR KHAN AND BROTHERS through Chief Executive Officer and others,Lahore,,2026L5007,,,,
d13c56d6946c63616a465660,criminal_law,0.390,medium,"low_confidence,uncertain_domain",UNITED BANK LTD. through authorized attorneys vs MUHAMMAD AMJAD HAYAT KHAN,Lahore (Multan Bench),2025-01-01,2025L5023,,,,
d2dfc21123fa76461f2b538c,criminal_law,0.390,medium,"low_confidence,uncertain_domain",Mian Qaiser Shah and others vs Khyber Grace Private (Ltd.) and others,Peshawar,,2024P2528,,,,
d5f1b210de1df66c94767eae,criminal_law,0.390,medium,"low_confidence,uncertain_domain",2022 P T D 1253,Sindh High Court,,2022K6054,,,,
d76db31753610f7153e61276,criminal_law,0.390,medium,"low_confidence,uncertain_domain","PARLIAMENTARY AFFAIRS DEPARTMENT, LAHORE and another vs ALI AHMAD KHAN",Supreme Court of Pakistan,,2025S763,,,,
da4734271ab528cafe7140fd,criminal_law,0.390,medium,"low_confidence,uncertain_domain",Messrs KARAKORUM COOPERATIVE BANK and another vs Mst. SOFIA BEGUM and 10 others,Gilgit-Baltistan Chief Court,,2022G4017,,,,
df33d353eec2c8ad5d052468,criminal_law,0.390,medium,"low_confidence,uncertain_domain","DIRECTOR GENERAL, PROVINCIAL DISASTER MANAGEMENT AUTHORITY (PDMA), BALOCHISTAN and others vs AMIRULLAH and others",,,2021Q31,,,,
e21d782e3aba58e2fd2ee0a3,criminal_law,0.390,medium,"low_confidence,uncertain_domain","MUHAMMAD NAJEEB vs DISTRICT JUDGE MIRPUR, AZAD KASHMIR and others",High Court (AJ&K),,2025HCAJK202,,,,
e612c9d19feaaba681af8e38,criminal_law,0.390,medium,"low_confidence,uncertain_domain",2022 P T D 1330,Sindh High Court,,2022K6058,,,,
f3d93d72ec08acdbeb3bd2a5,criminal_law,0.390,medium,"low_confidence,uncertain_domain",2024 P L C (C,Sindh High Court,,2024K2003,,,,
f43ea306c9a5f242888cfb2c,criminal_law,0.390,medium,"low_confidence,uncertain_domain",ABDUL WAHEED and another- vs Mst. RUBINA SHAHEEN-,Lahore (Multan Bench),,2022L274,,,,
f4bffc18efbf932e978d1b82,criminal_law,0.390,medium,"low_confidence,uncertain_domain",GULZAR MUHAMMAD and others vs SARDAR MUHAMMAD and others,Peshawar (Mingora Bench),,2021P209,,,,
f7aa69837efd7bf9bb117625,criminal_law,0.390,medium,"low_confidence,uncertain_domain",2025 P L C (C,Sindh High Court,,2025K2033,,,,
f8e98bd4b1270119a104d516,criminal_law,0.390,medium,"low_confidence,uncertain_domain",VITAL CHEMICALS CORPORATION and 2 others vs SILK BANK LIMITED,Lahore (Multan Bench),,2022L5017,,,,
f9e3725aba30739cd031f158,criminal_law,0.390,medium,"low_confidence,uncertain_domain",AUQAF DEPARTMENT through Chief Administrator Auqaf and 2 others vs MUHAMMAD JAVED and 74 others,Supreme Court (AJ&K),,2022SCAJK2509,,,,
fad3c3166bf12c0e3ee5d291,criminal_law,0.390,medium,"low_confidence,uncertain_domain",IQBAL ALI KHAN and others vs NASEEB ALI KHAN and others,,,2025S29,,,,
1bf1ff150afbd1cf421d3f0f,criminal_law,0.390,medium,"low_confidence,uncertain_domain",Mst. MISBAH FAROOQ and 5 others vs Messrs DAEWOO PAKISTAN EXPRESS BUS SERVICE LIMITED and 2 others,,,2025L54,,,,
5a30d4db70882fe765e9c77d,criminal_law,0.390,medium,"low_confidence,uncertain_domain",RASHID AYUB vs TANVIR AHMED KHAN and 7 others,Lahore (Rawalpindi Bench),,2026L5019,,,,
5ee8e38363a51b06531dfcdd,criminal_law,0.390,medium,"low_confidence,uncertain_domain",ASIF ULLAH and others vs Mst. GULZARA BIBI and others,Peshawar,,2025P223,,,,
71fd364afbecb1980a7fec6d,criminal_law,0.390,medium,"low_confidence,uncertain_domain",MEHMOOD ALI- vs CHAIRMAN EVACUEE TRUST PROPERTY BOARD and 4 others-,Lahore (Rawalpindi Bench),,2024L255,,,,
a8b27360d7695113b20ba787,criminal_law,0.390,medium,"low_confidence,uncertain_domain",Mst. ANWAR MAI vs GHULAM SARWAR and another,Lahore (Multan Bench),,2022L2560,,,,
b8be3526245df8023c85147b,criminal_law,0.390,medium,"low_confidence,uncertain_domain",Mst. HAMEEDA BIBI and 3 others vs KHAN MUHAMMAD alias KHAN AHMAD and 3 others,Lahore (Multan Bench),,2021L2594,,,,
c13b27821023cd5548a1e793,criminal_law,0.390,medium,"low_confidence,uncertain_domain","Lady Dr. NAFEESA SALEEM and another vs JUSTICE OF PEACE/ADDITIONAL SESSIONS JUDGE, MULTAN and 2 others",,,2022L2,,,,
c853eb51c2447a457d5d4b2c,criminal_law,0.390,medium,"low_confidence,uncertain_domain",Mrs. SHAHINA SHAHID- vs Messrs QAMRAN CONSTRUCTION (PVT.) LTD and another-,Sindh,,2024K222,,,,
d2fb92c6ea0b23a2dd079f46,criminal_law,0.390,medium,"low_confidence,uncertain_domain",Mst. GHULAM FATIMA and others- vs PAHAR KHAN and others-,Lahore (Rawalpindi Bench),2024-01-01,2024L274,,,,
e0349b3027855f76a38cb9df,criminal_law,0.390,medium,"low_confidence,uncertain_domain",Shreemati SARSWATI DEVI vs Shreemati JANKI BAI,,,2025K40,,,,
e1e0c6bfc216a49b53477e53,criminal_law,0.390,medium,"low_confidence,uncertain_domain",NISAR AHMAD and 4 others vs MUHAMMAD ANWAR and 5 others,Peshawar (Abbottabad Bench),,2022P2504,,,,
8f9a8bf135c7dff9e07e6f6a,family_law,0.410,medium,"low_confidence,uncertain_domain","MOHSIN ALI KHAN- vs FEDERAL OMBUDSMAN SECRETARIAT FOR PROTECTION AGAINST HARASSMENT OF WOMEN AT THE WORKPLACE, ISLAMABAD and another-",Islamabad,,2022I224,,,,
e4c72c771cdf62f9e77ab2bd,other_uncertain,0.410,low,"narrow_margin,signal_conflict",SHAUKAT ULLAH and 2 others vs GUL UMAR through L.Rs.and 5 others,Peshawar,,2022P4012,,,,
49b2a34a386fe284717842b0,other_uncertain,0.410,low,"narrow_margin,signal_conflict",Rab Nawaz (deceased) through Legal heirs and others vs Mst. Samra Andleeb,Lahore,2025-01-01,2025L2519,,,,
ad9fc4d257e094662fd18ef5,other_uncertain,0.410,low,"narrow_margin,signal_conflict",MUSHTAQ AHMED and 6 others vs FOUZIA NAWAZ and 14 others,,,2025Q13,,,,
37886d001418e1e08ffc54e3,criminal_law,0.421,medium,"low_confidence,uncertain_domain","NATIONAL BANK OF PAKISTAN through President, Karachi vs ROZ-UD-DIN and another",Supreme Court of Pakistan,,2025S722,,,,
47ca3f2774d3c238990d166c,criminal_law,0.421,medium,"low_confidence,uncertain_domain",2025 P L C (C,Supreme Court of Pakistan,,2025S2004,,,,
4a0f63fc32a7978bb67cf853,criminal_law,0.421,medium,"low_confidence,uncertain_domain",BARKAT KHAN and 5 others vs BANARAS KHAN and 10 others,,,2022P2,,,,
8bb533bc806826dc8831b9e2,criminal_law,0.421,medium,"low_confidence,uncertain_domain",YAR MUHAMMAD and another- vs Moulvi ABDUL FATAH and another-,Balochistan (Sibi Bench),,2022Q211,,,,
ca3c449ef896cc287ba2ab83,criminal_law,0.421,medium,"low_confidence,uncertain_domain",2022 S C M R 1282,Supreme Court of Pakistan,,2022S912,,,,
e7a01dfb39a371f5d13c21e8,other_uncertain,0.428,low,"narrow_margin,signal_conflict",Mst. TAYYEBA AMBAREEN and another vs SHAFQAT ALI KIYANI and another,Supreme Court of Pakistan,,2023S734,,,,
022a7e922a6ab67ae16a8175,criminal_law,0.438,medium,"low_confidence,uncertain_domain",2022 P L C (C,Islamabad High Court,,2022I2001,,,,
09bb09c75aef19172e268466,criminal_law,0.438,medium,"low_confidence,uncertain_domain",WAQAS MAHMOOD vs BILAL MIR,Islamabad,,2026I211,,,,
0eff061ad07d19f22ffb6a4c,criminal_law,0.438,medium,"low_confidence,uncertain_domain",ABDUL KHALIQ and 6 others vs MUHAMMAD ANWAR NASIR and others,Balochistan,,2021Q2522,,,,
222016289ff09d73c61f0fdc,criminal_law,0.438,medium,"low_confidence,uncertain_domain",ALLAH DIWAYA and others vs DIRECTOR EDUCATION QUETTA and others,,,2026S3,,,,
2e1fc9bdf654cf812b5c44c0,criminal_law,0.438,medium,"low_confidence,uncertain_domain","MUHAMMAD ARSHAD vs DEPUTY DISTRICT FOOD, MULTAN and others",Supreme Court of Pakistan,,2025S955,,,,
3c95f595281ff9e3e660b0c8,criminal_law,0.438,medium,"low_confidence,uncertain_domain",SANA ULLAH AMAN vs FEDERAL OMBUDSMAN and 3 others,Islamabad,,2021I2541,,,,
4b65eefe4b78639a1df41c67,criminal_law,0.438,medium,"low_confidence,uncertain_domain",Mst. SHARIFAN BIBI (DECEASED) through L.Rs. and others- vs Mst. IRSHAD BIBI and others-,Lahore (Bahawalpur Bench),,2023L222,,,,
691379ed30f046396ecf65a0,criminal_law,0.438,medium,"low_confidence,uncertain_domain",SABIR HUSSAIN vs Mst. HINA UROOJ and 4 others,,,2026K9,,,,
6b17b1124bac8c66b7ce376f,criminal_law,0.438,medium,"low_confidence,uncertain_domain",2021 P L C (C,Sindh High Court,,2021K2002,,,,
742a9a497a42f354e41b2c3d,criminal_law,0.438,medium,"low_confidence,uncertain_domain",2020 P L C  (C,Supreme Court of Pakistan,,2026S2021,,,,
75a545af34b21e726c8c012e,criminal_law,0.438,medium,"low_confidence,uncertain_domain",2025 P L C (C,Supreme Court of Pakistan,,2025S2042,,,,
9080cffb0db9c17542103552,criminal_law,0.438,medium,"low_confidence,uncertain_domain",Malik MUHAMMAD ALTAF- vs MUHAMMAD ASHRAF (deceased) through Legal Heirs and another,Lahore (Multan Bench),2024-01-01,2024L213,,,,
9ad51598b951337849c58c9b,criminal_law,0.438,medium,"low_confidence,uncertain_domain",MUSLIM COMMERCIAL BANK LIMITED vs CITY STEEL INDUSTRIES LAHORE through Partners and others,Lahore,2023-01-01,2023L5012,,,,
9f6a7d157f67350a3cbc38f8,criminal_law,0.438,medium,"low_confidence,uncertain_domain",PEER BUX alias PEERAL through Legal Heirs and others- vs MUSHTAQUE AHMAD and through Legal Heirs and others-,Sindh (Sukkur Bench),,2023K250,,,,
a31cadd94fcc9f4e64899de3,criminal_law,0.438,medium,"low_confidence,uncertain_domain","The SENIOR GENERAL MANAGER (CHIEF EXECUTIVE OFFICER), PAKISTAN RAILWAYS, RAILWAY HEADQUARTER, LAHORE and others vs Syed QAISER ABBAS",Supreme Court of Pakistan,,2026S781,,,,
a539ae232d40b9f344e69982,criminal_law,0.438,medium,"low_confidence,uncertain_domain",2026 P L C (C,Supreme Court of Pakistan,,2026S2005,,,,
a8155df73493f0e3dff23046,criminal_law,0.438,medium,"low_confidence,uncertain_domain",2022 C L D 790,Competition Commission of Pakistan,,2022CCP5010,,,,
a970c84f1fed4e1024299ff4,criminal_law,0.438,medium,"low_confidence,uncertain_domain",2025 P L C (C,Lahore High Court,2025-01-01,2025L2028,,,,
ba83d2c72c8427d726f9fe93,criminal_law,0.438,medium,"low_confidence,uncertain_domain",MUHAMMAD RAMZAN (deceased) through L.Rs and others vs MUHAMMAD SHARIF (deceased) through L.Rs and others,Lahore,,2025L275,,,,
ce5233c83b203eeedd00a1d6,criminal_law,0.438,medium,"low_confidence,uncertain_domain",MAHMOODA TAPAL and another vs STANDARD CHARTERED BANK (PAKISTAN) LIMITED and 5 others,Emphasis supplied,,2021K5,,,,
d05e652ca8643a70045fe148,criminal_law,0.438,medium,"low_confidence,uncertain_domain",LUTFULLAH VIRK vs MUHAMMAD ASLAM SHEIKH,,,2024S64,,,,
dfb0f70f070c2ae487bccd57,criminal_law,0.438,medium,"low_confidence,uncertain_domain",EFU GENERAL INSURANCE LTD. vs JAHANGIR MUGHUL,Sindh,,2021K5029,,,,
ea5e6dfc2ed80089bdfc772f,criminal_law,0.438,medium,"low_confidence,uncertain_domain",BAHAR SHAH and others vs MANZOOR AHMAD,Supreme Court of Pakistan,,2022S738,,,,
ee02c70939de4278a7be59cd,criminal_law,0.438,medium,"low_confidence,uncertain_domain",2025 P L C 30,Sindh High Court (Sukkur Bench),,2025K2202,,,,
f27e7c73b7a9576dc85edf5f,criminal_law,0.438,medium,"low_confidence,uncertain_domain",ARBAB ALTAF QADIR- vs AUQAF-,Peshawar,,2022P212,,,,
f6b10cbe0b07fa94fb46010a,criminal_law,0.438,medium,"low_confidence,uncertain_domain","MUHAMMAD UMAIR PASHA and another vs DISTRICT COLLECTOR, JHELUM and 5 others",Lahore (Rawalpindi Bench),,2024L4001,,,,
ff2030a930e89e4e79d1a60d,criminal_law,0.438,medium,"low_confidence,uncertain_domain",EKRAM UD DIN KHAN vs The D.G. F.I.A. and 3 others,,,2023K9,,,,
7759bcb67abef5454765c18b,criminal_law,0.438,medium,"low_confidence,uncertain_domain","The POSTMASTER GENERAL SINDH PROVINCE, KARACHI and others vs SYED FARHAN",Supreme Court of Pakistan,,2022S890,,,,
9328f84cc7dc638159679e50,criminal_law,0.438,medium,"low_confidence,uncertain_domain",2022 P L C (C,Supreme Court of Pakistan,,2022S2036,,,,
1f6a0ae0bba776b7f13e4e47,criminal_law,0.438,medium,"low_confidence,uncertain_domain","MUHAMMAD USMAN vs ADDITIONAL SESSIONS JUDGE, RAWALPINDI and 3 others",Lahore (Rawalpindi Bench),,2022L4044,,,,
8f83ce67bf0bbf0eeaa2b955,criminal_law,0.438,medium,"low_confidence,uncertain_domain",Mrs. ZEENIA SATTI vs ABDUL KARIM NIAZI and others,Islamabad,,2021I2540,,,,
b61e5ca21ef3a66bc9ca7c80,criminal_law,0.438,medium,"low_confidence,uncertain_domain",TANVIR HUSSAIN MANJI vs NATIONAL ACCOUNTABILITY BUREAU through Chairman and another,Islamabad,,2023I5006,,,,
d8dc8718d6d73c94962f8226,criminal_law,0.438,medium,"low_confidence,uncertain_domain",TANVIR HUSSAIN MANJI vs NATIONAL ACCOUNTABILITY BUREAU through Chairman and another,,,2023I16,,,,
fa5d1d0760bb08a8db74b90e,criminal_law,0.438,medium,"low_confidence,uncertain_domain",P L D 2025 Supreme Court 482,,,2025S39,,,,
332659ef93f83073dd9cd6ed,criminal_law,0.449,medium,"low_confidence,uncertain_domain","Mst. BASHIRA BIBI vs FEDERATION OF PAKISTAN through Secretary, Ministry of Defence and others",Sindh,,2023K228,,,,
27973ce23689e5109e562f5d,criminal_law,0.457,medium,"low_confidence,uncertain_domain",MUHAMMAD IMTIYAZ vs Ch. MUHAMMAD NAEEM and others,,,2023S23,,,,
754ffb561705918eeb8357e5,criminal_law,0.457,medium,"low_confidence,uncertain_domain",2025 P L C (C,Sindh High Court,,2025K2036,,,,
bd1cb330610bb55d4e9e6c09,criminal_law,0.457,medium,"low_confidence,uncertain_domain",2020 P L C  (C,Supreme Court of Pakistan,,2026S2023,,,,
ce9eaf62e3c4f3e086b8f25f,criminal_law,0.457,medium,"low_confidence,uncertain_domain",2021 P L C (C,Sindh Subordinate Judiciary Service Tribunal,,2021SSJST15001,,,,
384340c4e891295d6fc8c6f6,criminal_law,0.457,medium,"low_confidence,uncertain_domain",UMER SHEHZAD vs OMBUDSPERSON (MOHTASIB) PUNJAB and others,See Sections 2(c) and 11,,2026L23,,,,
508dfb38c7aeb915e9354b84,criminal_law,0.457,medium,"low_confidence,uncertain_domain",2020 P L C  (C,Lahore High Court,2020-01-01,2026L2012,,,,
658daf641ec0dd0c6c242d2e,criminal_law,0.457,medium,"low_confidence,uncertain_domain",MUHAMMAD ZAFFAR KHAN and another vs Syed SHUMAILA ZAIDI and others,Supreme Court of Pakistan,,2025S944,,,,
fd7c22ce8f0ddad332b7966e,criminal_law,0.457,medium,"low_confidence,uncertain_domain",2024 P L C (C,Punjab Subordinate Judiciary Service Tribunal,2024-01-01,2024PSJST2001,,,,
5569454444de85c03cc3d54b,other_uncertain,0.460,low,"narrow_margin,signal_conflict",INAMULLAH and 8 others- vs BAKHT ZAMIN KHAN and 6 others-,Peshawar,,2021P246,,,,
3554221063b2f5529a2b5846,other_uncertain,0.460,low,"narrow_margin,signal_conflict",Riaz Ahmad Diwanbegi and 2 others vs Mst. Saeeda Fayaz and 12 others,Peshawar (Mingora Bench),,2026P4022,,,,
450b5417a82b09fa79cf5e75,other_uncertain,0.460,low,"narrow_margin,signal_conflict",ZAKIA BEGUM and another vs NASIR-UL-ISLAM KHAN and others,Balochistan,,2022Q4024,,,,
991491221bacc826d9f3545d,other_uncertain,0.460,low,"narrow_margin,signal_conflict",CHANAN alias Channu and others vs HASSAN RAZA and others,Lahore,,2024L297,,,,
a1cb7fafb8d8fdc17642a8a6,other_uncertain,0.460,low,"narrow_margin,signal_conflict",JAVED IQBAL vs SHAHEEN IQBAL and others,,,2023Q19,,,,
a30b25a4c6c0a4f4be2ff3aa,other_uncertain,0.460,low,"narrow_margin,signal_conflict",ABID ALI and another- vs MUHAMMAD TAHIR and 3 others-,Balochistan,,2021Q235,,,,
eb5639e7ccaf2c64989700aa,other_uncertain,0.460,low,"narrow_margin,signal_conflict",Mst. BIBI FATHUL BARI vs UBAID UR RAHMAN and others,Peshawar (Mingora Bench),,2026P204,,,,
84f2dbdfb266e032cbf025e7,criminal_law,0.461,medium,"low_confidence,uncertain_domain",2024 P L C (C,Supreme Court of Pakistan,,2024S2020,,,,
8ed8ce745e2c8a462ce67942,criminal_law,0.461,medium,"low_confidence,uncertain_domain","IKRAMUDDIN RAJPUT vs INSPECTOR GENERAL OF POLICE, INDH and others",Supreme Court of Pakistan,,2024S764,,,,
15f37442b68f6071b89b8ab4,criminal_law,0.467,medium,"low_confidence,uncertain_domain","GOVERNMENT OF KHYBER PAKHTUNKHWA through Secretary Elementary and Secondary, Education Department, Peshawar and others vs AURANGZEB (EX-PRIMARY SCHOOL HEAD TEACHER) GPS WANNA KHEL TEHSIL TAKHTBHAI DISTRICT MARDAN (deceased) through L.Rs",Supreme Court of Pakistan,,2025S705,,,,
166f08fb897db82c8f9fe4d0,criminal_law,0.467,medium,"low_confidence,uncertain_domain",2021 P L C (C,Supreme Court of Pakistan,,2021S2061,,,,
62cbdc88a98738ef45bc5018,criminal_law,0.467,medium,"low_confidence,uncertain_domain",UZMA NAVEED CHAUDHARY and others vs FEDERATION OF PAKISTAN and others,,,2022S62,,,,
73e7d390c387687dd2fa4d42,criminal_law,0.467,medium,"low_confidence,uncertain_domain","PROVINCE OF PUNJAB through Special Secretary, Specialized Healthcare and Medical Education Department, Lahore and others vs KHADIM HUSSAIN ABBASI",Supreme Court of Pakistan,,2021S948,,,,
7796fdb981e9ce3a4e8b18c8,criminal_law,0.467,medium,"low_confidence,uncertain_domain",2022 P L C (C,Supreme Court of Pakistan,,2022S2049,,,,
949fdc1744dc82f4364d75b0,criminal_law,0.467,medium,"low_confidence,uncertain_domain",2025 P L C (C,Gilgit-Baltistan Service Tribunal,,2025G2005,,,,
f738e46f1327bcbec9f70739,criminal_law,0.467,medium,"low_confidence,uncertain_domain","POSTMASTER GENERAL, KARACHI and another vs ARSHAD ALI",Supreme Court of Pakistan,,2022S976,,,,
86f9e195d6148482b8999a9b,criminal_law,0.467,medium,"low_confidence,uncertain_domain",Dr. Zaib-un-Nisa vs Mudasar Shabbir and 7 others,Sindh,,2025K3005,,,,
2aaa884166d1791f3b07765a,criminal_law,0.473,medium,"low_confidence,uncertain_domain",ABDUL MONEM (Ex. Chief Technician) vs VICE CHIEF OF AIR STAFF [Pakistan Air Force] and 4 others,Ex-Chief Warrant officer Ali Gohar and others v. Federation of Pakistan,,2026K23,,,,
63870399a10c446d20f87e35,criminal_law,0.473,medium,"low_confidence,uncertain_domain",ANSER MAHMOOD CHUGHTAI- vs SHAHZADI FATIMA ALI-,Islamabad,,2023I205,,,,
721f5900cb16b90f24d72215,criminal_law,0.473,medium,"low_confidence,uncertain_domain",2020 P L C  (C,Supreme Court of Pakistan,,2026S2019,,,,
826e25f019bace29f43701dd,criminal_law,0.473,medium,"low_confidence,uncertain_domain","KHALID MEHMOOD and 2 others vs The DISTRICT POLICE OFFICER, D.G.KHAN and others",,,2026S22,,,,
cff4a0a8b49c672ce43e4e2d,other_uncertain,0.474,low,"narrow_margin,signal_conflict",ORDER,Lahore,,2001L4016,,,,
873fab6e699cd5f0873d6ee3,criminal_law,0.477,medium,"low_confidence,uncertain_domain",2021 P L C (C,Sindh High Court,,2021K2017,,,,
293354e2007eed777c14a30e,family_law,0.480,medium,low_coverage,Mst. KAMALAN BIBI- vs PROVINCE OF PUNJAB through District Officer and 9 others-,Lahore,,2022L244,,,,
7e8e20951e2a961676822b35,family_law,0.480,medium,low_coverage,Dr. AZIZ UR REHMAN and others- vs NOOR BIBI and others-,Balochistan,,2021Q204,,,,
120c3759a7c831e4f05fbc02,criminal_law,0.481,medium,"low_confidence,uncertain_domain",2023 P L C (C,Supreme Court of Pakistan,,2023S2042,,,,
73748c2b31a6ee396598b561,criminal_law,0.481,medium,"low_confidence,uncertain_domain",PRESIDENT NATIONAL BANK OF PAKISTAN and others vs WAQAS AHMED KHAN,Supreme Court of Pakistan,,2023S799,,,,
2e39754a6ed1b609a11e9ccc,family_law,0.481,medium,signal_conflict,AAMIR AFZAL and another vs S. AKMAL (deceased) through L.Rs. and 2 others,Supreme Court of Pakistan,,2024S909,,,,
429e64caf93f5430aa954b75,family_law,0.481,medium,signal_conflict,NAIMATULLAH and others vs ABDUL RAZAQ and 3 others,,,2022Q15,,,,
4fbe9e403cda5442c695936b,criminal_law,0.483,medium,"low_confidence,uncertain_domain",AMIR AKBER KHAN and others vs NATIONAL ACCOUNTABILITY BUREAU and others,,,2022K47,,,,
62bffab3427f2f21cae39201,criminal_law,0.483,medium,"low_confidence,uncertain_domain",2024 P L C (C,Lahore High Court (Multan Bench),,2024L2010,,,,
3ed0923a02c42a56e61e49da,criminal_law,0.486,medium,"low_confidence,uncertain_domain",ROSHAN ALI and 3 others vs The STATE,Sindh (Hyderabad Bench),,2024K4051,,,,
fa0f1eab2d4ea7449a219b49,family_law,0.499,medium,signal_conflict,ANJAM ALI KHAN- vs MEHAR SHAH and 3 others-,Peshawar (Mingora Bench),,2023P234,,,,
002f2d934d273f2925e5e194,criminal_law,0.500,medium,low_confidence,TAHIR AYUB- vs NAEEM AYUB and 10 others-,Supreme Court (Azad J&K),,2021SCAJK202,,,,
0059c5ae412be2d409290099,criminal_law,0.500,medium,low_confidence,"MUHAMMAD ARIF vs PROVINCE OF PUNJAB through Collector, Sargodha and others",Lahore,,2025L220,,,,
009470915967c55a4cb37024,criminal_law,0.500,medium,low_confidence,and others vs MUHAMMAD IBRAHIM and others,Balochistan,,2024Q4013,,,,
00cf4bd256d747ae3beac5d2,criminal_law,0.500,medium,low_confidence,SABIR HUSSAIN vs MUHAMMAD ASHFAQ,Islamabad,,2025I206,,,,
01c2af811cf834bae3ce3236,criminal_law,0.500,medium,low_confidence,SHAUKAT ALI vs ABDUL GHAFFAR,Lahore (Multan Bench),2026-01-01,2026L202,,,,
01d42114e6f0f63ca264c1b4,criminal_law,0.500,medium,low_confidence,MAI MITHAN and 67 others- vs BANDA-E-ALI and 94 others-,Balochistan (Sibi Bench),,2022Q210,,,,
01e59128aa28ed3e04ca7cdf,criminal_law,0.500,medium,low_confidence,INHABITANTS OF VILLAGE LEEPA- vs DISTRICT JUDGE JHELUM VALLEY/HATTIAN BALA and 17 others-,High Court (AJ&K),,2022HCAJK206,,,,
0216b4cbcc89f69a74eb2c58,criminal_law,0.500,medium,low_confidence,"SHABBIR AHMAD vs ADDITIONAL DISTRICT JUDGE, MULTAN and others",,,2024L6,,,,
0263440d461d1de43600d6ea,family_law,0.500,medium,low_confidence,2024 P T D 1330,Sindh High Court,,2024K6030,,,,
02cfc6b7f90f3919508c6c92,criminal_law,0.500,medium,low_confidence,MASOOD AHMED KHAN- vs KHALID ANWAR KHAN and 2 others-,Sindh,,2023K205,,,,
0330d2d963040a5941278339,criminal_law,0.500,medium,low_confidence,ROSHAN IQBAL vs NAZAR MUHAMMAD and others,Lahore,2024-01-01,2024L4042,,,,
03c851f0df3666f327d2013b,criminal_law,0.500,medium,low_confidence,Abdul Hameed and others vs Waqar Hussain Shah and 13 others,Sindh (Hyderabad Bench),,2025K2508,,,,
04bce0b84ccd9e5f618c6ed1,family_law,0.500,medium,low_confidence,"HAJIRA BIBI and 2 others vs FEDERATION OF PAKISTAN through Secretary Finance, Finance Division, Q Block, Pak Secretariate, Islamabad and another",Balochistan,,2026Q203,,,,
04f5f5ad55115570a25043a9,criminal_law,0.500,medium,low_confidence,Mst. KANEEZA BIBI and 4 others vs SABIR HUSSAIN and 3 others,,,2023L37,,,,
0536671356a5499be564d758,criminal_law,0.500,medium,low_confidence,GHULAM ALI vs ALI SHER and others,Supreme Court of Pakistan,,2026S841,,,,
0575818504a4c41b86aa0d9b,family_law,0.500,medium,low_confidence,Rasheed Ahmad vs Additional District Judge and 8 others,Lahore,,2025L2559,,,,
05b99fb760559e4ecace6fde,family_law,0.500,medium,low_confidence,2021 P L C (C,Peshawar High Court (D.I. Khan Bench),,2021P2003,,,,
05ee04fa7fa7e7d43c4fb085,criminal_law,0.500,medium,low_confidence,INTELLIGENCE BUREAU EMPLOYEES COOPERATIVE HOUSING SOCIETY through Secretary vs SHABBIR HUSSAIN and others,Supreme Court of Pakistan,,2022S838,,,,
061384f366ba3de2ab2368c9,criminal_law,0.500,medium,low_confidence,SHAHID MEHMOOD DAR vs RAZA MEHMOOD KHURSHAND,Lahore,,2023L2545,,,,
06186861f5c889f64b8cb7a2,criminal_law,0.500,medium,low_confidence,Mst. KHANAM BIBI vs Mst. FOZIA BIBI and 5 others,Peshawar,,2022P4013,,,,
064181691dcf3e25346bf2d6,family_law,0.500,medium,low_confidence,2023 P L C (C,Sindh High Court,,2023K15003,,,,
065906c0191d25478496cc15,other_uncertain,0.500,low,"narrow_margin,signal_conflict","MUHAMMAD KHALID vs SENIOR SUPERINTENDENT OF POLICE, DISTRICT BADIN and 4 others",Sindh (Hyderabad Bench),,2022K14078,,,,
06d303024562ba7f2167c0cd,other_uncertain,0.500,low,"narrow_margin,signal_conflict",2023 P Cr,Lahore (Rawalpindi Bench),,2023L3051,,,,
073e7174a03c83bc43be5db0,family_law,0.500,medium,low_confidence,SHAHBAZ AKMAL JANDRAN vs Lahore and another,,,2025L52,,,,
0747ffc94b059f13f84d2806,criminal_law,0.500,medium,low_confidence,"Province of Punjab through Collector, District Sialkot and others vs Mst. Sughran Bibi (deceased) and others",Lahore,2024-01-01,2024L4111,,,,
07ace02a3d8c9ea33ca997ee,criminal_law,0.500,medium,low_confidence,COLLECTOR/DEPUTY COMMISSIONER GILGIT and another vs MUHAMMAD ISSA and 2 others,Gilgit-Baltistan Chief Court,,2022G4030,,,,
07d00b431bb51b36fe56584b,criminal_law,0.500,medium,low_confidence,ABID SHERANI- vs TAHIR SHERANI through Legal Heirs and others-,Peshawar (D.I. Khan Bench),,2024P205,,,,
08149accedb5e94150e2ca50,criminal_law,0.500,medium,low_confidence,MUHAMMAD PERVAIZ SULTAN vs MUHAMMAD SHAFIQ and others,"Board of Revenue, Punjab",,2025BRP203,,,,
0839d2311c7ed1207dc751aa,family_law,0.500,medium,low_confidence,"COMMISSIONER INLAND REVENUE, LAHORE vs Messrs ATTA CABLES (PVT.) LTD., LAHORE and others",Supreme Court of Pakistan,,2024S758,,,,
087c101b2649a1d37a2b2256,criminal_law,0.500,medium,low_confidence,MUHAMMAD SIDIQUE vs Syed RIAZ SHAH through LRs and others,Lahore (Multan Bench),2023-01-01,2023L2522,,,,
09430b0708116253c190d47d,family_law,0.500,medium,low_confidence,2022 P L C (C,Peshawar High Court (Mingora Bench),,2022P2013,,,,
09eacccb439a7610690af82d,criminal_law,0.500,medium,low_confidence,Messrs WAZIR COTTON GINNERS AND OIL MILLS and others vs BANK OF PUNJAB,Lahore (Bahawalpur Bench),,2025L5027,,,,
09eccfaf6b272f6d567ee477,criminal_law,0.500,medium,low_confidence,Javed Islam vs Tahir Islam and 2 others,Lahore,,2026L4043,,,,
09f6e9add3ccd320d236c418,family_law,0.500,medium,low_confidence,2010 C L D 1134,Competition Commission of Pakistan,,2010CCP5008,,,,
0a319469d43408bbf3020e47,criminal_law,0.500,medium,low_confidence,PERVAIZ AKHTAR vs Mst. FARIDA BIBI and others,,,2023S49,,,,
0a6deb2b736681f8c81beb48,criminal_law,0.500,medium,low_confidence,"AYESHA- vs ADDITIONAL SESSIONS JUDGE, SIALKOT and others-",Lahore,2022-01-01,2022L215,,,,
0aa3c6112355adb1bc81a38c,family_law,0.500,medium,low_confidence,2025 P L C (C,Chief Court Gilgit-Baltistan,,2025G2002,,,,
0aaff2d821ed0e655a8655f9,criminal_law,0.500,medium,low_confidence,Lahore Development Authority through Director General and 2 others vs Muhammad Asif and another,Lahore,,2026L4054,,,,
0aebdecefeef64ef41cf677f,family_law,0.500,medium,low_confidence,2022 S C M R 219,Supreme Court of Pakistan,,2022S728,,,,
0aebe496c0ba6233737f7e90,criminal_law,0.500,medium,low_confidence,Messrs MOBISERVE PAKISTAN (PVT.) LIMITED vs Messrs V-TECH and others,Supreme Court of Pakistan,,2025S940,,,,
0b01191b5cab29f3a2859d3e,family_law,0.500,medium,low_confidence,2024 P L C (C,Lahore High Court,2024-01-01,2024L2028,,,,
0b1234802b7ece3004fd9e65,criminal_law,0.500,medium,low_confidence,GHULAM RASUL- vs JAVED AHMAD and others-,Lahore,2022-01-01,2022L260,,,,
0b43bc00acf6234998bf5010,criminal_law,0.500,medium,low_confidence,2023 P L C (C,Lahore High Court (Bahawalpur Bench),,2023L2036,,,,
0b555459c58ab1d26d749e0d,criminal_law,0.500,medium,low_confidence,MUHAMMAD MALOOK DHAREJO and another vs Mst. MEHNAZ GUL alias ARBAB KHATOON and others,,,2025K6,,,,
0b604ac63d6c071fee3fa039,criminal_law,0.500,medium,low_confidence,Mahmooda Bibi vs Muhammad Khurshid Alem and others,Lahore,2025-01-01,2025L4007,,,,
0bbc20bb48cf5a8d8564cfe6,family_law,0.500,medium,low_confidence,"Messrs NAJAAT WELFARE FOUNDATION through General Secretary vs FEDERATION OF PAKISTAN through Secretary Ministry of Law, Justice and Parliamentary Affairs, Islamabad and 4 others",Emphasis added,,2021F1,,,,
0bc846e7c4361a4d95b82582,other_uncertain,0.500,low,"narrow_margin,signal_conflict",ABDUL HUSSAIN (Deceased) through L.Rs. and others- vs AFSAR JAN (Deceased) through L.Rs. and others-,Lahore (Rawalpindi Bench),2023-01-01,2023L270,,,,
0be7332a9f19c1756da3d916,criminal_law,0.500,medium,low_confidence,Syed MATIULLAH AGHA vs Haji MUHAMMAD HUSSAIN alias Haji MUHAMMAD HASSAN,Balochistan,,2025Q5001,,,,
0c7f464c5549a51048ac0df2,criminal_law,0.500,medium,low_confidence,NAZIR AHMAD and 10 others vs HASANULLAH and 17 others,Peshawar (Mingora Bench),,2023P2537,,,,
0d06d92ea5840143b6df7b26,other_uncertain,0.500,low,"narrow_margin,signal_conflict",Syed AMJAD HUSSAIN SHAH vs ALI AKASH alias ASIMA BIBI and 5 others,,,2021L10,,,,
0d27ce063b0af2e8bc06f557,criminal_law,0.500,medium,low_confidence,SHABBIR AHMAD (DECEASED) through Legal Heirs vs Mst. SHAHER BANO and 2 others,Lahore (Multan Bench),,2023L2547,,,,
0d474d4fd657cfef98353e04,criminal_law,0.500,medium,low_confidence,"ASSISTANT DIRECTOR MINES AND MINERAL DEPARTMENT, SWABI- vs FAZAL SADIQ and others-",Peshawar,2022-01-01,2022P222,,,,
0d9dd406e38d3cf220e276fb,family_law,0.500,medium,low_confidence,Justice QAZI FAEZ ISA and others vs PRESIDENT OF PAKISTAN and others,,,2022S16,,,,
0dad0fa2298b25543364b40f,family_law,0.500,medium,low_confidence,Ms. GULNAR vs MUHAMMAD YOUSUF BARAKZAI and 5 others,,,2023K10,,,,
0e038fa82de25c0f4332c09d,criminal_law,0.500,medium,low_confidence,MUHAMMAD ALI and others vs BALOCHISTAN SECRETARIAT QUETTA and 2 others,Balochistan,,205Q204,,,,
0e7848bbf67f7df0e628410a,criminal_law,0.500,medium,signal_conflict,MUHAMMAD AKRAM- vs MUHAMMAD ASIF-,Lahore (Multan Bench),,2022L251,,,,
0ea870710f19b8282bb5a3f9,criminal_law,0.500,medium,low_confidence,GHAZI KHAN- vs MUHAMMAD YOUSAF and 2 others-,Balochistan (Sibi Bench),,2023Q231,,,,
0ed23e8b5e2a2a70abf16a80,criminal_law,0.500,medium,low_confidence,EVACUEE TRUST PROPERTY BOARD and others- vs MUHAMMAD TUFAIL and others-,Lahore,,2023L287,,,,
0f988c31eda49cb1bcc0958a,family_law,0.500,medium,low_confidence,2025 P L C (C,Peshawar High Court,,2025P2011,,,,
0faa2a8aa33a3cd562904340,criminal_law,0.500,medium,low_confidence,"EXECUTIVE ENGINEER, HIGHWAYS DIVISION MORO and 4 others- vs NAZEER AHMED and others-",Sindh (Sukkur Bench),,2021K228,,,,
0fe27652f0e527debd203d00,criminal_law,0.500,medium,low_confidence,Mian ATTIQUE-UR-REHMAN and others vs EFU LIFE ASSURANCE LIMITED through Manager Claim Operations Department and another,Insurance Tribunal Lahore,,2026ITL5001,,,,
10979b59ad89df01465a5f63,criminal_law,0.500,medium,low_confidence,2022 P T D (Trib,Inland Revenue Appellate Tribunal,,2022IRAT6010,,,,
10dbb52702d3c7b81ab12df1,other_uncertain,0.500,low,"narrow_margin,signal_conflict",IMRAN ABBAS BHATTI- vs GOVERNMENT OF PUNJAB and others-,Lahore,,2024L221,,,,
11178f678ed949d32e002254,family_law,0.500,medium,low_confidence,2025 P L C (C,Sindh High Court (Larkana Bench),,2025K2044,,,,
114f5c53633e76bc1c112a7e,criminal_law,0.500,medium,low_confidence,Sher Muhammad vs Karam Hussain,Lahore (Rawalpindi Bench),,2025L2558,,,,
115a3d828b20f3ca298b0c95,criminal_law,0.500,medium,low_confidence,NAIMAT ALI SHAH vs ANJUM SHAGUFTA and another,Balochistan,,2024Q222,,,,
1179ead26439afbfee1d1a0a,criminal_law,0.500,medium,low_confidence,REHMATULLAH and others- vs NASEER AHMED and others-,Balochistan,,2023Q202,,,,
126ce593586168e191b40a11,criminal_law,0.500,medium,low_confidence,ABDUL WAHID RAFIQUE and 8 others vs MUHAMMAD MISKEEN and 12 others,,,2025SCAJK2,,,,
12ae3da2353902bf96ed46f9,criminal_law,0.500,medium,low_confidence,305,Supreme Court of Pakistan,,2021S1026,,,,
12c5667c4b1c2ce92536402f,family_law,0.500,medium,low_confidence,"Mst. SAMINA NAZ and others vs PAKISTAN through Secretary, Ministry of Interior, Islamabad and others",,,2021I12,,,,
130dfcf2f670f2cad7cea342,criminal_law,0.500,medium,low_confidence,AHMAD KHAN- vs MUHAMMAD AZAM-,Lahore,2021-01-01,2021L286,,,,
1364d03d18259fe901c95e9d,criminal_law,0.500,medium,low_confidence,karam Elahi vs Ahmad Din and others,Lahore,2024-01-01,2024L2584,,,,
13b666b8daaedd3b456d7b45,criminal_law,0.500,medium,low_confidence,Ghulam Shehzad Agha vs Khalid Khursheed and others,Supreme Appellate Court Gilgit-Baltistan (Gilgit),,2024SACGB5002,,,,
1401e01bcc5138826f359949,criminal_law,0.500,medium,low_confidence,SALEEMA BEGUM vs SHER ALI KHAN and 4 others,High Court (AJ&K),,2023HCAJK4002,,,,
14bef4564a722b148217cf0a,criminal_law,0.500,medium,low_confidence,MUHAMMAD IJAZ and 2 others vs AMANAT ALI,Lahore,2021-01-01,2021L4040,,,,
14f7c835e5ffba6adfebde87,criminal_law,0.500,medium,low_confidence,2025 C L C 1973,Sindh (Sukkur Bench),,2025K264,,,,
15163cbe7fa660a9d32d078b,criminal_law,0.500,medium,low_confidence,MUHAMMAD SAGHEER vs FAZAL KARIM and 3 others,Islamabad,,2022I14002,,,,
153b80ce5a7a169d8468c0fa,criminal_law,0.500,medium,low_confidence,2025 C L C 47,High Court (AJ&K),,2025HCAJK201,,,,
15721b5932564a8a815801d1,family_law,0.500,medium,low_confidence,"AZEE SECURITIES (PVT.) LIMITED vs COMMISSIONER, (SMD), SECP, ISLAMABAD",Securities and Exchange Commission of Pakistan,,2021SECP5001,,,,
159fe57cad4a8929649e9bcf,criminal_law,0.500,medium,signal_conflict,RASOOL (DECEASED) through L.Rs. and 6 others vs JANO and 10 others,Gilgit-Baltistan Chief Court,,2021G2517,,,,
15bc8b50b47fd351451a5d35,other_uncertain,0.500,low,"narrow_margin,signal_conflict",BASHIR AHMED (deceased) through his L.Rs. and others vs NAZIR AHMAD and others,Supreme Court of Pakistan,,2024S952,,,,
15ed04e4871cf9ff3f3dbe2d,criminal_law,0.500,medium,low_confidence,Ghazi Mining private limited company through its ceo vs Shahid Hussain and 6 others,Gilgit-Baltistan Chief Court,,2026G2502,,,,
164252d7c3ade0949905ed70,family_law,0.500,medium,low_confidence,KHALID MAHMOOD and 3 others vs UMARA KHAN deceased through Legal Heirs and others,Peshawar (Mingora Bench),,2021P4008,,,,
1642540aba53f061503f5cd1,criminal_law,0.500,medium,low_confidence,Mrs. AZRA RIAZ- vs ADDITIONAL DISTRICT JUDGE and others-,Lahore,2021-01-01,2021L227,,,,
169ba1cc545486b6f6965a76,criminal_law,0.500,medium,low_confidence,"MANZAR ABBAS and another vs DISTRICT POLICE OFFICER, SARGODHA and others",Supreme Court of Pakistan,,2023S966,,,,
174bd66560552e38b221136c,criminal_law,0.500,medium,low_confidence,SHARAF-UD-DIN- vs ABDUL WADOOD and 3 others-,Balochistan,,2022Q216,,,,
175d4852988d83dcde018734,criminal_law,0.500,medium,low_confidence,"Messrs MOON DENTAL CLINIC, ISLAMABAD and another vs ADDITIONAL DISTRICT JUDGE, ISLAMABAD-WEST and another",,,2026S32,,,,
18639c382023b700e90ec0c6,family_law,0.500,medium,low_confidence,2021 P L C (C,Islamabad High Court,,2021I15002,,,,
18d6e8bff613d797691d7b0e,criminal_law,0.500,medium,low_confidence,PROVINCE OF PUNJAB and others vs WASEEM ARSHAD and others,,2023-01-01,2023L55,,,,
18e230c82efe4db71e522b79,criminal_law,0.500,medium,low_confidence,Shabbir Hussain vs Muhammad Shabbir naveed (deceased) through L.R namely Mian Rasheed Ahmad Qamar Qadri,Lahore (Rawalpindi Bench),2026-01-01,2026L2508,,,,
192f4932ddfb5073dfac7f43,criminal_law,0.500,medium,low_confidence,"MUHAMMAD SHAFIQUE KHAN and others vs MADRISA TALEEM-UL-QURAN KHAIRUL MADARIS, MULTAN and another",,,2026S30,,,,
194af92bb5b5785c4e2c5a04,criminal_law,0.500,medium,low_confidence,ABDUL KHALIQUE vs NADEEM TARIQUE KHAN and others,Sindh,,2025K207,,,,
19740746bdbbedc38c44cadc,family_law,0.500,medium,low_confidence,2024 P L C (C,Lahore High Court,,2024L2026,,,,
1998a7536c4ad50ba49d85d7,family_law,0.500,medium,low_confidence,SABA FARUQUI vs GHAZALA AZIZ through duly constituted Attorney and 3 others,Sindh,,2023K4039,,,,
19eeb4e01b6cfa7bc3c4e3f9,criminal_law,0.500,medium,low_confidence,INAM SHAH vs SADDIQ JAN (daughter),Peshawar ((Abbottabad Bench),,2023P4029,,,,
1a0b0f28e9b36b4274b1b343,criminal_law,0.500,medium,signal_conflict,Syed IMTIAZ HUSSAIN (Deceased) through Legal Heirs and others vs MUHAMMAD HUSSAIN and 35 others,,,2026L36,,,,
1a2b1b3bc27cb0ca869ae46e,criminal_law,0.500,medium,low_confidence,"NESTLE PAK LIMITED, LAHORE through Authorized Signatory and another vs SHEHRYAR KURESHI and 3 others",Lahore,2024-01-01,2024L5017,,,,
1a58989ffb8e0b21912c2f56,criminal_law,0.500,medium,low_confidence,KHUSH MURAD and 6 others vs MALANG JAN,Gilgit-Baltistan Chief Court,,2022G4021,,,,
1abcf7b584968616fad68f62,criminal_law,0.500,medium,low_confidence,AHMED and another vs REHMAT ALI through legal heirs and others,,,2024K31,,,,
1ac650d5e336cbf2c15731da,criminal_law,0.500,medium,low_confidence,WAQAR ALI RAHUJO and another vs DILEEP KUMAR and others,Sindh (Hyderabad Bench),,2025K247,,,,
1aca6a7e418c808ac4ded28a,criminal_law,0.500,medium,low_confidence,IJAZ HUSSAIN and 3 others vs QAISAR MAHMOOD and 3 others,Lahore,2021-01-01,2021L4008,,,,
1af172477bdb3c06a822dc61,criminal_law,0.500,medium,low_confidence,MUHAMMAD ALI HOUSING SCHEME and others- vs KAMRAN LATIF and others-,Lahore,,2023L276,,,,
1b7703395def19252040d0b1,criminal_law,0.500,medium,low_confidence,Abdul Khaliq and another vs Muhammad Ismail and others,Balochistan,,2024Q4031,,,,
1be4983ab1105c14a1321a56,criminal_law,0.500,medium,low_confidence,BASHIR AHMED vs MUHAMMAD ZAMAN,Supreme Court of Pakistan,,2021S725,,,,
1c082a76f6d0b857143ee6ed,family_law,0.500,medium,low_confidence,Chaudhary MUHAMMAD UMAR vs HAMID SAEED and others,"Board of Revenue, Punjab",,2026BRP208,,,,
1c5176bd291f4ece995cb1b5,family_law,0.500,medium,low_confidence,NOMAN ASHRAF vs Sardar NAZAR MUHAMMAD KHAN and 2 others,High Court (AJ&K),,2022HCAJK4007,,,,
1d09b6495a8a91a6d6343042,criminal_law,0.500,medium,low_confidence,"MUHAMMAD AKBAR and others vs PROVINCE OF PUNJAB through DOR, Lodhran and others",Supreme Court of Pakistan,,2022S950,,,,
1d13140ed494f605cf0c5a48,criminal_law,0.500,medium,low_confidence,Ghulam Muhammad vs Rashidan Bibi and others,Lahore,,2026L4002,,,,
1d9d4f3845d34a3cb6117bcf,criminal_law,0.500,medium,low_confidence,2024 P L C 104,Supreme Court of Pakistan,,2024S2206,,,,
1dc82a054aff316ee804c016,family_law,0.500,medium,low_confidence,GHULAM MUSTAFA and 2 others vs GHULAM HAIDER and 9 others,,,2025Q27,,,,
1e591f7135845a810d1621d1,criminal_law,0.500,medium,low_confidence,SABIR HUSSAIN and others vs MEHBOOB HUSSAIN and others,Lahore (Rawalpindi Bench),2023-01-01,2023L4009,,,,
1e6d9258b203d9076a6c7e1b,criminal_law,0.500,medium,low_confidence,Sheikh Anwar-ul-Haq vs Abdul Ghaffar and others,Lahore,,2026L2510,,,,
1e923ee883988f06f0e2781e,criminal_law,0.500,medium,low_confidence,Mst. Munawar Jan and 6 others vs Mst. Safaidan and 4 others,Lahore (Rawalpindi Bench),,2025L2507,,,,
1e98521fdd9e66bf127ff3f2,family_law,0.500,medium,low_confidence,Syeda Rubina Shahid vs Syed Shahrukh Abbas Zaidi and 9 others,Sindh,,2025K2520,,,,
1f1f2ac1db95921ffb49b9b8,family_law,0.500,medium,low_confidence,Mian FAZL-E-KAREEM and others vs KHAN MUHAMMAD and others,,,2025P17,,,,
1f43f5b51b1c8fc837c64815,criminal_law,0.500,medium,low_confidence,KARIM DAD- vs Mst. SHAHZADGAI-,Peshawar,,2021P2524,,,,
1fec5b13678b5d4a4dd5ce94,criminal_law,0.500,medium,low_confidence,JIND WADA and others vs ADDITIONAL DISTRICT JUDGE and others,Lahore (Bahawalpur Bench),2023-01-01,2023L2527,,,,
20110d367f1c7a40586b6f77,criminal_law,0.500,medium,low_confidence,ABDUL WAHEED vs ADDITIONAL DISTRICT JUDGE and others,,,2021L38,,,,
20307635f6eda0386ecce7b5,criminal_law,0.500,medium,low_confidence,"Haji ZUBAIR AHMAD and others vs PROJECT DIRECTOR, KDA, KOHAT and others",Peshawar,,2025P219,,,,
203f4f7fc54412c204e1f5dd,criminal_law,0.500,medium,low_confidence,"PAKISTAN RAILWAYS through Chief Controller of Purchase, Pakistan Railways, Lahore vs CRRC ZIYANG CO. LIMITED, LAHORE",Supreme Court of Pakistan,,2025S5009,,,,
2045d2b320cc17c4bb600503,criminal_law,0.500,medium,low_confidence,Haji MAQBOOL AHMAD- vs NADAR KHAN and others-,Peshawar (Mingora Bench),,2024P216,,,,
20635e377311ee9948ed7006,criminal_law,0.500,medium,low_confidence,Syed MUHAMMAD vs NOORULLAH and others,Sindh,,2022K4068,,,,
20a6e9df79580736f9c49432,criminal_law,0.500,medium,low_confidence,Messrs PERFORMANCE AUTOMOTIVE PRIVATE LIMITED through Chief Executive Officer and 3 others- vs MUHAMMAD SAFWAN JAVAID and 6 others-,Islamabad,,2022I201,,,,
20bc99eb4dcdd10b0c00e253,criminal_law,0.500,medium,low_confidence,AZIZULLAH SOOMRO and another vs MUZAFAR HUSSAIN and 2 others,Sindh (Larkana Bench),,2026K208,,,,
213187bd5ff2820c104f16ee,criminal_law,0.500,medium,low_confidence,"PAKISTAN PEOPLES PARTY PARLIAMENTARIANS (PPPP) through its Secretary General and 4 others vs FEDERATION OF PAKISTAN through Secretary, Ministry of Law and Justice Islamabad and 4 others",,,2022S49,,,,
218ee84eb07512de022459e1,criminal_law,0.500,medium,low_confidence,PUNJAB MASHHAD MEAT COMPLEX and another vs MASHHAD MEAT INDUSTRIAL COMPLEX,Lahore,,2024L5033,,,,
21a16c209b776b662f97831f,family_law,0.500,medium,low_confidence,Sheikh ABDUL HALIM and others- vs GHULAM NABI through L.Rs. and others-,Supreme Court of Pakistan,,2006S1130,,,,
21e62620b36a520988ce50a2,criminal_law,0.500,medium,low_confidence,2024 P L C (C,Supreme Court of Pakistan,2024-01-01,2024S2002,,,,
21e664c7ebd29e8697ab7b2b,criminal_law,0.500,medium,low_confidence,Messrs SGEC-AMC JV through Authorized Officer vs NATIONAL HIGHWAY AUTHORITY through Chairman,Islamabad,,2024I5004,,,,
22741f95454b4595b59a91ff,family_law,0.500,medium,low_confidence,MARIAM BIBI through Abida Parveen vs NASEER AHMAD and 2 others,,,2015L41,,,,
22a9d4d8396c627e0b9e2730,family_law,0.500,medium,low_confidence,2022 P L C (C,Peshawar High Court (Abbottabad Bench),,2022P2030,,,,
22dbe853b4e3711929b52e67,criminal_law,0.500,medium,low_confidence,Mst. JAMEELA BIBI (DECEASED) through LRs vs Mst. FATIMA BIBI (DECEASED) through LRs,Supreme Court of Pakistan,,2023S764,,,,
22f6105b67bfda20d3e85d7a,criminal_law,0.500,medium,low_confidence,"UMAR KHAN vs HEAD QUARTER SPECIAL COMMUNICATION ORGANIZATION (SCO), RAWALPINDI through Director General (SCO) and 9 others",Gilgit-Baltistan Chief Court,,2021G4007,,,,
2302bebccdb4e2e955ec7426,family_law,0.500,medium,low_confidence,"PUBLIC INTEREST LAW ASSOCIATION OF PAKISTAN registered under the Societies Act, 1860 through authorized person Chaudhry Awais Ahmed vs PROVINCE OF PUNJAB through Chief Secretary, Civil Secretariat, Lower Mall, Lahore and others",Supreme Court of Pakistan,,2023S827,,,,
231be5c78b9bcd4668d27ced,criminal_law,0.500,medium,low_confidence,Messrs PREMIUM DEVELOPERS through Chief Executive vs MUHAMMAD TARIQ,Lahore,,2023L2540,,,,
235bffebc9ffc09d25c8bace,criminal_law,0.500,medium,low_confidence,GOVERNMENT OF KHYBER PAKHTUNKHWA through Chief Secretary and others vs JEHANZEB KHAN (deceased) through legal heirs and others,Peshawar (Mingora Bench),,2023P4019,,,,
236d96d1fe106cb20451e031,family_law,0.500,medium,low_confidence,2025 P L C (C,Sindh High Court (Sukkur Bench),,2025K2001,,,,
23702879d788be46dc285aca,criminal_law,0.500,medium,low_confidence,BIBI IMDAD KHATOON and others vs Syed BAHAR ALI SHAH and others,Sindh (Sukkur Bench),,2024K247,,,,
2373652d9cb27d7f490cfae4,criminal_law,0.500,medium,low_confidence,ALLAH DITTA and others vs MUHAMMAD ANWAR and others,Lahore (Multan Bench),,2022L4013,,,,
23ef120c9f56f5e66335de56,family_law,0.500,medium,low_confidence,Mst. KISHWAR vs ABDUL DEHYAN and others,Peshawar,,2004P208,,,,
2402c0b9ed0b2c89826fe0ba,family_law,0.500,medium,low_confidence,Mst. SANA ASLAM through Special Power of Attorney- vs ALI IMRAN and 4 others-,Lahore,,2024L228,,,,
2484b15bea6c911faea76719,criminal_law,0.500,medium,low_confidence,Mst. NASREEN FATIMA vs MUHAMMAD ABBAS KHAN and others,Lahore (Multan Bench),2020-01-01,2026L240,,,,
2485f37d74a2a35281374fc6,criminal_law,0.500,medium,low_confidence,YOUSAF KHAN and another vs ALTAF KHAN and others,Peshawar,,2025P207,,,,
249aed35b1d054a8419f3096,criminal_law,0.500,medium,low_confidence,MUHAMMAD ALAM vs Malik ZAHOOR AHMED and another,Balochistan,,205Q207,,,,
24a808dc0c35a00b4e466fde,criminal_law,0.500,medium,low_confidence,MUHAMMAD SHAH and 9 others vs IBRAHIM KHAN alias BALA KHAN and 2 others,Gilgit-Baltistan Chief Court,,2021G4022,,,,
257e196974f399371235564e,criminal_law,0.500,medium,low_confidence,2020 P L C  (C,Sindh High Court (Larkana Bench),,2026K2015,,,,
25f0cb67512d6f4b5fb8e935,family_law,0.500,medium,low_confidence,2022 P T D 648,Sindh High Court,,2022K6029,,,,
2611e7d07005306ca575eda5,family_law,0.500,medium,low_confidence,2025 P L C (C,Supreme Court (AJ&K),,2025SCAJK2007,,,,
261fb37830f735513dffefe3,criminal_law,0.500,medium,low_confidence,HASHIM KHAN and others vs Mst. MUSARAT BEGUM and others,Supreme Court of Pakistan,,2025S777,,,,
263c546ba8c7ad833387ecda,criminal_law,0.500,medium,low_confidence,MUHAMMAD ASLAM and others vs MUHAMMAD YOUSAF and others,Lahore,2022-01-01,2022L4112,,,,
264b8994e4c7a30ca57edc65,criminal_law,0.500,medium,low_confidence,Mst. NUSRAT FAREED vs Haji AHMED MUJAHID and 2 others,,,2024K8,,,,
268ded80e26c6824a5cfe758,criminal_law,0.500,medium,low_confidence,MUHAMMAD AYUB (DECEASED) through L.Rs.- vs HASHIM KHAN (DECEASED) through L.Rs. and others-,Lahore (Rawalpindi Bench),2023-01-01,2023L218,,,,
2698faab999b2f92763364ea,family_law,0.500,medium,low_confidence,2023 P L C (C,Peshawar High Court (Mingora Bench),,2023P2024,,,,
2724f1c33e0b53936d565b6f,criminal_law,0.500,medium,low_confidence,Muhammad Rehman and others vs Asim Rasheed and others,Lahore,,2024L4094,,,,
274eee0cffc5340afb1c834c,criminal_law,0.500,medium,low_confidence,SALEEM KHAN- vs Mst. ZEENAT and others-,Lahore (Multan Bench),,2023L250,,,,
275090dcd8d7f8443558813c,criminal_law,0.500,medium,low_confidence,MUHAMMAD SHAREEF (DECEASED) through LRs and others- vs MUHAMMAD RAMZAN (DECEASED) through LRs and others-,Lahore,,2023L228,,,,
27a3b3db0aded067683a3d37,family_law,0.500,medium,low_confidence,"GOVERNMENT OF KHYBER PAKHTUNKHWA though Chief Secretary Civil Secretariat, Peshawar and others vs SHAH FAISAL WAHAB and others",Supreme Court of Pakistan,,2023S908,,,,
27b167cb5a01b9b68bc56bb0,criminal_law,0.500,medium,low_confidence,MUHAMMAD AMIN and others- vs Haji ABDUL WAHID and others-,Balochistan,,2024Q207,,,,
28073409c8d430a1ed5475eb,criminal_law,0.500,medium,low_confidence,IFTIKHAR ALI ABBASI and others vs GHULAM QADIR and others,,,2025S55,,,,
28126773ee1a5874a1483046,criminal_law,0.500,medium,low_confidence,FALAK SHER and others vs HASHMAT BIBI and others,,,2025L33,,,,
28e71cf8a358bcc14506d9ef,family_law,0.500,medium,signal_conflict,Nasreen Bibi vs Station House Officer and others,Lahore,,2024L3074,,,,
28f59e146dd43535e8f3e732,family_law,0.500,medium,low_confidence,2023 P L C (C,High Court (AJ&K),,2023HCAJK2012,,,,
2912917fefc16af250a3a6ed,family_law,0.500,medium,low_confidence,"STATE LIFE INSURANCE CORPORATION OF PAKISTAN, KARACHI vs NINA INDUSTRIES LIMITED, KARACHI and others",Supreme Court of Pakistan,,2025S5002,,,,
294a3759c7e2a53e75072516,family_law,0.500,medium,low_confidence,2021 P T D 1245,Sindh High Court,,2021K6044,,,,
296389a087fa21b83ad3633f,criminal_law,0.500,medium,low_confidence,MUHAMMAD SOBAN vs GOVERNMENT OF PAKISTAN and others,,,2026L41,,,,
29680aa981fec7d653654a0e,criminal_law,0.500,medium,low_confidence,Sardar Muhammad Boota vs Jaffar Ali (deceased) through LRs and others,Lahore,,2026L2543,,,,
29c845b71604886f9f0370b4,criminal_law,0.500,medium,low_confidence,HABIB-UR-REHMAN- vs GHULAM MUHAMMAD (LATE) through Legal Heirs and others-,Balochistan,,2023Q212,,,,
29cefddd0a84b60569cc8787,criminal_law,0.500,medium,low_confidence,SAEED AHMED and 4 others vs BIBI KHOURD and others,,,2025Q20,,,,
2a23d8a26e3d6627e3c5cdd7,criminal_law,0.500,medium,low_confidence,"CHAKLALA CANTONMENT BOARD through Executive Officer, Rawalpindi vs Messrs UMAR KHAN & CO. and others",Lahore (Rawalpindi Bench),2025-01-01,2025L219,,,,
2a5597a5c309c077a12cb0b8,family_law,0.500,medium,low_confidence,AL-KHALID FLOUR MILLS vs GOVERNMENT OF PUNJAB and others,Lahore (Rawalpindi Bench),2024-01-01,2024L2509,,,,
2a58c1060f138146120a1649,family_law,0.500,medium,low_confidence,2025 P L C (C,Supreme Court of Pakistan,,2025S2041,,,,
2a68518ee25c61c4116ad40e,criminal_law,0.500,medium,low_confidence,AHLIANE SUNDUS through Representative and 5 others vs Khawaja AMIR JAN through legal heirs and 5 others,Gilgit-Baltistan Chief Court,,2021G4021,,,,
2a927b27c1673680d9b6e4b7,criminal_law,0.500,medium,low_confidence,Qazi MUMTAZ HUSSAIN and others vs GOVERNMENT OF SINDH through Secretary Revenue and others,Supreme Court of Pakistan,,2025S840,,,,
2a96d932a571aca8d209684c,criminal_law,0.500,medium,low_confidence,"Before Wiqar Ahmad, JSIRHIND ZADA vs AMIR ZADA and 10 others",Peshawar (Mingora Bench),,2021P4039,,,,
2ae864a9ba0109c46747f8e8,criminal_law,0.500,medium,low_confidence,ANJUMAN GHULAMAN MUSTAFA vs DARUL ISLAMIA SOCIETY and others,,,2024S27,,,,
2b678fddcd02c29b02fdc704,criminal_law,0.500,medium,low_confidence,Nargis Bibi (widow) through her legal heirs and others vs Muhammad Amin and others,Lahore,2024-01-01,2024L4097,,,,
2b694b48675e225855b7d7b9,family_law,0.500,medium,low_confidence,"MUBASHIR AHMAD ALMAS vs PROVINCE OF PUNJAB through Chief Secretary, Lahore and others",,2021-01-01,2021L62,,,,
2b7393a179ae22a8754822ec,criminal_law,0.500,medium,signal_conflict,ATTA ELAHI- vs ALLAH BACHAYA and others-,Lahore (Bahawalpur Bench),2024-01-01,2024L202,,,,
2b94068d3b59708f98fbcb29,criminal_law,0.500,medium,low_confidence,Abdar Khan vs Shahid and others,Sindh (Sukkur Bench),,2025K2552,,,,
2bb46c73d2ba47fb9e44ad2c,criminal_law,0.500,medium,low_confidence,2024 P T D 299,Lahore High Court (Rawalpindi Bench),2024-01-01,2024L6012,,,,
2bbd90645df3f606e987c589,criminal_law,0.500,medium,low_confidence,Ubaid Ullah and others vs Sarfaraz Khan and another,Peshawar,,2024P4056,,,,
2bea2722df1b774246b2ee50,criminal_law,0.500,medium,low_confidence,FEDERATION OF PAKISTAN- vs NASIR MUNIR AHMED and others-,Lahore,,2022L287,,,,
2bf273a5c93fa9671cf86f0c,criminal_law,0.500,medium,low_confidence,SHAH HUSSAIN vs DIN MUHAMMAD and another,Peshawar,,2022P2502,,,,
2c67be0f449d8901e2c93ebd,criminal_law,0.500,medium,low_confidence,Lal Zada- vs Bakht Afsar and others-,Peshawar (Mingora Bench),,2024P2521,,,,
2c89549be1cb9e97b3832be0,family_law,0.500,medium,low_confidence,"The PROVINCE OF PUNJAB through Secretary, Finance Department, Government of the Punjab, Lahore and others vs KANWAL RASHID and others",Supreme Court of Pakistan,,2021S838,,,,
2cdeb8eae128bfc5ecb1eb4a,criminal_law,0.500,medium,low_confidence,WALAYAT ALI vs SAFEER HUSSAIN SHAH and 4 others,,,2023HCAJK15,,,,
2dd00a7f8840a5d4ef5c07e9,criminal_law,0.500,medium,low_confidence,Mst. ADALAT BIBI- vs Mst. SOCHA BIBI and others-,Peshawar (Mingora Bench),,2023P227,,,,
2e3ce93d871e9b36299c37ce,criminal_law,0.500,medium,low_confidence,MUSHTAQ UL AARIFIN and others vs MUMTAZ MUHAMMAD and others,Supreme Court of Pakistan,,2022S711,,,,
2ed077086ae42e09f0dd4eba,criminal_law,0.500,medium,signal_conflict,MUHAMMAD RAFIQ vs Mst. GHULAM ZOHARAN MAI and another,Supreme Court of Pakistan,,2023S831,,,,
2f03d27186ad083789dee915,criminal_law,0.500,medium,low_confidence,PROVINCE OF PUNJAB through D.O.(R) Sahiwal- vs DISTRICT JUDGE and others-,Lahore (Multan Bench),,2022L245,,,,
2f06fbd5dd1e0c48810900d1,criminal_law,0.500,medium,low_confidence,2024 P L C 46,Balochistan High Court,,2024Q2201,,,,
2f25d10d97a3f114d99fcb03,criminal_law,0.500,medium,low_confidence,Mst. AZIZAN BIBI vs NASIR MEHMOOD,Lahore,,2022L2601,,,,
2f29a1135887ce67242d828b,criminal_law,0.500,medium,low_confidence,Mst. BIBI FATIMA vs MUHAMMAD SARWAR,Supreme Court of Pakistan,,2022S837,,,,
2f5d426e4430c9a9c057d9c6,criminal_law,0.500,medium,low_confidence,WAQAS YAQUB vs ADEEL YAQUB and another,Lahore (Rawalpindi Bench),2024-01-01,2024L5032,,,,
2f8d3db51e805fc2e63bb59d,other_uncertain,0.500,low,"narrow_margin,signal_conflict",BAHADUR GOLO and others vs QAIMUDDIN GOLO and others,Sindh (Larkana Bench),,2026K218,,,,
2f912810cb7f171d5e7e321f,criminal_law,0.500,medium,signal_conflict,MUHAMMAD HASHIM KHAN and 3 others vs ABDUL ALEEM through L.Rs. and others,Peshawar (Mingora Bench),,2024P4028,,,,
2faed38a602fc9dd0c8944bd,family_law,0.500,medium,low_confidence,2020 P L C  (C,Lahore High Court,2020-01-01,2026L2022,,,,
30677a3df9fc1ec072bc20ff,criminal_law,0.500,medium,low_confidence,KARIM DAD KHAN through L.R vs MANSAB DAD KHAN and others,Sindh,,2025K232,,,,
30d096019cd853134618d591,other_uncertain,0.500,low,"narrow_margin,signal_conflict",Mst. SEHAT BIBI vs BAHAR KHAN and 2 others,Supreme Court of Pakistan,,2024S817,,,,
3119e82e567bee310d1918ac,criminal_law,0.500,medium,low_confidence,Saeed Ahmed and 3 others vs Abdl Rasheed and 10 others,Balochistan,,2026Q4008,,,,
311bfa57e7aed9c7cad36aff,criminal_law,0.500,medium,low_confidence,MUHAMMAD AHMED SHAIKH and others vs SHABBIR AHMED,Supreme Court of Pakistan,,2025S917,,,,
31301b80b1d5632f077f0370,criminal_law,0.500,medium,low_confidence,Muhammad Asghar vs Sikandar Mehmood Dai,Lahore (Bahawalpur Bench),2024-01-01,2024L4077,,,,
3142ae1b80d68d62665a3626,criminal_law,0.500,medium,low_confidence,MUHAMMAD HUSSAIN and 2 others vs ALI MUHAMMAD and others,,2025-01-01,2025L56,,,,
319d1ba269648ea5e8ac4fd5,family_law,0.500,medium,low_confidence,GHULAM SHABBIR- vs Mst. TANZEELA NUSRAT and others-,Lahore (Rawalpindi Bench),,2023L292,,,,
32069b23f019756716053cb2,criminal_law,0.500,medium,low_confidence,HAMID NASRULLAH RANJHA vs The CIVIL JUDGE ISLAMABAD-WEST and others,Islamabad,,2024I2501,,,,
322128f66bd3c20e7aa1a90e,family_law,0.500,medium,low_confidence,GHULAM NABI and others vs BIBI TAHIRA and others,Balochistan,,2025Q225,,,,
32c4968d60c48c0a4af40ee4,criminal_law,0.500,medium,low_confidence,IMRAN AHMAD KHAN NIAZI vs Main MUHAMMAD SHAHBAZ SHARIF,Supreme Court of Pakistan,,2023S782,,,,
32d396b89bed3f2b7aede8a9,criminal_law,0.500,medium,low_confidence,"Faiz Muhammad and others vs Province of Sindh through Secretary, Revenue Department and others",Sindh (Hyderabad Bench),,2024K2528,,,,
32f09e7d40e4ea91e8561303,criminal_law,0.500,medium,low_confidence,MUHAMMAD MANSAB vs MUHAMMAD HANIF,Supreme Court of Pakistan,,2025S708,,,,
3370900e91f8c6733d39f4f0,criminal_law,0.500,medium,signal_conflict,MUNIR AHMAD and 3 others vs ZAFAR IQBAL and 13 others,Lahore,,2021L2503,,,,
337602e93ba6450e7891b6c3,criminal_law,0.500,medium,low_confidence,BASHIR AHMAD vs SHAHID NADEEM,Lahore (Bahawalpur Bench),2022-01-01,2022L2602,,,,
33aac4b57c8f7802e13c5b61,family_law,0.500,medium,low_confidence,JAMSHAID AHMAD DASTI vs GOVERNMENT OF PUNJAB and others,,,2025L55,,,,
33dabc5578b8e8ab4e0a062a,criminal_law,0.500,medium,low_confidence,Syed MUHAMMAD ALI- vs Mst. KHURSHEED JEHAN and 9 others-,Sindh,,2022K201,,,,
3412905a73d90fd64be9f71f,criminal_law,0.500,medium,low_confidence,ASAD-UR-REHMAN vs USMAN SHAHID and 8 others,,,2023HCAJK10,,,,
34c4a019da59e98f04241ce8,criminal_law,0.500,medium,low_confidence,ZEBA ILYAS vs KARACHI METROPOLITAN CORPORATION through Administrator and 3 others,Sindh,,2024K2515,,,,
34c9e18460ddb7dd5d888b85,criminal_law,0.500,medium,low_confidence,"BANK ALFALAH LIMITED, LAHORE through Muhammad Rafiq and Syed Aqeel Abbas vs PUNJAB SMALL INDUSTRIES CORPORATION through Managing Director",Lahore,2023-01-01,2023L5001,,,,
34f33f370fc4f9f571f26539,criminal_law,0.500,medium,low_confidence,MUHAMMAD ARSHAD vs MUHAMMAD RAFIQUE (Deceased) through L.Rs. and another,Lahore (Multan Bench),,2023L4100,,,,
3507f77b31a410ca8f772984,family_law,0.500,medium,low_confidence,2024 P L C (C,Sindh High Court (Sukkur Bench),,2024K2039,,,,
3595000d10222c7fc805c54f,criminal_law,0.500,medium,low_confidence,CHAKAR BIJARANI and 2 others vs ABDUL RASOOL BIJARANI and others,Sindh (Larkana Bench),,2024K239,,,,
360db028f15a06659e43e80d,criminal_law,0.500,medium,low_confidence,Mariam Jan vs Ilyas Khan and 13 others,High Court (AJ&K),,2024HCAJK4002,,,,
364be3527e2d3d0b990fb34f,criminal_law,0.500,medium,low_confidence,Haji SHINKAI vs ABDUL SHAKOOR and others,Supreme Court of Pakistan,,2024S747,,,,
36cf13ce1b9dc9b5d40eb6c2,criminal_law,0.500,medium,low_confidence,SULTAN MAHMOOD and another vs MUNIR AHMAD,,,2025S31,,,,
3747519b4d02663cff18a4ea,criminal_law,0.500,medium,low_confidence,Syed ALI AHMED SHAH vs Syed SHOUKAT HUSSAIN SHAH and others,Supreme Court of Pakistan,,2025S745,,,,
38165e1b7b659eec7656a440,criminal_law,0.500,medium,low_confidence,Shaikh SULTAN AHMED- vs IFTIKHARUDDIN PARACHA-,Sindh,,2024K232,,,,
38d1a308d34d00f5abc74643,criminal_law,0.500,medium,low_confidence,SHAHZADA HASSAN and 4 others vs Mst. GUL ADAM,Gilgit-Baltistan Chief Court,,2022G2516,,,,
38d67721b3a27869e3144385,criminal_law,0.500,medium,signal_conflict,ABDUL HASSAN and another vs MUHAMMAD ABBAS,Gilgit-Baltistan Chief Court,,2023G2507,,,,
3920cfff01ff61f2a8dee45a,other_uncertain,0.500,low,"narrow_margin,signal_conflict","Messrs KASHF FOUNDATION vs EXECUTIVE DIRECTOR, ADJUDICATION-I",Securities and Exchange Commission of Pakistan,,2026SECP5002,,,,
393ec49e10a629bf4e77a131,criminal_law,0.500,medium,low_confidence,"FAROOQ AHMED vs SECRETARY, BALOCHISTAN PROVINCIAL ASSEMBLY, QUETTA and others",Supreme Court of Pakistan,,2024S956,,,,
39571d6386413b939b3060f5,criminal_law,0.500,medium,low_confidence,"ABDUL WAHEED QASMI and 3 others vs AZAD JAMMU AND KASHMIR GOVERNMENT through Chief Secretary, Muzaffarabad and 16 others",,,2023HCAJK1,,,,
39a31c6f5ef129e2c4b96882,criminal_law,0.500,medium,low_confidence,QAZI SIDDIQUE AKBAR through Legal Heirs- vs HASSAN AKHTAR and others-,Islamabad,,2022I202,,,,
39bb05c7af42b41d2db8c507,criminal_law,0.500,medium,low_confidence,Muhammad Ilyas Abbasi vs M/s Hakas (Pvt.) Ltd. through Manager Finance and 12 others,Islamabad,,2026I2501,,,,
3ab5c7460e76a9af0a3f125f,other_uncertain,0.500,low,"narrow_margin,signal_conflict",AMEER HUSSAIN vs GOVERNMENT OF PUNJAB and others,,,2021L59,,,,
3ae1c7e7e941c06792677b5a,criminal_law,0.500,medium,low_confidence,Muhammad Akram vs Province of Punjab through Collector District Sialkot and others,Lahore,,2026L2509,,,,
3b3ba45f8f8d42e318c094ab,criminal_law,0.500,medium,low_confidence,Fazal Muhammad vs Lal Gul and 3 others,Balochistan,,2026Q2511,,,,
3b8b4a3af335cf21158af6a5,criminal_law,0.500,medium,low_confidence,TASLEEM HUSSAIN (decd) through L.R.s and others vs ALLAHDAD SHAH and others,Supreme Court of Pakistan,,2025S749,,,,
3b9d8b53f911382e996563be,criminal_law,0.500,medium,low_confidence,"ZAHID IQBAL- vs ADDITIONAL DISTRICT JUDGE, LAHORE and others-",Lahore,,2023L258,,,,
3babadafea5d93bf6121047c,criminal_law,0.500,medium,low_confidence,Mst. SAHIB KHATOON alias SABAN- vs MUHAMMAD RAMZAN (Deceased) through L.Rs.-,Lahore,2024-01-01,2024L278,,,,
3bd6341d1fb00a450fc657be,other_uncertain,0.500,low,"narrow_margin,signal_conflict",NADIA ALAM vs The STATE through Advocate General Azad Jammu and Kashmir and 3 others,High Court (AJ&K),,2023HCAJK4004,,,,
3bd7ae50805a907725f57a41,criminal_law,0.500,medium,low_confidence,"GHAYOOR HUSSAIN SHAH and 3 others- vs DISTRICT JUDGE BAGH, DISTRICT BAGH, AZAD JAMMU AND KASHMIR and 42 others-",High Court (AJ&K),,2023HCAJK205,,,,
3bfe4e28b07c4c4a7c1eba27,criminal_law,0.500,medium,low_confidence,AHMAD BAKHSH vs IMAM BAKHSH and others,Lahore (Multan Bench),2023-01-01,2023L2553,,,,
3c00bb2480ab4c539bd9f3a4,criminal_law,0.500,medium,low_confidence,RAHIM KHAN and others- vs NASIR KHAN and others-,Peshawar (Mingora Bench),,2024P211,,,,
3c4d83b39f1e0f7a20c407aa,criminal_law,0.500,medium,low_confidence,Mst. JEHAN BANO and others vs MEHRABAN SHAH and others,Supreme Court of Pakistan,,2024S832,,,,
3c664e69260f00c8f9cc20b7,criminal_law,0.500,medium,low_confidence,SAWAB DIN and others- vs CIVIL JUDGE DERA BUGTI AT SUI and others-,Balochistan (Sibi Bench),,2023Q207,,,,
3ca7bef8a1bd7793951862b2,criminal_law,0.500,medium,low_confidence,"RASOOL BUX vs The PROVINCE OF SINDH through Secretary Revenue Department, Karachi and others",Sindh (Sukkur Bench),,2025K256,,,,
3ca994eb4d78f56c9f31c5cb,criminal_law,0.500,medium,low_confidence,2023 P L C (C,High Court (AJ&K),,2023HCAJK2006,,,,
3cb087472ee9a62d1fafa019,criminal_law,0.500,medium,low_confidence,305,,,2021S10,,,,
3d3e877ee526ebb466b117d1,criminal_law,0.500,medium,low_confidence,NOOR AJAB and 3 others vs AHMED NAWAZ KHAN and 2 others,Peshawar,,2023P2512,,,,
3d7d35e2d618b8752eccd16e,criminal_law,0.500,medium,low_confidence,MUHAMMAD RAMZAN KHOKHAR vs MUHAMMAD RIAZ and others,Islamabad,,2024I230,,,,
3dcba8938ec401d924907f19,family_law,0.500,medium,low_confidence,2024 P T D 321,Supreme Court of Pakistan,,2024S6004,,,,
3dd06deb94bff16094c0c541,criminal_law,0.500,medium,signal_conflict,Mst. RASOOLAN BIBI- vs PROVINCE OF PUNJAB and others-,Lahore,2023-01-01,2023L247,,,,
3ede644cb03ce50ed40e5c48,criminal_law,0.500,medium,low_confidence,IJAZ AHMED vs NOOR UL AMEEN,Supreme Court of Pakistan,,2022S948,,,,
3ef982a113cfcbb5a9828b0d,criminal_law,0.500,medium,low_confidence,"Mian GUL SHAHZADA AURANGZEB and 15 others vs DISTRICT COORDINATION OFFICER, SWAT and others",Peshawar (Mingora Bench),,2026P211,,,,
3f8e0c11208a879438661da4,criminal_law,0.500,medium,low_confidence,MUHAMMAD DILSHAD and others vs MUHAMMAD AKRAM and others,Lahore,2023-01-01,2023L4007,,,,
3fdd758bf369ff21865998d7,criminal_law,0.500,medium,low_confidence,MUHAMMAD ASHRAF- vs RIAZ MAHMOOD-,Lahore,,2022L276,,,,
3ff13b5456d02819a2696010,family_law,0.500,medium,low_confidence,ABDUR REHMAN vs SECRETARY LOCAL GOVERNMENT and others,Peshawar,,2025P220,,,,
3ff2c461a7175eb4409175b5,criminal_law,0.500,medium,low_confidence,Ghulam Mustafa vs Province of the Punjab and others,Lahore (Multan Bench),,2026L2540,,,,
4013c48f5cc062f49d06a459,criminal_law,0.500,medium,low_confidence,"IMRAN AHMAD KHAN NIAZI vs FEDERATION OF PAKISTAN through Secretary, Law and Justice Division, Islamabad and another",,,2024S9,,,,
4024f4c293dd3a87c47b6429,family_law,0.500,medium,low_confidence,2025 P L C (C,Sindh High Court,,2025K2034,,,,
40294524b00d71599ae3ea18,criminal_law,0.500,medium,low_confidence,SAID ALI and 3 others vs NOOR ALI and 3 others,Peshawar,,2021P2533,,,,
40324ad065b2f20af5ac0940,criminal_law,0.500,medium,low_confidence,JAMSHED KHAN and 6 others vs AKBAR KHAN and 15 others,Emphasis Supplied,,2026L14,,,,
4039ed1b8c1fee76170337aa,criminal_law,0.500,medium,low_confidence,COLLECTOR/DEPUTY COMMISSIONER GILGIT and 2 others vs ABDUL WAHID and 3 others,Gilgit-Baltistan Chief Court,,2022G4032,,,,
406659acf9a2daf8375ca31d,criminal_law,0.500,medium,low_confidence,Mian Muhammad Ramzan vs Mubashar Afzal Butt,Lahore,2026-01-01,2026L2517,,,,
40cbc5c42e5dc466f91b47b6,criminal_law,0.500,medium,low_confidence,MUHAMMAD YASIN- vs MUHAMMAD ISMAIL and others-,Lahore,,2024L245,,,,
40f3e557f76cb7bc6b275097,criminal_law,0.500,medium,low_confidence,"MUHAMMAD MADNI and 11 others vs PROVINCE OF PUNJAB through District Officer Revenue, Lodhran and another",Lahore (Multan Bench),2023-01-01,2023L4050,,,,
41466c6806e2b8ce0cecfb61,criminal_law,0.500,medium,low_confidence,HABIB-UR-REHMAN and others vs ABDUL KARIM (deceased) through L.Rs and others,Supreme Court of Pakistan,,2025S875,,,,
4148228cd95ef9a29b93f0cb,criminal_law,0.500,medium,low_confidence,Mst. SHAHNAZ SHAFIQ and 2 others vs Mst. GULNAR KHALID and 4 others,Lahore,,2023L4061,,,,
417c0e72f904206db2597c25,criminal_law,0.500,medium,low_confidence,ASAD MUMTAZ WARRAICH vs ALI MUMTAZ WARRAICH,,,2024L15,,,,
41c88a9bb4ad843792d8c951,criminal_law,0.500,medium,low_confidence,2026 P L C (C,Islamabad High Court,2026-01-01,2026I2009,,,,
41c9f0d9c8113c472001a2fc,criminal_law,0.500,medium,low_confidence,Khawaja JAVED MEHMOOD- vs PUNJAB SMALL INDUSTRIES CORPORATION through Regional Director Rawalpindi and 2 others-,Lahore (Rawalpindi Bench),2024-01-01,2024L272,,,,
41cecd8416d040d81e1cf8bb,criminal_law,0.500,medium,low_confidence,Messrs OILBOY (PVT.) LTD. vs Messrs PAK QATAR INVESTMENT (PVT.) LTD.,Sindh,,2025K5012,,,,
41fc2f6ff77beeb30aff959d,criminal_law,0.500,medium,low_confidence,"GHULAM MURTAZA vs DISTRICT POLICE OFFICER, GUJRAT and others",Supreme Court of Pakistan,,2026S824,,,,
4201011c19afa67f4ea0c41c,family_law,0.500,medium,low_confidence,2022 P L C (C,Peshawar High Court (Mingora Bench),,2022P2029,,,,
42090bd4c36c3fcfe56c54f2,criminal_law,0.500,medium,low_confidence,MUHAMMAD AHMED vs MUHAMMAD ISMAIL and others,Sindh,,2024K2524,,,,
426e56abb3d0154529cf011b,family_law,0.500,medium,low_confidence,2023 P T D 102,Islamabad High Court,,2023I6002,,,,
428d84e2c52c752c9816fd79,criminal_law,0.500,medium,low_confidence,NAZEER AHMAD vs MUHAMMAD SADIQ (DECEASED) through L.Rs and 2 others,Lahore,2024-01-01,2024L2501,,,,
42b0188763e1eaf3773b5e51,family_law,0.500,medium,low_confidence,PROVINCE OF SINDH and others vs AMANULLAH and others,Supreme Court of Pakistan,,2025S954,,,,
43204c44f60cb966d2817781,criminal_law,0.500,medium,low_confidence,Mst. SHEEDAN BEGUM and others vs MUHAMMAD USMAN KHAN and others,Lahore,2021-01-01,2021L2588,,,,
434dee21c64338f685e5d4e1,criminal_law,0.500,medium,low_confidence,Sheikh KHALID JAVAID vs SHAMAS UD DIN CHISHTI,Lahore (Multan Bench),,2025L225,,,,
436d7dd2644f6eedcfa2e2c8,criminal_law,0.500,medium,low_confidence,Mst. ANWARI BEGUM vs MUHAMMAD AKRAM,Lahore,,2022L2533,,,,
437d6902a1df03100d83f34e,criminal_law,0.500,medium,low_confidence,Lahore Development Authority through Director General vs Farah Inam and 5 others,Lahore,2025-01-01,2025L2515,,,,
4388877b8d22a136ad9cfab2,criminal_law,0.500,medium,signal_conflict,MUHAMMAD AZEEM KHAN and others vs MUHAMMAD IMRAN KHAN and others,Peshawar (D.I. Khan Bench),,2024P221,,,,
43b7f1480f7f129be5dbf7f8,other_uncertain,0.500,low,"narrow_margin,signal_conflict",MUHAMMAD RIAZ vs ARSHAD ALI and others,Lahore,2020-01-01,2026L236,,,,
43f70cec5281e236b85281ee,family_law,0.500,medium,low_confidence,Mst. RAZIA BEGUM vs PUBLIC AT LARGE and others,,,2025L4,,,,
43ffdc8ef06ca13ed20944af,criminal_law,0.500,medium,low_confidence,ALI MURAD PIRKANI and others- vs ABDUL MALIK and others-,Balochistan (Sibi Bench),,2024Q202,,,,
440d1992be63ea3ca16fab75,criminal_law,0.500,medium,low_confidence,"AMINA BIBI and another vs PROVINCE OF PUNJAB through Distrcit Collector, Sahiwal and others",Lahore,,2025L296,,,,
44174f1aaebd0d9be159313a,criminal_law,0.500,medium,low_confidence,UMER KHAYAM JOGEZAI and 4 others vs MUMTAZ and 22 others,,,2025Q21,,,,
4425a68b62c4dc45cfaf44d4,family_law,0.500,medium,low_confidence,2023 P L C (C,Lahore High Court,,2023L2025,,,,
443aadc8af879ecab736e4ef,criminal_law,0.500,medium,low_confidence,GHULAM HUSSAIN (deceased) through Legal heirs and others vs SHER MUHAMMAD (deceased) through Legal heirs and others,Lahore,,2024L4004,,,,
447b2322934e4f7353576a51,criminal_law,0.500,medium,low_confidence,MUHAMMAD ALI- vs Mian MAQBOOL AHMED-,Lahore (Multan Bench),,2022L289,,,,
44841572217e58c09199d0f8,criminal_law,0.500,medium,low_confidence,"PROVINCE OF PUNJAB through Secretary Colonies, Board of Revenue Punjab, Lahore and 2 others vs Ch. ABDUL HAMEED",Lahore,,2026L237,,,,
44c72049d886b0d5741cb8fb,criminal_law,0.500,medium,low_confidence,Syed Najam Raza Naqvi vs Mst. Badar Jahan and 9 others,Sindh,,2026K4037,,,,
44e682995a7d04f8e46993f0,family_law,0.500,medium,low_confidence,"Chaudhary MUNAWAR AHMED and others vs HIGHER EDUCATION COMMISSION through Chairman Higher Education Commission, Islamabad and others",Supreme Court of Pakistan,,2023S708,,,,
44f9b7f9bc84fd57f6287926,criminal_law,0.500,medium,low_confidence,JAHANDAD KHAN and another vs Mst. ROKHANA,Peshawar (Abbottabad Bench),,2023P4059,,,,
450664f64d9c3ba9359493c2,family_law,0.500,medium,low_confidence,WASIF ALI and another- vs Mrs. FAKHRA JABEEN and others-,Lahore (Rawalpindi Bench),,2023L240,,,,
458905bd9bc748a8eb5d77cb,criminal_law,0.500,medium,low_confidence,ALTAF HUSSAIN and others- vs Mst. SABAN and others-,Lahore,2022-01-01,2022L229,,,,
45b6e57559c3778887144ed6,criminal_law,0.500,medium,low_confidence,Mir SHAMS UD DIN vs Mir ZIA UD DIN and 5 others,Balochistan,,2025Q202,,,,
46023bc7e1f198173eba1428,other_uncertain,0.500,low,"narrow_margin,signal_conflict",Shukar Jan and another vs Bashir and others,High Court (AJ&K),,2025HCAJK2501,,,,
466e9ef54bef57700ebacaca,criminal_law,0.500,medium,low_confidence,SARFARAZ KHAN vs PESHAWAR DEVELOPMENT AUTHORITY through Director and others,Peshawar,,2025P204,,,,
46a9777e2b6dbea4929e7152,criminal_law,0.500,medium,low_confidence,2022 P T D 1502,Lahore High Court,2022-01-01,2022L6039,,,,
471eee1b546269a6536772d3,criminal_law,0.500,medium,low_confidence,Mst. Nusrat Bibi vs Defence Housing Authority through Secretary and 7 others,Lahore,2025-01-01,2025L4132,,,,
474f11b76d1ebcde5a671076,family_law,0.500,medium,low_confidence,Mst. RAZIA BEGUM vs PUBLIC AT LARGE and others,Lahore,,2025L5005,,,,
47542b3079903e1e82779383,criminal_law,0.500,medium,low_confidence,MUNIR AHMED KASI vs ARBAB SAMIULLAH and 12 others,,,2023Q12,,,,
479556cfe55c218acc66a2b1,other_uncertain,0.500,low,"narrow_margin,signal_conflict",Moulvi ABDUL FATEH vs YAR MUHAMMAD and others,,,2024S87,,,,
47b33316374f52262102b01f,criminal_law,0.500,medium,low_confidence,MUHAMMAD ISMAIL and others vs ALLAH WASAYA and others,Lahore,,2026L222,,,,
47be79e489c1fcaf78bb8040,criminal_law,0.500,medium,low_confidence,REHAN IQBAL- vs ABDUL HAQ and 2 others-,Lahore,2024-01-01,2024L244,,,,
47e514ef8ba9cf9caa1a2426,family_law,0.500,medium,low_confidence,305,Supreme Court of Pakistan,,2023S806,,,,
480c3067c2fcdd51e62d8b95,family_law,0.500,medium,low_confidence,2021 P T D 1379,Lahore High Court,2021-01-01,2021L6030,,,,
4854c1bde04a5388a838b0b0,criminal_law,0.500,medium,signal_conflict,Mst. FARZANA (widow) and another vs ABID KHAN and 2 others,,,2025Q9,,,,
48687918064d871796def492,family_law,0.500,medium,low_confidence,KHURRAM ZAFAR through Constituted Attorney vs Mst. SARAH and another,Sindh,,2021K4003,,,,
486e911adf3f0843c03b3e45,criminal_law,0.500,medium,low_confidence,Syed MATIULLAH AGHA vs Haji MUHAMMAD HUSSAIN alias Haji MUHAMMAD HASSAN,,,2025Q7,,,,
487b6c2da4bd3c07737704b0,criminal_law,0.500,medium,low_confidence,MUHAMMAD AFZAL vs MUHAMMAD ASLAM,Lahore (Bahawalpur Bench),,2022L5046,,,,
488957429394d7ff30444522,criminal_law,0.500,medium,low_confidence,MUHAMMAD JAN vs SHERBAZ and another,Gilgit-Baltistan Chief Court,,2022G4002,,,,
4969069b2437feee28dd28a5,criminal_law,0.500,medium,low_confidence,SAIM SADIQ and another vs MUHAMMAD ASIF,Islamabad,,2022I2529,,,,
498099a6e9406a15947707fa,criminal_law,0.500,medium,low_confidence,Moulvi DIN MUHAMMAD vs Bibi SHAKIRA and others,Supreme Court of Pakistan,,2022S709,,,,
499de5eb4e0dedfed5a2f457,criminal_law,0.500,medium,low_confidence,Muhammad Younis and others vs Mst. Dolat Bibi and others,Lahore,2024-01-01,2024L2529,,,,
4a0229f1e6c64b2356969e57,criminal_law,0.500,medium,low_confidence,"LAL BUX and 2 others vs GOVERNMENT OF SINDH through Executive District Officer (Revenue), Khairpur and 4 others",,,2023K6,,,,
4a097c1660b920a995d77006,criminal_law,0.500,medium,low_confidence,"S.D.O./A.M., Hasht Nagri Sub-Division, PESCO, Peshawar and others vs KHAWAZAN ZAD",,,2023S7,,,,
4a15d5d7af2a33c0f3a08cea,criminal_law,0.500,medium,low_confidence,M/s. TELEMATICS MASTER (PVT.) LTD through Chief Operating Officer vs M/s. PAK WELCOM TRADER (PVT.) LTD. through Chief Executive,Islamabad,,2022I2534,,,,
4aa233e23922cfcaa6b670e6,family_law,0.500,medium,low_confidence,2024 P L C (C,Sindh High Court (Sukkur Bench),,2024K2049,,,,
4abb386796264b69061d88b1,family_law,0.500,medium,low_confidence,Mst. NASIRA ANSARI and others vs Late TAHIRA BEGUM through Legal Heirs and others,Supreme Court of Pakistan,,2025S958,,,,
4adf6ddae1a690027b3196d3,criminal_law,0.500,medium,low_confidence,AZHAR JAVAID vs Malik MUSHTAQ NOOR,Lahore,,2024L4019,,,,
4aeeada39f235496130afc25,criminal_law,0.500,medium,low_confidence,MUNAWAR ALI and others- vs UMAR DARAZ and others-,Sindh (Hyderabad Bench),,2022K232,,,,
4b20269a75a687b4589a9e03,criminal_law,0.500,medium,low_confidence,JAVAID IQBAL BUTT- vs RIFFAT MAHMOOD GHAURI and others-,Lahore,2024-01-01,2024L2520,,,,
4b228a533629c92ddf0f8af9,criminal_law,0.500,medium,low_confidence,ISMAIL KHAN and 8 others vs Mst. SHAHNAZ BEGUM and 7 others,Peshawar (Bannu Bench),,2021P4017,,,,
4b248a6277d90dbca3d00cfc,other_uncertain,0.500,low,"narrow_margin,signal_conflict",Muhammad Bakhsh (deceased) through L.Rs and others vs Jiwan Hayat and others,Lahore (Multan Bench),,2025L2588,,,,
4bad144344e9f70e4fb51eee,criminal_law,0.500,medium,low_confidence,MUHAMMAD NAEEM KHAN and another vs MUQADAS KHAN (decd) through L.Rs.and another,,,2022S14,,,,
4c3df412c0d78a53cb35b152,criminal_law,0.500,medium,low_confidence,"CHAIRMAN, NATIONAL HIGHWAY AUTHORITY through General Manager and another vs ABDUL HAMEED and another",Lahore,2025-01-01,2025L239,,,,
4cbc41e38c6e156ceb42f356,criminal_law,0.500,medium,low_confidence,MUHAMMAD RIAZ vs MUHAMMAD AKRAM and others,Supreme Court of Pakistan,,2024S787,,,,
4d2227693ca54102c7e500d5,criminal_law,0.500,medium,low_confidence,BAHADUR KHAN vs KARIM GUL and 4 others,,,2022Q6,,,,
4d5b2e7a3b80bd84ba84e0d0,family_law,0.500,medium,signal_conflict,"Mst. SAFIA vs SENIOR SUPERINTENDENT OF POLICE, HYDERABAD and 6 others",Sindh,,2014K2615,,,,
4d9e4fd97cc831558d9d863f,family_law,0.500,medium,low_confidence,MUNAWAR ALI SAGAR and others vs PROVINCE OF SINDH and others,,,2024K41,,,,
4dbce181af08885d10f3d4b1,criminal_law,0.500,medium,low_confidence,Amir Sajjad vs Ghulam Murtaza Ch. through Special Attorney,Lahore,2025-01-01,2025L2513,,,,
4dd0d7c90c6e9f20b5c84c3a,criminal_law,0.500,medium,low_confidence,SAIRA BANARAS vs Dr. RAEES AHMED and others,Supreme Court (AJ&K),,2022SCAJK2508,,,,
4ded6193de544f401afdc7c2,criminal_law,0.500,medium,low_confidence,FEHMIDA KIRAN vs CHAIRMAN HOUSE ALLOTMENT COMMITTEE/ SECRETARY S&GAD and 2 others,Balochistan,,2023Q2513,,,,
4e357c5686a79928f5ad104d,criminal_law,0.500,medium,low_confidence,Kh. MUHAMMAD FAZIL vs MUMTAZ MUNNAWAR KHAN NIAZI (deceased) through L.Rs. and another,Supreme Court of Pakistan,,2024S828,,,,
4ef8120af1c683cb8be1cac6,criminal_law,0.500,medium,low_confidence,Latif and others vs Abdul Nabi and others,Balochistan,,2024Q2531,,,,
4f27a8e434305d9d2e780cff,family_law,0.500,medium,low_confidence,Mst. RABIA GULA and others vs MUHAMMAD JANAN and others,Supreme Court of Pakistan,,2022S863,,,,
4f5a0df877e9b25d9c09263d,criminal_law,0.500,medium,low_confidence,2021 P T D (Trib,Inland Revenue Appellate Tribunal,,2021IRAT6031,,,,
4f6a9c5156732091d1106a66,criminal_law,0.500,medium,low_confidence,Mst. SAIRA and 3 others vs FARYAD KHAN and others,Gilgit-Baltistan Chief Court,,2022G2513,,,,
4f7420cdef8ef791ee6a6ef4,criminal_law,0.500,medium,low_confidence,"SUI NORTHERN GAS PIPELINE through Incharge Sui Gas Office, Charsadda and 2 others- vs GUL HAKEEM and another-",Peshawar,,2023P202,,,,
4f91c29107c3c40004423412,criminal_law,0.500,medium,low_confidence,MUHAMMAD AKHTAR- vs ABDUL REHMAN and another-,Lahore,,2022L278,,,,
4fffdb44f4ce84768130bb11,family_law,0.500,medium,low_confidence,"YASMIN JANG vs ADVOCATE GENERAL, PUNJAB and others",,,2022L38,,,,
5013ea148fac709482491ab0,criminal_law,0.500,medium,low_confidence,Provincial Government through Chief Secretary and 4 others vs Raja Liaqat,Gilgit-Baltistan Chief Court,,2026G2514,,,,
502f9dd24086d8c55efc3e7f,criminal_law,0.500,medium,signal_conflict,GULZAR HUSSAIN and others- vs ABDUR RASOOL and others-,Lahore,,2023L246,,,,
507e2fe274a80e6b4deb1073,criminal_law,0.500,medium,low_confidence,NAZIR AHMAD and another vs MUHAMMAD SIDDIQUE,Lahore,,2025L202,,,,
507f87612d46093cfe579fd6,criminal_law,0.500,medium,low_confidence,MEHMOOD ALAM SHER- vs HEC and others-,Islamabad,,2022I217,,,,
509cfe23ece3497ffde7246b,criminal_law,0.500,medium,low_confidence,"Mst. REHMAT BIBI through (L.Rs.) vs ADDITIONAL DISTRICT JUDGE, GUJRANWALA and 2 others",Lahore,,2025L276,,,,
50b46c8bea2606f829e8deae,criminal_law,0.500,medium,low_confidence,MUHAMMAD NABI- vs BIBI MALIKA-,Balochistan,,2021Q222,,,,
50c5c6b8b31d9b3f2b951e2a,criminal_law,0.500,medium,low_confidence,QAMAR-UL-ISLAM vs PROVINCE OF PUNJAB through District Collector Attock and another,Lahore,2025-01-01,2025L274,,,,
51421bd303ecf0b7741bfc36,criminal_law,0.500,medium,low_confidence,Zulfiqar Ahmed vs Muhammad Nadeem and 2 others,Sindh,,2024K2558,,,,
517dfbf32d4d53c866040085,criminal_law,0.500,medium,low_confidence,"CAPITAL DEVELOPMENT AUTHORITY (CDA), through Chairman, Islamabad and others vs Dr. SHEIKH MUHAMMAD SHOAIB SHAFI and another",Supreme Court of Pakistan,,2026S850,,,,
51b84d89df8b6fbf89f70d27,criminal_law,0.500,medium,low_confidence,MUHAMMAD ZARIN vs AMIR DIL KHAN and others,Peshawar,,2022P2531,,,,
529f03b7f02d943e442f4b23,family_law,0.500,medium,low_confidence,2024 P T D 1360,Sindh High Court,,2024K6031,,,,
538e14b04b21e816896a9aa6,criminal_law,0.500,medium,low_confidence,KHALIL ULLAH alias Khalil- vs AWAS KHAN and another,Peshawar (Bannu Bench),,2021P214,,,,
53a90d1544f10fdec20a6feb,criminal_law,0.500,medium,signal_conflict,Syed SHABBIR HUSSAIN and 3 others vs QUDSIYA BATOOL and 4 others,Gilgit-Baltistan Chief Court,,2022G2518,,,,
53bee0b567df8dc9bb76b772,criminal_law,0.500,medium,low_confidence,ABDUL MANAN and others- vs BAKHTI ALI and others-,Peshawar (Mingora Bench),,2023P231,,,,
545b591c7fff6b754faeca1a,criminal_law,0.500,medium,low_confidence,MUHAMMAD ASLAM vs MUHAMMAD ISMAIL (deceased) through L.Rs.,Lahore,2024-01-01,2024L4054,,,,
545ce23aee49bcc0a2500063,criminal_law,0.500,medium,low_confidence,Rana MASOOD IQBAL- vs MUHAMMAD AYUB IQBAL RANA-,Islamabad,,2022I223,,,,
548280a34afd7dab3e6a0fd8,criminal_law,0.500,medium,low_confidence,Abdul Aziz and others vs Ali Muhammad Shah,Sindh,,2026K4043,,,,
54b316d9aa011525a809f09b,criminal_law,0.500,medium,low_confidence,Noora (deceased) through L.Rs vs Province of Punjab and others,Lahore,2025-01-01,2025L4032,,,,
554f910485e47a383b5599a0,criminal_law,0.500,medium,low_confidence,MUHAMMAD ZIA UD DIN vs GHAFFAR KHAN and 2 others,Islamabad,,2021I2520,,,,
555b9dc0559e075e02232c79,criminal_law,0.500,medium,low_confidence,IJAZ GHANI KHAN vs DISTRICT JUDGE KARACHI CENTRAL and 4 others,,,2022K49,,,,
556ddd294ab67b9a39f587c1,criminal_law,0.500,medium,low_confidence,HAFSA HABIB QURESHI and others vs AMIR HAMZA and others,,,2024S52,,,,
55781a45358f2d2215e5d29b,criminal_law,0.500,medium,low_confidence,"AHMED ALI TALPUR vs SUB-REGISTRAR LATIFABAD, HYDERABAD and others",,,2025S18,,,,
55c671131008a192c241bdb8,criminal_law,0.500,medium,signal_conflict,Abdul Sattar Shah and others vs Syed Mubarak Shah and others,Lahore (Bahawalpur Bench),2024-01-01,2024L2531,,,,
56ef73867f92e4db08d3f24b,family_law,0.500,medium,low_confidence,2021 P L C (C,Peshawar High Court (Mingora Bench),,2021P2009,,,,
5707f376d3525b5d7c054748,criminal_law,0.500,medium,low_confidence,and another- vs LAND ACQUISITION OFFICER (B&R) HYDERABAD and another,Sindh (Hyderabad Bench),,2024K215,,,,
5777f7b09d3c88ccb745b3e5,other_uncertain,0.500,low,"narrow_margin,signal_conflict",Criminal Procedure Code (V of 1898)â€‘----,Lahore,,1975L3076,,,,
5790b122db9d3269d1c102a4,criminal_law,0.500,medium,low_confidence,MUNIR AHMAD vs MUHAMMAD RAFIQUE,Lahore,,2026L220,,,,
57ff3ba8d2857f21a5e9dc50,criminal_law,0.500,medium,low_confidence,ALLAH BAKHSH (deceased) through legal heirs and others vs MUHAMMAD HANIF (deceased) through legal heirs and others,Lahore (Multan Bench),,2025L229,,,,
57ffa55be52f8510aebc6fdf,criminal_law,0.500,medium,low_confidence,Abdul Latif Ansari vs Irfan Ahmad and others,Lahore (Multan Bench),,2026L4036,,,,
5840b8f1c8fdaf663fbf78ee,criminal_law,0.500,medium,low_confidence,"AMIR SULTAN SAFI, ADVOCATE vs WAQAS SABIR",,,2025P7,,,,
58f9a16320599aca9d72496b,criminal_law,0.500,medium,low_confidence,ABDUL KHALIQUE RIND vs RAEES ALI AKBAR through L.Rs. and others,,,2025K38,,,,
59239cfe7f9253cf2e3f71f6,criminal_law,0.500,medium,low_confidence,MUHAMMAD QASIM and 2 others- vs MUHAMMAD ISMAIL and others-,Balochistan,,2024Q208,,,,
5938930d5376e665f7940061,criminal_law,0.500,medium,signal_conflict,AMIR ZADA and another vs JAFAR SHAH and others,Peshawar (Mingora Bench),,2024P4026,,,,
5991218d308329ab5d03b097,criminal_law,0.500,medium,low_confidence,"CUSTODIAN EVACUEE PROPERTY, AZAD JAMMU AND KASHMIR, MUZAFFARABAD vs MAJID RAFIQUE and 8 others",Supreme Court (AJ&K),,2026SCAJK206,,,,
5a05d73b8011ae9d7f44775b,criminal_law,0.500,medium,signal_conflict,GHULAM RASOOL vs ARSALLAN ILLYAS and others,Balochistan,,2022Q4020,,,,
5a13f881c79f297458763aa4,criminal_law,0.500,medium,low_confidence,Ashiq Ali and others vs Ghulam Ali (deceased) through legal heirs and others,Lahore,,2025L2590,,,,
5a2cce98f890a0a8e17ab984,criminal_law,0.500,medium,low_confidence,AMIR ZADA- vs Mir DILAWAR and others-,Peshawar (Mingora Bench),,2023P222,,,,
5a631ca59b872bc45dab53bd,criminal_law,0.500,medium,low_confidence,PIR MUHAMMAD and others- vs MEHMOOD KHAN and others-,Balochistan (Sibbi Bench),,2022Q221,,,,
5a7bad3af12d1d4cc4b3b4b2,criminal_law,0.500,medium,low_confidence,MUHAMMAD ABBAS vs Raja MUHAMMAD ISHAQ,Lahore,2022-01-01,2022L2513,,,,
5ae9cafb963d5cc0e6cc79e9,criminal_law,0.500,medium,low_confidence,"AMEER AHMED vs PROVINCE OF SINDH through Secretary Revenue Sindh, Secretariat Karachi and 5 others",Sindh (Sukkur Bench),,2023K2529,,,,
5b4b97bf6bbf03420b293b1f,criminal_law,0.500,medium,low_confidence,HONDA ATLAS CARS PAKISTAN LIMITED and another- vs SALEEM AKHTAR FAROOQ and others-,Peshawar (Abbottabad Bench),,2024P215,,,,
5be481ea5375cb1289f989fe,criminal_law,0.500,medium,low_confidence,"Soday Bi through L.Rs vs Additional District Judge, Skardu and 5 others",Gilgit Baltistan Chief Court (Skardu Bench),,2024G2502,,,,
5be7ae303d469b63dcc36407,criminal_law,0.500,medium,low_confidence,ZAFAR IQBAL vs FEROZEWALA and others,Supreme Court of Pakistan,,2023S780,,,,
5ca1d90c0abdb9467c92fbfb,criminal_law,0.500,medium,low_confidence,ANSER MEHMOOD AWAN and 4 others- vs MUJAHID HUSSAIN NAQVI and 8 others-,High Court (AJ&K),,2024HCAJK203,,,,
5cf314b3cc0c134c9abcc246,criminal_law,0.500,medium,low_confidence,Muhammad Arif vs Javaid Khan,Lahore (Rawalpindi Bench,2025-01-01,2025L2520,,,,
5d3b190cd6c6f2e512c906e1,family_law,0.500,medium,low_confidence,2026 P T D 173,Islamabad High Court,,2026I6004,,,,
5d464b1cb49d9a2179f34462,criminal_law,0.500,medium,low_confidence,"Mst. ADDAN (Deceased) through L.Rs. vs PROVINCE OF SINDH through Deputy Commissioner, Khairpur and others",Supreme Court of Pakistan,,2026S827,,,,
5d55e413be04a39044adf2a4,criminal_law,0.500,medium,low_confidence,"Mst. SAFIA KHANUM and others vs ADDITIONAL DISTRICT JUDGE-II EAST, ISLAMABAD and others",Supreme Court of Pakistan,,2026S845,,,,
5d5e5ead086730cdc7f0f74d,criminal_law,0.500,medium,signal_conflict,RUSTAM KHAN vs Mst. PATHANI through Legal Heirs and others,,,2026P9,,,,
5d8d33ec569ceda9c5f5cc36,criminal_law,0.500,medium,low_confidence,MUHAMMAD BOOTA vs KHALID ZIA ULLAH,Lahore,2022-01-01,2022L4034,,,,
5da4e770b4c5f798a62a89af,family_law,0.500,medium,low_confidence,"MANZAR LATIF MIAN vs Messrs DEPILEX (PVT.) LTD., through Chief Executive, Ms. Masarrat Misbah",Lahore,,2026L5011,,,,
5e164ad6cd3caaef10f74d7a,criminal_law,0.500,medium,low_confidence,EJAZ AHMED vs ABDUL HAMEED,Lahore (Bahawalpur Bench),2022-01-01,2022L4106,,,,
5e30eaa4a50a04d8ccf16c9f,criminal_law,0.500,medium,low_confidence,FARHAT NAZIR and 4 others vs FAWAD AHMAD and 2 others,Islamabad,,2025I216,,,,
5e95eab927f4cf9c91cbb9bf,criminal_law,0.500,medium,low_confidence,MUHAMMAD HUSSAIN Deceased through L.Rs and others- vs MUHAMMAD ALI through L.Rs. and others-,Lahore,2022-01-01,2022L282,,,,
5ecd436258b166b9f397f4e7,family_law,0.500,medium,low_confidence,MUHAMMAD SAJID TAREEN vs GOVERNMENT OF BALOCHISTAN through Chief Secretary and 2 others,,,2021Q28,,,,
5f2a6001537589625bb39ee9,criminal_law,0.500,medium,low_confidence,2022 P L C 1,Islamabad High Court,,2022I2201,,,,
5fb02869a307c38557a1af19,family_law,0.500,medium,low_confidence,KARACHI PROPERTIES INVESTMENT COMPANY (PVT.) LTD. vs HABIB CARPETS (PVT.) LIMITED,Supreme Court of Pakistan,,2024S867,,,,
5fdbb1c07a20ee47781a986e,criminal_law,0.500,medium,low_confidence,SHAN MUHAMMAD alias SHANY vs SAID MASHAL,Supreme Court of Pakistan,,2022S919,,,,
610924c95cec0b54ed393790,criminal_law,0.500,medium,low_confidence,"EJAZ RASHEED vs AZAD JAMMU AND KASHMIR EHTESAB BUREAU through Chairman, Muzaffarabad and 2 others",High Court (AJ&K),,2022HCAJK2505,,,,
61287d99e5e699c73ee8b44c,family_law,0.500,medium,low_confidence,"STATE LIFE INSURANCE CORPORATION OF PAKISTAN, KARACHI vs NINA INDUSTRIES LIMITED, KARACHI and others",Supreme Court of Pakistan,,2025S751,,,,
61583b831f8ac2e50ad4aba7,criminal_law,0.500,medium,low_confidence,"Rais Munir Ahmed- vs Women Ombudsperson Punjab, Lahore and others-",Lahore,2024-01-01,2024L2533,,,,
619e3a47d1a7e6839f432d66,criminal_law,0.500,medium,signal_conflict,AMIR MEHMOOD vs IZHARUDDIN and others,Sindh,,2025K234,,,,
61bc9e681dce2daa89b91179,family_law,0.500,medium,low_confidence,"A. M. QURESHI through legal representative vs DEPUTY COMMISSIONER, DISTRICT EAST, KARACHI and others",,,2023K13,,,,
61ce4ba9b6d5502647198d4a,criminal_law,0.500,medium,low_confidence,SURIYA ALTAF and another- vs MUHAMMAD WAZIR-,Islamabad,,2024I226,,,,
623472cccb0b77bab589a7e2,criminal_law,0.500,medium,low_confidence,Syed Amjid Ali Shah vs Sar Biland and others,Peshawar,,2025P4034,,,,
6284da66d47add40455971bb,criminal_law,0.500,medium,low_confidence,ABDUL JABAR vs MOHAMMAD ISMAIL and 4 others,Gilgit-Baltistan Chief Court(Skardu Bench),,2022G4024,,,,
62e98ecf3c036adf9fedd29d,criminal_law,0.500,medium,low_confidence,ZAHIR ULLAH and 15 others vs SAMIN JAN KHAN and 6 others,Peshawar,,2021P4044,,,,
633ade1aca7e960eeaa7eb7b,family_law,0.500,medium,low_confidence,2024 P L C (C,Sindh High Court,,2024K2009,,,,
63cf06c9c3be69ff426dff21,criminal_law,0.500,medium,low_confidence,Syed LEHAZULLAH vs HOUSING DIRECTOR through Housing Director General and another,,,2025P14,,,,
642f759f5713bae7cc22418c,criminal_law,0.500,medium,low_confidence,MUKHTIAR HUSSAIN vs Mst. SHAFIA BIBI,Supreme Court of Pakistan,,2023S720,,,,
646aa617909f33dc63ee546f,criminal_law,0.500,medium,low_confidence,ABAD-UL-HAQ vs SECRETARY ELEMENTARY AND SECONDARY EDUCATION and 7 others,Supreme Court (AJ&K),,2022SCAJK2502,,,,
6516fa027e4503ae5afe2ed5,criminal_law,0.500,medium,low_confidence,MUHAMMAD DIN SHAHID vs MAQBOOL HUSSAIN AWAN and 2 others,Islamabad,,2025I225,,,,
65173c4fa5cdf282d668016e,criminal_law,0.500,medium,low_confidence,ZAMINDARAN HOLSHAL through Representatives vs QALAB ALI and others,Gilgit-Baltistan Chief Court,,2021G4025,,,,
653b141cf3bbd816b23567c6,criminal_law,0.500,medium,low_confidence,GHULAM SARWAR and 19 others- vs MUHAMMAD NASEEM and 5 others-,Balochistan,,2022Q223,,,,
6551a62a5197cbf992c818cc,criminal_law,0.500,medium,low_confidence,Muhammad Khalid Chaudhry and 2 others vs Dr. Manzoor Hussain Malik and others,Lahore (Bahawalpur Bench),,2026L2532,,,,
6559cd34ee8379e6ed1a6c27,family_law,0.500,medium,low_confidence,"ISLAMABAD HIGH COURT, BAR ASSOCIATION, ISLAMABAD through President and others vs ELECTION COMMISSION OF PAKISTAN through Chief Election Commissioner, Islamabad and others",,,2023S54,,,,
659ab5e45034e5651e79b90b,criminal_law,0.500,medium,low_confidence,"Ch. NADIR KHAN and another vs The STATE through Secretary Primary and Secondary Healthcare Department, Lahore and 3 others",,,2024F3,,,,
659b2b0dc419b679d5da7fe3,criminal_law,0.500,medium,low_confidence,JAMSHED- vs NOOR HAYAT and 2 others-,Peshawar,,2021P218,,,,
65db1f85b255640e5a967fa1,criminal_law,0.500,medium,low_confidence,"The SECRETARY B&R DEPARTMENT, GOVERNMENT OF BALOCHISTAN CIVIL SECRETARIAT, QUETTA and others vs Sardar SIKANDAR HAYAT KHAN JOGEZAI",,,2025Q25,,,,
65f2195860d99065b51bd9ba,criminal_law,0.500,medium,low_confidence,Akhund Haji Ali Muhammad through legal heirs and others vs Syed Shoukat Ali Shah through legal heirs and others,Sindh (Hyderabad Bench),,2025K2581,,,,
6661e64506a54382023da240,criminal_law,0.500,medium,low_confidence,RAJAN vs AMJAD ALI and others,Lahore,2022-01-01,2022L2529,,,,
66c5ff667207b59c1642b4ac,criminal_law,0.500,medium,low_confidence,Mst. FIZZA and 3 others vs FIDA HUSSAIN and another,Gilgit-Baltistan Chief Court,,2023G4004,,,,
66cb39d15905c26efb35bc5d,criminal_law,0.500,medium,low_confidence,Mst. MUSARRAT vs MUHAMMAD SHAFI and others,Lahore,,2023L2511,,,,
6744784573c242a3c7ccb7d4,family_law,0.500,medium,low_confidence,2023 P L C (C,Chief Court Gilgit-Baltistan,,2023G2004,,,,
67633f31bf1e0349bccacdda,criminal_law,0.500,medium,low_confidence,CIVIL AVIATION AUTHORITY OF PAKISTAN vs LTH JV and others,Islamabad,,2024I5012,,,,
67c2cfdd4e34462f7bdcbaaf,criminal_law,0.500,medium,low_confidence,LIAQAT ALI alias KHABAR and others- vs HABIBULLAH and others-,Sindh (Sukkur Bench),,2022K250,,,,
67d64f990033f3d7baaca5a7,criminal_law,0.500,medium,low_confidence,BAKHT ALAM KHAN vs WASEEM KHAN and others,,,2023P13,,,,
683390ba0dc9cd70fe1d59f3,criminal_law,0.500,medium,low_confidence,FAROOQ AHMAD vs RASHID AHMAD and 10 others,Lahore (Multan Bench),,2022L4046,,,,
685e2527e0d761439b893505,family_law,0.500,medium,low_confidence,NP WATERPROOF INDUSTRIES (PRIVATE) LTD. and 4 others vs NP SPINNING MILLS LIMITED and 2 others,Sindh,,2023K5001,,,,
68b25d0a8e190e8ab94a8422,criminal_law,0.500,medium,low_confidence,PAKISTAN DEFENCE OFFICERS HOUSING AUTHORITY vs Mst. GUL RUKH SAMINA BUTT and others,Sindh,,2023K5040,,,,
68c0243123d62aa60175907c,family_law,0.500,medium,low_confidence,NASIR ALI vs Mst. RAHEELA MAHDI,Lahore (Rawalpindi Bench),2025-01-01,2025L243,,,,
68fb1abd72ec263b3966dabf,criminal_law,0.500,medium,low_confidence,2024 P L C (C,Gilgit Baltistan Service Tribunal,,2024G2008,,,,
69417bd49307e22a9eac9c9f,family_law,0.500,medium,low_confidence,2025 P L C (C,Supreme Court of Pakistan,,2025S2027,,,,
698db4611f775b1bf2aa0608,criminal_law,0.500,medium,low_confidence,GOVERNMENT OF THE PUNJAB and others- vs Messrs MUHAMMAD ASAD & CO.-,Lahore,,2021L289,,,,
699b015b1768c73ac56d21ad,criminal_law,0.500,medium,low_confidence,Syed ZAFFAR-UL-HASSAN GILLANI vs NABI SHAH INQELABI and others,,,2026SCAJK2,,,,
6a0c566bd68b7b6e754231c3,other_uncertain,0.500,low,"narrow_margin,signal_conflict",KAMRAN KHAN vs GOVERNMENT OF PUNJAB and others,Lahore,,2024L2512,,,,
6a1c1a4b4dd7a399fd55ee82,criminal_law,0.500,medium,low_confidence,Messrs OILBOY (PVT.) LTD. vs Messrs PAK QATAR INVESTMENT (PVT.) LTD. through authorized person,Sindh,,2025K241,,,,
6a46da8da994c62b1293d9ca,criminal_law,0.500,medium,low_confidence,RASHIM KHAN vs FIDA HUSSAIN and 2 others,Peshawar (Abbottabad Bench),,2023P2517,,,,
6ac3c167883422805e023443,criminal_law,0.500,medium,low_confidence,TEHREEK JADEED ANJUMAN AHMEDIA through Special Attorney- vs MUHAMMAD ISHAQUE through Legal Heirs and 4 others-,Sindh (Hyderabad Bench),,2023K245,,,,
6acfe5715d447d7e405dd456,criminal_law,0.500,medium,low_confidence,MUHAMMAD IQBAL GILL and others vs NASIR ABBAS and others,Lahore,2025-01-01,2025L236,,,,
6ad1d7e9a618d8ed515b6ced,criminal_law,0.500,medium,low_confidence,GHULAM MUHAMMAD vs TAHIR HUSSAIN and 5 others,,,2021G4011,,,,
6b47c79bb718d6cc4dfa9d66,criminal_law,0.500,medium,low_confidence,MADO KHAN- vs TALIB JAN and another-,Balochistan,,2023Q213,,,,
6b626c41c057e086daff4d0a,criminal_law,0.500,medium,low_confidence,MUHAMMAD ADNAN vs SALAH-UD-DIN,Supreme Court of Pakistan,,2025S5006,,,,
6b8de8a4a3f58a5e5ffd1d28,criminal_law,0.500,medium,low_confidence,MUHAMMAD MUJTABA KHAWAJA vs Khawaja AZAM ALI and others,Islamabad,,2023I2522,,,,
6bab1436be3da04d22c39bef,family_law,0.500,medium,low_confidence,2023 P T D 569,Islamabad High Court,,2023I6009,,,,
6bfccf920b98d304bba0b9e3,criminal_law,0.500,medium,low_confidence,SAJJAD HUSSAIN (DECEASED) through Legal Heirs and others- vs Mst. MUMTAZ MAI and others-,Lahore (Multan Bench),,2023L230,,,,
6c733f1dcdbaca44a9360b0e,criminal_law,0.500,medium,low_confidence,Muhammad Hanif vs Abdul Razzaq,Lahore,,2026L4060,,,,
6c94e437a85956c7edd287dd,criminal_law,0.500,medium,low_confidence,NATIONAL COMMAND AUTHORITY FOUNDATION (NCAF) through Authorized Officer Col. (R) Muhammad Sabir vs Sheikh SAROSH IFTIKHAR and others-,Lahore (Rawapindi Bench),,2024L5030,,,,
6cc6f381fceed41e19d98719,family_law,0.500,medium,low_confidence,Dr. JAVED AKHTAR vs Messrs RUFI BUILDERS AND DEVELOPERS through Director/Partner and 2 others,Sindh,,2023K2557,,,,
6cf6c402035ca98bd4d1b97b,criminal_law,0.500,medium,low_confidence,AFTAB ASHRAF- vs KHURSHEED ASHRAF and others-,Balochistan,,2024Q206,,,,
6d03d9a8731543eaa2749a75,criminal_law,0.500,medium,low_confidence,MIRAJ BIBI and others vs AKBAR KHAN,,,2021P16,,,,
6d99a886a36980afb13feeb9,criminal_law,0.500,medium,low_confidence,PAKISTAN DEFENCE OFFICERS HOUSING AUTHORITY- vs Mst. GUL RUKH SAMINA BUTT and others-,Sindh,,2023K241,,,,
6db6a07d12502db9deb85a4b,criminal_law,0.500,medium,low_confidence,Mst. NOORAN MAI through legal heirs vs SHAFQAT ALI,Lahore (Multan Bench),2023-01-01,2023L4004,,,,
6db905ad9fc3e8aa27068c7e,criminal_law,0.500,medium,low_confidence,Mian JAVED AKHTAR and another vs Rana MUHAMMAD ISMAIL and others,Lahore,,2024L4011,,,,
6dc4b3446b8170b647722e87,criminal_law,0.500,medium,low_confidence,ROBINA KAUSAR vs MUHAMMAD LATIF,Lahore,2025-01-01,2025L244,,,,
6dd276b1cfe8b4584303de3e,criminal_law,0.500,medium,low_confidence,MUHAMMAD JAN and 2 others vs AMAN ULLAH,Gilgit-Baltistan Chief Court,,2021G2519,,,,
6dfda7ab2c49f9181bb28847,family_law,0.500,medium,low_confidence,2025 P L C 121,Lahore High Court (Rawalpindi Bench),2025-01-01,2025L2205,,,,
6e66b93636a2a15434b6e4c0,criminal_law,0.500,medium,low_confidence,MUHAMMAD ASLAM (deceased) through L.Rs. and another vs Molvi MUHAMMAD ISHAQ (deceased) through L.Rs. and others,Supreme Court of Pakistan,,2024S874,,,,
6e73dcc7232a8da4f9a6fccb,criminal_law,0.500,medium,low_confidence,Saad Muhammad Abbasi vs Syed Ejaz Ali,Islamabad,2024-01-01,2024I2515,,,,
6eb17abedd035fe23956c136,criminal_law,0.500,medium,low_confidence,TAHIR MEHMOOD KHAN vs MUHAMMAD SALEEM and 2 others,Peshawar ((Abbottabad Bench),,2023P4031,,,,
6ed32c746c03053c8389161d,criminal_law,0.500,medium,low_confidence,2026 P L C (C,Supreme Court of Pakistan,,2026S2012,,,,
6fa2c1421ae82c9d17d798fa,criminal_law,0.500,medium,low_confidence,DUNIYA GUL and another vs NIAZ MUHAMMAD and 2 others,Peshawar,,2024P4027,,,,
700fd2171812d0a67bdd9e5c,criminal_law,0.500,medium,low_confidence,EXECUTIVE ENGINEER IRRIGATION ROHRI DIVISION MORO and 4 others- vs GUL MOHAMMAD-,Sindh (Sukkur Bench),,2024K237,,,,
702fe6f0d2eedb80db1e236f,criminal_law,0.500,medium,low_confidence,"SDO, PESCO DAUDZAI SUB-DIVISION RING ROAD, PESHAWAR and others vs WADAN SHER",Supreme Court of Pakistan,,2023S732,,,,
7089431ca4510ab31e141178,family_law,0.500,medium,low_confidence,"Messrs TPL LIFE INSURANCE LIMITED vs DIRECTOR/HOD, ADJUDICATION-I",Securities and Exchange Commission of Pakistan,,2024SECP5029,,,,
70ac1c54355b370e24421f66,criminal_law,0.500,medium,low_confidence,MUHAMMAD RASHEED (Deceased) through his Legal Heirs and others- vs MUHAMMAD ISMAIL and others-,Lahore,2024-01-01,2024L269,,,,
71411312cc2fb0d84d118eb1,criminal_law,0.500,medium,low_confidence,Syed QALANDAR HUSSAIN SHAH vs ADDITIONAL DISTRICT JUDGE and others,Lahore (Bahawalpur Bench),2023-01-01,2023L4003,,,,
7167108df5c5a06739470238,criminal_law,0.500,medium,low_confidence,NAEEM HUSSAIN and another- vs RAFIQUE AHMAD and others-,Lahore (Multan Bench),,2023L232,,,,
720688f796ac5a87a482bb6d,criminal_law,0.500,medium,low_confidence,ASLAM PARVEZ (DECEASED) through Legal Heirs- vs JAVED AKHTAR and others-,Lahore,2022-01-01,2022L269,,,,
72354a46f9b8ab0a5fe2e05b,criminal_law,0.500,medium,low_confidence,ATTAULLAH vs GHAZANFARULLAH and others,,,2025P6,,,,
726d8b74ea3677503c2ff043,criminal_law,0.500,medium,low_confidence,FAZAL HAKIM vs BASHIR KHAN and 4 others,Sindh,,2022K2601,,,,
727b0b4b518260e8b8cae891,family_law,0.500,medium,low_confidence,2023 P T D 541,Lahore High Court,,2023L6017,,,,
727dd6937fdf0dc5a69f183f,criminal_law,0.500,medium,low_confidence,NADIR HASSAN vs PROVINCE OF SINDH through Secretary and others,Sindh (Hyderabad Bench),,2026K204,,,,
72df0a0828eb5464fb792f77,criminal_law,0.500,medium,low_confidence,FEROZ BARI vs Syed AYAZ HUSSAIN and 3 others,,,2023K28,,,,
7352f20e7b337b450fb8904a,criminal_law,0.500,medium,low_confidence,Rasheeda Bibi (deceased) through L.Rs vs Arif Ali and others,Lahore (Multan Bench),,2026L4039,,,,
73db014c6f521aaf81faabea,criminal_law,0.500,medium,low_confidence,SHAKAR KHAN through Legal Heirs vs MUHAMMAD ALI and others,,,2025Q29,,,,
73e6a8a11cbc6bbe079adeee,criminal_law,0.500,medium,low_confidence,MIANDAD vs MUHAMMAD AKBAR,Peshawar (Abbottabad Bench),,2024P4031,,,,
74c60d6e938799a504b9e618,criminal_law,0.500,medium,low_confidence,Muhammad Siddique vs Talib Hussain,Lahore,2026-01-01,2026L4041,,,,
74d6f077469e379f26e4cf63,criminal_law,0.500,medium,low_confidence,Muhammad Jan vs Barat alias Rado and another,Balochistan,,2025Q2508,,,,
74dbb0c45743a9fe40bbfd37,criminal_law,0.500,medium,low_confidence,NUSRAT AFTAB vs RABEAH HUSSAIN and 4 others,,2025-01-01,2025L30,,,,
7885ed75467448e0c2db81ea,criminal_law,0.500,medium,low_confidence,"FATEH MUHAMMAD and another vs DILSHAD AHMED (deceased), through L.Rs.",Lahore (Multan Bench),2023-01-01,2023L14002,,,,
78b176b2af3d5bc9c3bd9dce,criminal_law,0.500,medium,low_confidence,GUL SHER vs AHMED JAN and others,Balochistan,,2024Q2507,,,,
78b62b4698129495531ed97c,criminal_law,0.500,medium,low_confidence,"AZAD GOVERNMENT OF THE STATE OF JAMMU AND KASHMIR through Secretary Forests, Muzaffarabad and 2 others vs ALI UMAR and 20 others",Supreme Court (AJ&K),,2021SCAJK4002,,,,
78bcd0108b53eb1d77db24f4,criminal_law,0.500,medium,low_confidence,KHURSHID ALI and others vs MIANGUL ADNAN AURANGZEB (deceased) through LRs and others,Supreme Court of Pakistan,,2025S704,,,,
790e27cd444a209310ec8c13,criminal_law,0.500,medium,low_confidence,MUHAMMAD AZAM vs MUHAMMAD ANWAR KHAN and 6 others,,,2024L3,,,,
792e8509899df10f13e127ba,criminal_law,0.500,medium,low_confidence,Rana Zafarullah vs Abdul Ghafoor and others,Lahore,,2025L2594,,,,
793e030c4012e100e9753361,criminal_law,0.500,medium,low_confidence,Mst. FATIMA PARVEEN and another vs MUHAMMAD YOUNUS and 4 others,,,2026K16,,,,
7948f3d7a4ec755ed62bc30a,criminal_law,0.500,medium,low_confidence,"DIRECTOR GENERAL CIVIL AVIATION AUTHORITY through Airport Manager, Quetta vs MUHAMMAD DAWOOD",Balochistan,,2021Q4013,,,,
795b5a779e01fc51f2ddd28c,criminal_law,0.500,medium,low_confidence,Ghulam Shabir and another vs Ali Sher and 17 others,Sindh (Larkana Bench),,2025K4011,,,,
79756c2f46727d593b1d1b94,criminal_law,0.500,medium,low_confidence,QAMMAR ABBAS vs MUMTAZ AHMED MINHAS and others,Lahore (Rawalpindi Bench),,2022L2588,,,,
7976825516f7f19162640ac9,criminal_law,0.500,medium,low_confidence,Mrs. ANJUM MALIK and others vs Mst. NEELOFER MALIK through L.Rs and others,Islamabad,,2025I222,,,,
798c14cffb91c290cadb6c00,criminal_law,0.500,medium,low_confidence,"MUHAMMAD AZAM vs PROVINCE OF THE PUNJAB through District Collector, Toba Tek Singh and others",Lahore,,2025L230,,,,
79f65f59e75d8658a27565eb,criminal_law,0.500,medium,low_confidence,Muhammad Zubair and 4 others vs Mst. Zamrood Jan,Lahore (Rawalpindi Bench),,2025L4131,,,,
7a08c1c8dc93521b58c5fdb3,criminal_law,0.500,medium,low_confidence,Messrs NOUMAN CONSTRUCTION COMPANY- vs Raja PERVAIZ HUSSAIN and 3 others-,High Court (AJ&K),,2023HCAJK203,,,,
7a49d7e4d0d9556af615406f,criminal_law,0.500,medium,low_confidence,Abdul Rehman and others vs Nazir Ahmad and others,Lahore,,2025L4017,,,,
7ab3019042706f4af9d00b00,criminal_law,0.500,medium,low_confidence,ABDULLAH and another- vs NOOR-UD-DIN and others-,Balochistan,,2023Q226,,,,
7ab71c869b15cc092dbaf881,criminal_law,0.500,medium,low_confidence,Mst. PARVEEN (DECEASED) through LRs. vs MUHAMMAD PERVAIZ and others,Supreme Court of Pakistan,,2022S713,,,,
7ad60db51f10df9e6eb40280,criminal_law,0.500,medium,low_confidence,MUHAMMAD AIJAZ vs MUHAMMAD AZAM and 3 others,,,2022K57,,,,
7b1e98720ba4aea9df386f12,criminal_law,0.500,medium,low_confidence,Mst. TAMEEZAN and others- vs MUHAMMAD SHARIF-,Lahore,2021-01-01,2021L202,,,,
7b528cdb4947f9e73b6cb339,criminal_law,0.500,medium,low_confidence,E.F.U. GENERAL INSURANCE LTD. and others- vs EMIRATES AIRLINES/EMIRATES SKY CARGO and others,Sindh,,2021K224,,,,
7b8a7f467f13a3607934c639,criminal_law,0.500,medium,low_confidence,Rafi ullah vs Liaqat and others,Peshawar,,2025P2519,,,,
7c0b03bb4520334e2a64e23a,criminal_law,0.500,medium,low_confidence,Mst. IQBAL BIBI and others vs ADDITIONAL DISTRICT JUDGE and others,,2023-01-01,2023L15,,,,
7c26d81abe9211093257433b,criminal_law,0.500,medium,low_confidence,IJAZ AHMAD KHAN vs MUHAMMAD BOOTAY KHAN deceased through legal heirs and others,Lahore,,2025L235,,,,
7c4f41eff26c7000b3c02a0e,criminal_law,0.500,medium,low_confidence,RAB NAWAZ and others vs ADDITIONAL DISTRICT JUDGE and others,Lahore (Bahawalpur Bench),,2023L2525,,,,
7c56a916ec37aab53955e52d,criminal_law,0.500,medium,low_confidence,ABDUL RAZZAQ and another- vs MOHAMMAD SAGHEER and 2 others-,High Court (AJ&K),,2023HCAJK202,,,,
7d0c650aa78acbc69567a038,criminal_law,0.500,medium,low_confidence,Rai SHAH JEHAN AHMED KHAN BHATTI vs Rai AURANGZEB KHAN BHATTI and 3 others,Lahore,,2023L2546,,,,
7d38d086476a0e846bd7d063,criminal_law,0.500,medium,low_confidence,"BANK ALFALAH LIMITED, LAHORE through Muhammad Rafiq and Syed Aqeel Abbas vs PUNJAB SMALL INDUSTRIES CORPORATION through Managing Director",,2023-01-01,2023L5,,,,
7d99538129961b7c4a30d66f,criminal_law,0.500,medium,low_confidence,"PROVINCE OF SINDH, through Secretary Irrigation and Power Department, Government of Sindh, Karachi and 2 others- vs LAND ACQUISITION OFFICER/DEPUTY DISTRICT OFFICER (R&R), ROHRI and others-",Sindh (Sukkur Bench),,2022K213,,,,
7daf52a75e4618de8b3cc474,criminal_law,0.500,medium,signal_conflict,HABIB ULLAH and others vs NOOR-UL-HUDA and others,Peshawar (Mingora Bench),,2026P202,,,,
7dd5045848e74e5c2e2d7d11,criminal_law,0.500,medium,low_confidence,AKHTAR NASIR AHMED vs PROVINCE OF PUNJAB through District Collector Gujrat and others,Emphasis added,,2024S94,,,,
7de12cca529f89bbe57b0b7c,criminal_law,0.500,medium,signal_conflict,"Before Muhammad Ameer Bhatti, CJ Mst. NAHEED SHAHID and others- vs MUHAMMAD TARIQ-",Lahore,2022-01-01,2022L226,,,,
7de494a9c46f9ec5cc697676,family_law,0.500,medium,low_confidence,2025 P L C 73,Sindh High Court,,2025K2203,,,,
7e310051b4712fcbbe2c9b33,criminal_law,0.500,medium,low_confidence,MOMIN KHAN and another vs ABDUL SATTAR and others,Balochistan,,2023Q2512,,,,
7e423a837cece203e1304174,criminal_law,0.500,medium,low_confidence,Syed AMJAD HUSSAIN JAFFRI and others- vs ADDITIONAL DISTRICT JUDGE and others-,Lahore (Multan Bench),,2023L286,,,,
7e51674595b62d776edf9764,criminal_law,0.500,medium,low_confidence,MUHAMMAD BAKHSH vs FAIZ MUHAMMAD and others,,2021-01-01,2021L7,,,,
7ebbd21366c17a17930c0853,family_law,0.500,medium,low_confidence,"ABBU HASHIM and another vs FEDERATION OF PAKISTAN through Secretary, Ministry of Interior and 2 others",,,2021K38,,,,
7f0066f1fe0bf57a4698bb80,family_law,0.500,medium,low_confidence,"Messrs CEMTECH - JIANGSU JV through Authorized Representative /Signatory- vs GOVERNMENT OF KHYBER PAKHTUNKHWA through Chief Secretary, Peshawar and 5 others-",Peshawar,,2023P207,,,,
7fcfb3bac33083db883ad2a3,family_law,0.500,medium,low_confidence,2025 P T D 1549,Lahore High Court,,2025L6051,,,,
8052f12b5bc61c5a08ac95b4,criminal_law,0.500,medium,low_confidence,"MAHMOOD TEXTILE MILLS LIMITED through Technical Director Power of the Company vs SUI-NORTHERN GAS PIPELINES, SNGPL through Managing Director, Lahore and 5 others",,2023-01-01,2023L12,,,,
805814bd81944ce33aa2dc66,family_law,0.500,medium,low_confidence,2022 P L C (C,Lahore High Court,2022-01-01,2022L2038,,,,
81386626d19aed8f9f938812,criminal_law,0.500,medium,low_confidence,TASSADUQ HUSSAIN SHAH and others vs ALLAH DITTA SHAH and others,Supreme Court of Pakistan,,2023S907,,,,
81495444dc7709cb3761b527,criminal_law,0.500,medium,low_confidence,GHULAM DASTAGIR and another vs ALLAH BAKSH,Balochistan,,2023Q4036,,,,
817317732d3db29f96a69aea,criminal_law,0.500,medium,low_confidence,ZAIDAR KHAN and others vs FAZAL KARIM and others,Peshawar (Mingora Bench),,2023P4027,,,,
8176a1b7ba5cb1394d507f40,criminal_law,0.500,medium,low_confidence,MUHAMMAD SHOAIB and others vs Mst. SALEHA and others,Peshawar,,2024P223,,,,
8178d7c1b33b4a0068d1f76b,criminal_law,0.500,medium,low_confidence,HADAYAT ULLAH (DECEASED) through Legal Heirs and others vs and others,Lahore,,2023L2592,,,,
817b28b8d1787769b65852da,criminal_law,0.500,medium,low_confidence,Syed ASGHAR ALI SHAH and another vs KALEEM ARSHAD and others,Supreme Court of Pakistan,,2024S773,,,,
8251167ebc1c97fd94dcc5f5,criminal_law,0.500,medium,low_confidence,"USMAN DAR vs FEDERATION OF PAKISTAN through Secretary, Interior Division and 2 others",Lahore,,2024L4065,,,,
82df31999a687fbd43b54b20,criminal_law,0.500,medium,low_confidence,GHULAM MURTAZA vs MUHAMMAD RAFIQUE and others,Supreme Court of Pakistan,,2022S896,,,,
82ef07a8482d54b33ffd5fca,criminal_law,0.500,medium,low_confidence,Syed MUHAMMD QASIM and others vs SHAMOON and others,Lahore,,2023L4085,,,,
82f1c61715653cc1f8f6c2ad,criminal_law,0.500,medium,low_confidence,SARFRAZ KHAN vs PROVINCE OF PUNJAB through D.O.R. District Jhang and others,Lahore,,2025L221,,,,
82f9d0316ff6b5da4df66caa,family_law,0.500,medium,low_confidence,"SAIF-UR-REHMAN vs ADDITIONAL DISTRICT JUDGE, TOBA TEK SINGH and 2 others",Supreme Court of Pakistan,,2018S848,,,,
82fa6e4d066cc9ce6b7ac985,criminal_law,0.500,medium,low_confidence,MEERA SHAFI vs ALI ZAFAR,,,2023S13,,,,
83540b8923808893f62bdf17,family_law,0.500,medium,low_confidence,2023 P L C (C,Lahore High Court,2023-01-01,2023L2038,,,,
8359c1e193a6ed9b7a53794a,criminal_law,0.500,medium,low_confidence,"MUHAMMAD YOUNAS QURESHI, through Special Power of Attorney vs Messrs FEDEX/GERRY'S INTERNATIONAL and another-",Lahore (Rawalpindi Bench),2021-01-01,2021L267,,,,
83659717d7d0cb31e48c1ba5,family_law,0.500,medium,low_confidence,2025 P L C (C,Supreme Court of Pakistan,,2025S2030,,,,
836cbe94c4c3c0dd2a7fd986,criminal_law,0.500,medium,low_confidence,AMIR MANZOOR vs NAEEM JAVED and others,Lahore,2023-01-01,2023L4021,,,,
842dd7deb82aeb163355f960,criminal_law,0.500,medium,low_confidence,Messrs MAKKAH TRADERS through Managing Partner and 3 others vs MCB BANK LIMITED,Lahore,2023-01-01,2023L5015,,,,
84381b32ae73adfd6027066e,criminal_law,0.500,medium,low_confidence,AMMER BAKHSH through L.Rs. vs MUHAMMAD ZUBAIR through Legal Heirs and others,Lahore (Multan Bench),,2021L2591,,,,
848d6869fd0562b1f0560706,criminal_law,0.500,medium,low_confidence,HUMAN RIGHTS COMMISSION OF PAKISTAN through Chairperson and others vs FEDERATION OF PAKISTAN through Ministry of Education and others,Supreme Court of Pakistan,,2022S789,,,,
84ac8d934b8bfbb7ad019e15,family_law,0.500,medium,low_confidence,ATIF RIAZ vs Islamabad and 6 others,,,2023L53,,,,
84e13eed5f8900999684a2b6,criminal_law,0.500,medium,low_confidence,Mian ABDUL GHAFFAR vs MUHAMMAD ANWAR SAEED (deceased) through L.Rs. and others,,,2023L26,,,,
854df7d9e9d62888f9663b86,family_law,0.500,medium,low_confidence,Dr. NAEEM UR REHMAN vs SAEED UR REHMAN,Peshawar (Bannu Bench),,2024P4016,,,,
85d63a3b4fd9a538631a4057,criminal_law,0.500,medium,signal_conflict,Naeem Abbas and 2 others vs Altaf Hussain and others,Lahore (Multan Bench),,2026L4028,,,,
85fb6a65ef1e9e75ca142766,criminal_law,0.500,medium,low_confidence,"JS BANK LIMITED, KARACHI and others vs PROVINCE OF PUNJAB through Secretary Food, Lahore and others",Supreme Court of Pakistan,,2021S990,,,,
864e2d6b08be87fc5a657dac,family_law,0.500,medium,low_confidence,Messrs PAK QATAR FAMILY TAKAFUL LTD. vs Ms. ARISHA KANWAL and others,Federal Constitutional Court,,2026FCC5001,,,,
867e0e84f6f8fbd94cc17045,criminal_law,0.500,medium,low_confidence,Jammu Kashmir Co-operative Housing Society vs Gulraiz Mehmood and others,Islamabad,,2024I2508,,,,
86bf49dbb5a51e14fb5ba697,criminal_law,0.500,medium,low_confidence,SARDAR ALI- vs ABDUL GHAFOOR and others-,Lahore (Multan Bench),2022-01-01,2022L280,,,,
86ebc4d43febeab80e79366e,family_law,0.500,medium,low_confidence,Rao Omar Hashim Khan vs Ahmad Raza Maneka and others,Lahore,,2026L2514,,,,
873698679b3f3ae2a079b37c,criminal_law,0.500,medium,low_confidence,National Defence University (NDU) through its Registrar vs Ms. Nadia Asghar,Islamabad,,2026I2509,,,,
875f2f6c19f49f079e4d3305,criminal_law,0.500,medium,low_confidence,Mst. LIAQAT SULTANA and others vs Mst. MUMTAZ TAHAWAR and others,Lahore,,2023L2569,,,,
876b0861f6d42e6f8efea3a3,criminal_law,0.500,medium,low_confidence,HAYAT MUHAMMAD through LRs. vs MUHAMMAD RIAZ,Supreme Court of Pakistan,,2023S950,,,,
87a09f647acff6537205cb97,criminal_law,0.500,medium,low_confidence,GUL BAZ KHAN- vs MUHAMMAD KAMRAN,Lahore (Rawalpindi Bench),,2021L221,,,,
8823919c5b60d6509d08821f,criminal_law,0.500,medium,low_confidence,Sukhio Khan and others vs Ali Nawaz and 4 others,Sindh (Larkana Bench),,2024K2529,,,,
8857faadf3f814eef659a84e,criminal_law,0.500,medium,low_confidence,NADEEM SADIQ vs DEWAN MASIH GULRAIZ and 3 others,Lahore,,2022L4096,,,,
88722d0661dc30a0b260d83d,criminal_law,0.500,medium,low_confidence,2021 P L C (C,Sindh High Court (Hyderabad Bench),,2021K2033,,,,
88c25af02078869471f26fa0,criminal_law,0.500,medium,low_confidence,"Rai MUHAMMAD ASHRAF vs ADDITIONAL SESSIONS JUDGE, NANKANA SAHIB and 6 others",,,2022L31,,,,
895e899d47368ab1753458c6,family_law,0.500,medium,low_confidence,2010 C L D 1303,Competition Commission of Pakistan,,2010CCP5011,,,,
89612079836899b2b99e63f7,criminal_law,0.500,medium,low_confidence,MUHAMMAD HAYAT and others vs MUHAMMAD ZAMAN and others,Peshawar,,2023P2536,,,,
89c77e585b099cd29e5366eb,family_law,0.500,medium,low_confidence,"I.B. EMPLOYEES COOPERATIVE HOUSING SOCIETY through authorized Representative vs ADDITIONAL DISTRICT JUDGE-II, EAST ISLAMABAD and another",Islamabad,,2025I205,,,,
89d62acfcacf2233e6471fae,criminal_law,0.500,medium,low_confidence,AURANGZEB JEHANGIRI and 8 others- vs TEHSIL MUNICIPAL ADMINISTRATION MANSEHRA through Tehsil Municipal Officer and others-,Peshawar (Abbottabad Bench),,2023P206,,,,
8a82b20a2f82e20ec422d159,criminal_law,0.500,medium,low_confidence,"COMMISSIONER INLAND REVENUE, ZONE-III RTO, RAWALPINDI and others vs Messrs SARWAQ TRADERS, RAWALPINDI and others",Supreme Court of Pakistan,,2025S742,,,,
8aa3e14e7c8166875364b3da,criminal_law,0.500,medium,low_confidence,MUHAMMAD HANIF vs ZARDAD KHAN and others,Peshawar (Abbottabad Bench),,2021P4029,,,,
8aecc9d4c67577328ed9440d,criminal_law,0.500,medium,low_confidence,SHAMSHAD BIBI and others vs RIASAT ALI and others,,,2023S50,,,,
8b46d3a2da189170d1a1f492,criminal_law,0.500,medium,low_confidence,MUHAMMAD NAWAZ vs MAQBOOL AHMAD and others,,,2026L27,,,,
8b673cf6879cdb183d95baf6,family_law,0.500,medium,low_confidence,IMDADULLAH through L.Rs.- vs Mst. ZAHIDA and others-,Peshawar,,2022P234,,,,
8b87b79307d34e6a99d42ef1,family_law,0.500,medium,low_confidence,"WAHID KHAN and another- vs SECRETARY MINES AND MINERALS, KHYBER PAKHTUNKHWA, PESHAWAR and others-",Peshawar,,2024P218,,,,
8ba8efb2808882f326f82825,criminal_law,0.500,medium,low_confidence,HAJAT KHAN vs LATIF and another,Gilgit-Baltistan Chief Court,,2022G4015,,,,
8bc3645afa5b87697cb4cc88,family_law,0.500,medium,low_confidence,Messrs NAJAAT WELFARE FOUNDATION through General Secretary vs and 4 others,emphases provided,,2023F6,,,,
8bd4a9bd2054f5e9aca29219,criminal_law,0.500,medium,low_confidence,SALAMAT ALI and others vs MUHAMMAD DIN and others,,,2022S27,,,,
8c94ce5ef4b70a38375a9634,criminal_law,0.500,medium,low_confidence,ABDUL KARIM vs Mst. RUQQIA BEGUM (Deceased) through L.Rs. and others,Lahore,,2025L206,,,,
8d695a0b7f6805855bd796c2,criminal_law,0.500,medium,low_confidence,Pir SHAH ABDUL HAQ (deceased) through L.Rs. and another vs MUHAMMAD IRFAN and others,Supreme Court of Pakistan,,2026S849,,,,
8e1bcda94a765ab6bfd0fd5f,criminal_law,0.500,medium,low_confidence,MUHAMMAD RIZWAN- vs Syed TAHIR ABBAS SHAH and others-,Peshawar (D.I. Khan Bench),,2022P219,,,,
8e20b912c3aad0ae473ca44b,criminal_law,0.500,medium,low_confidence,MUHAMMAD KHAN deceased through L.Rs. vs MUHAMMAD AKRAM,Lahore,2025-01-01,2025L211,,,,
8e748164c855b7487ce6377c,criminal_law,0.500,medium,low_confidence,MUHAMMAD AMIN and 2 others vs MUHAMMAD RAFIQUE through L.Rs.,Lahore,,2022L4051,,,,
8e74b7b68a0cd12c82f4aeef,criminal_law,0.500,medium,low_confidence,"SOCIETY FOR COMMUNITY DEVELOPMENT (SCD), through EXECUTIVE DIRECTOR- vs UNITED NATIONS INTERNATIONAL CHILDREN EMERGENCY FUND, (UNICEF), PAKISTAN through Representative and others-",Balochistan,,2021Q228,,,,
8f07323edeed3ff620222af6,criminal_law,0.500,medium,low_confidence,NAIMATULLAH and others- vs MIR JAMAL and others-,Balochistan,,2024Q201,,,,
8f12a693e4e91e11d11fd409,criminal_law,0.500,medium,low_confidence,"SANAULLAH vs CANTONMENT EXECUTIVE, OFFICER, QUETTA CANTT and 2 others",Balochistan,,2025Q219,,,,
8f61963b88997e5d66de97d7,family_law,0.500,medium,low_confidence,MUHAMMAD ZAHID and others vs PROVINCE OF SINDH through Chief Secretary and others,Supreme Court of Pakistan,,2022S770,,,,
8f84b3a3dba34e8117278316,criminal_law,0.500,medium,low_confidence,ASHIQ MUHAMMAD (DECEASED) through L.Rs and others vs MUHAMMAD USMAN (DECEASED) through L.Rs.,Lahore (Multan Bench),,2022L2566,,,,
8fae6fd9338f0accfa760dcf,criminal_law,0.500,medium,low_confidence,RUBINA LEWIS through attorney vs PUBLIC AT LARGE,Sindh,,2025K265,,,,
90116d7693f04bcf48653555,criminal_law,0.500,medium,low_confidence,Delhi Mercantile Muslim Cooperative Housing society limited through chairman vs Muhammad Javed and others,Sindh,,2025K4001,,,,
9039133807ab95ef0c84dcda,criminal_law,0.500,medium,low_confidence,Fazal Arshad vs Zulfiqar Ahmed and others,Lahore (Rawalpindi Bench),,2025L4066,,,,
90a7356b8a7023a7336901c2,family_law,0.500,medium,low_confidence,ARAB and others vs PROVINCE OF SINDH through Secretary Health Department and others,Supreme Court of Pakistan,,2026S745,,,,
90f8897d86cfd1d233a5759d,family_law,0.500,medium,low_confidence,Malik ARSHAD HUSSAIN AWAN vs Messrs UNITED BANK LIMITED,Supreme Court of Pakistan,,2024S5005,,,,
912e22a2ade228fc9a79fe89,criminal_law,0.500,medium,low_confidence,MUHAMMAD YAQOOB and others- vs RAHEELA YOUSAF and others-,Lahore,2024-01-01,2024L203,,,,
914b5d4d8743b61ed602bf42,family_law,0.500,medium,low_confidence,P L D 2021 Sindh 470,,,2021K35,,,,
919e6152b37055486938d300,criminal_law,0.500,medium,low_confidence,TAHIR NAQASH and others vs The STATE and others,,,2022S32,,,,
91ea06b80c6bb27f2640d3fe,family_law,0.500,medium,low_confidence,"Mst. SHAHEEN QURESHI and 7 others vs The MUKHTIARKAR, TALUKA CITY HYDERABAD and 4 others",Sindh (Hyderabad Bench),,2025K262,,,,
91eb2b0d087f5a680fa7bc59,criminal_law,0.500,medium,low_confidence,2024 P L C (C,Supreme Court of Pakistan,,2024S2019,,,,
91fffed699acea20d808af12,criminal_law,0.500,medium,low_confidence,ABDUL RAZIQ- vs MUHAMMAD RAFIQ and others-,Balochistan,,2022Q215,,,,
9215c6bcd0fc2c74b85ff80e,criminal_law,0.500,medium,low_confidence,"SHAHIN SHAH vs GOVERNMENT OF KHYBER PAKHTUNKHWA through Secretary Irrigation Department, Peshawar and others",Supreme Court of Pakistan,,2022S978,,,,
9236da7713aff77527f00250,criminal_law,0.500,medium,low_confidence,Mian ASAD OMER MAGGO vs HEWLETT-PACKARD SINGAPORE (SALES) PTE LIMITED and 4 others,Sindh,,2022K5018,,,,
928f1e304426e3874d1a39c7,criminal_law,0.500,medium,low_confidence,"Mst. Safia Khanum and 7 others vs Additional District Judge-II, East, Islamabad and 20 others",Islamabad,,2026I2510,,,,
92cb02af511f14012a44c6f5,criminal_law,0.500,medium,low_confidence,ABDUL HAYEE vs MUHAMMAD YOUSAF and 3 others,EMPHASIS ADDED,,2026Q5,,,,
92d0285ebb3e7482315b9441,criminal_law,0.500,medium,low_confidence,ABDUL SALAM KHAN vs Messrs BANK AL-HABIB LTD. and others,,,2025S70,,,,
92d62ce10834032e021a04e1,criminal_law,0.500,medium,signal_conflict,ALLAH DITTA through L.Rs. and another vs Mst. QUDRAT BIBI through L.Rs. and 2 others,Islamabad,,2024I4004,,,,
9306ef92934c17a8852186f9,criminal_law,0.500,medium,low_confidence,SHAMS-UD-DIN and another vs MUHAMMAD ALI and others,Balochistan,,2023Q4008,,,,
934cffa28050fdc9bb18cf4a,criminal_law,0.500,medium,low_confidence,NIZAMUDDIN and 4 others vs MUHAMMAD USMAN and another,Sindh (Hyderabad Bench),,2024K4024,,,,
93508143e5fa3360ff77b342,family_law,0.500,medium,low_confidence,Malik PANJWANI and others vs FAROOQ NASIR and others,Sindh,,2024K245,,,,
94581f4c47ab19a5dddf7264,other_uncertain,0.500,low,"narrow_margin,signal_conflict",UMAR vs GOVERNMENT OF BALOCHISTAN through Secretary Home and Tribal Affairs Department and 3 others,,,2025Q16,,,,
9478afe8adf57c00cecd3ae0,criminal_law,0.500,medium,low_confidence,Syed Mubarak Hussain Shah vs Syed Muhammad Ayub Shah (deceased) through L.Rs,Lahore (Rawalpindi Bench),2024-01-01,2024L2572,,,,
94ece3ea7099a6cf546aaa65,family_law,0.500,medium,low_confidence,2021 P L C (C,Supreme Court of Pakistan,,2021S2044,,,,
952126eb9fefc5a1bcf58f95,family_law,0.500,medium,low_confidence,2023 C L D 517,Supreme Court of Pakistan,,2023S5005,,,,
953579cde5fac3a1babe6ca8,criminal_law,0.500,medium,low_confidence,2024 P L C (C,Lahore High Court,,2024L2030,,,,
95a9a276f600b0ae106d2c61,criminal_law,0.500,medium,low_confidence,Mst. Abida Rafique Ghouri through legal heir vs Syed Amjad Hussain Gillani and 3 others,Lahore,2025-01-01,2025L2522,,,,
95b7e7af8dbe9548899a59c0,other_uncertain,0.500,low,"narrow_margin,signal_conflict",MUHAMMAD SHARIF vs Mst. NIAMAT BIBI,Supreme Court of Pakistan,,2021S935,,,,
95cd9e2521a5ef9856c26511,family_law,0.500,medium,low_confidence,"CANTONMENT BOARD NOWSHERA through Executive Officer Nowshera Cantt, Tehsil and District Nowshera and another vs GOVERNMENT OF PAKISTAN through Secretary Religious Affairs and Interfaith Harmony, Islamabad and 6 others",Islamabad,,2026I213,,,,
960d6b4932e851539d967c35,criminal_law,0.500,medium,low_confidence,Messrs DAIRY CREST FOOD (PRIVATE) LIMITED through Chief Executive vs MUZAMMAL KHAN LODHI,Lahore,2023-01-01,2023L2512,,,,
9677d5c281e41580360487d7,criminal_law,0.500,medium,signal_conflict,ABDUL GHAFOOR vs KHAIR BIBI and 3 others,Balocshitan,,2023Q4005,,,,
96fc5febff0d7c63ae35e5d8,criminal_law,0.500,medium,low_confidence,JAMSHAID AKHTAR vs ABDUL HAMID KHAN,Lahore (Multan Bench),2023-01-01,2023L14006,,,,
9745bec2677ecb9a458f0ad3,criminal_law,0.500,medium,low_confidence,SAADAT KHAN vs ALI SHER and 2 others,,,2023Q3,,,,
976552112a5615997354cdfd,criminal_law,0.500,medium,low_confidence,ABDUL KAREEM and another vs MUHAMMAD BASIL and another,,,2023Q4,,,,
97a912228fd7212f2a85cbce,criminal_law,0.500,medium,low_confidence,Syed ASHFAQ ALI SHAH- vs MAQTOOL AKHTAR (DECEASED) through Legal Heirs and others-,Lahore,,2021L205,,,,
97d163760b644f8780ccd0bf,criminal_law,0.500,medium,low_confidence,NOOR AHMED and others vs Syed MUHAMMAD RAHEEM and others,,,2022Q11,,,,
982e95c89a2c1a21f77a1cb4,criminal_law,0.500,medium,low_confidence,Sara akhtar vs Mehmood Khan and others,Lahore (Multan Bench),2024-01-01,2024L4092,,,,
9843947810d77d40281e0c84,criminal_law,0.500,medium,low_confidence,ABDUL RAHMAN and others vs MUHAMMAD FAROOQ and others,Lahore,2025-01-01,2025L216,,,,
98944685cb3cbdb28bfc097b,criminal_law,0.500,medium,low_confidence,MUHAMMAD HUSSAIN- vs Rana SOHAIL ANJUM and 8 others-,Lahore,2022-01-01,2022L268,,,,
9932565b424bd59bea6a490e,family_law,0.500,medium,low_confidence,DANISH ELAHI and 2 others vs MARIAM KAMRAN and 3 others,,,2022K41,,,,
99625eb9749d6acca6287ebc,other_uncertain,0.500,low,"narrow_margin,signal_conflict",ABRAR HUSSAIN vs Mst. BIBI SHAHIDA and others,,,2026S4,,,,
9980b46dd81cb178b295fbdc,criminal_law,0.500,medium,low_confidence,MUHAMMAD IQBAL KHAN vs MUHAMMAD NAWAZ KHAN and 23 others,Lahore,,2023L4070,,,,
998be245bb09c29195718b8f,criminal_law,0.500,medium,low_confidence,NOOR AHMAD and 5 others- vs ANWAAR MOHI-UD-DIN through Legal Heirs and others-,Lahore (Multan Bench),2021-01-01,2021L275,,,,
99b84d9ed56b4071c6434ebc,criminal_law,0.500,medium,low_confidence,District Officer Labour vs Akbar Ali and others,Lahore,2025-01-01,2025L2541,,,,
99d7ff8e26588796c9e44f37,criminal_law,0.500,medium,low_confidence,Mst. FATIMA RASHEED vs ABDUL QADIR and 2 others,,,2025K34,,,,
99ecf8498a23e5f0a0c8dde8,criminal_law,0.500,medium,low_confidence,MUHAMMAD ALIM SHAR vs SHAHNAWAZ and others,,,2025K35,,,,
99fe1a84bbfcd4eab04b682d,criminal_law,0.500,medium,low_confidence,MUHAMMAD IRSALAN FARAZ vs HABIB UL REHMAN,Lahore (Multan Bench),,2025L279,,,,
9a37add5b1c032d9e8bc484b,criminal_law,0.500,medium,low_confidence,MUHAMMAD SALEEM KHAN vs Syed ATHAR HUSSAIN and 4 others,Sindh,,2025K226,,,,
9a51dc4b5a77860de6efd815,criminal_law,0.500,medium,low_confidence,RAHIM SHAH MIAN vs MUHAMMAD IQBAL,Supreme Court of Pakistan,,2026S831,,,,
9a98006123fe42edadb46ab5,criminal_law,0.500,medium,low_confidence,M/s Gulistan Group of Companies through Director vs Waseem Javed Khand,Lahore,2024-01-01,2024L2546,,,,
9b07fe7e483f6e71683fc28d,other_uncertain,0.500,low,"narrow_margin,signal_conflict",RASHID KHAN vs Mst. MOMNA JADOON and another,Peshawar (Abbottabad Bench),,2021P2526,,,,
9b505da16d98fad3da2c47e0,criminal_law,0.500,medium,low_confidence,P L D 2024 Supreme Court 588,,,2024S36,,,,
9b532de9eb9c1dcd38dd8edc,criminal_law,0.500,medium,low_confidence,Saad Muhammad Abbasi vs Syed Ejaz Ali,Islamabad,,2024I5013,,,,
9b5d60a2ca150536a9f85ab9,criminal_law,0.500,medium,low_confidence,ABDUL GHAFFAR vs FAIZI BIBI and 2 others,Balochistan,,2023Q4001,,,,
9c1281e53daae423642d6786,family_law,0.500,medium,low_confidence,2022 C L D 670,Competition Commission of Pakistan,,2022CCP5009,,,,
9c1c8bbb3d6e4603e723cadc,criminal_law,0.500,medium,low_confidence,MUHAMMAD MUSA KHAN- vs Mst. ANSA MARIAM RASHEEA ZAMANIA and 2 others-,Sindh,,2022K249,,,,
9d3e98258344cd0ae28bfdca,criminal_law,0.500,medium,low_confidence,AFSAR ALI and others- vs KOHISTANAY through LRs and others-,Peshawar (Mingora Bench),,2023P236,,,,
9d4607e893c868fb79bd5e5c,criminal_law,0.500,medium,low_confidence,SARDAR MUHAMMAD (DECEASED) through LRs vs TAJ MUHAMMAD (DECEASED) through LRs and others,Supreme Court of Pakistan,,2023S850,,,,
9df2fe4dcddcf8c4df199660,criminal_law,0.500,medium,low_confidence,Ch. RIAZ AHMAD vs MUNIR SULTAN MALIK,Supreme Court of Pakistan,,2022S794,,,,
9e1690bbf1d4b2d456c8c183,criminal_law,0.500,medium,low_confidence,ALI HAIDER and another vs MUHAMMAD BOOTA and another,Lahore,2026-01-01,2026L213,,,,
9f1c4f5439bbe05f0f702865,criminal_law,0.500,medium,low_confidence,SANAULLAH vs Mst. RAZIA BIBI and others,,,2023Q2,,,,
9f40d1bef96fb9b1f2bec26e,criminal_law,0.500,medium,low_confidence,SOHAIL ISLAM and another vs SAADULLAH KHAN and others,Supreme Court of Pakistan,,2026S810,,,,
9fa87413b15273387effbcd4,criminal_law,0.500,medium,low_confidence,ZULFIQAR ALI vs Mirza ALTAF HUSSAIN and 3 others,Lahore,,2025L291,,,,
9fc5fee13e9cc85c49129b57,family_law,0.500,medium,low_confidence,JUSTICE QAZI FAEZ ISA and others vs The PRESIDENT OF PAKISTAN and others,"Note: The directions can be found in the short order of the present judgment reported as (Mr. Justice Qazi Faez Isa and 14 others v The President of Pakistan and others (PLD 2020 SC 346), headnote (b)",,2021S1,,,,
9fdffe1f22de6552df5f6384,criminal_law,0.500,medium,low_confidence,PROVINCE OF SINDH through Secretary and 2 others- vs RAHIM BUX and others-,Sindh (Sukkur Bench),,2022K266,,,,
9fe51b0078e14fe6fcc1c9e3,criminal_law,0.500,medium,low_confidence,OIL AND GAS DEVELOPMENT COMPANY LTD. vs Messrs SHAH LATIF CNG,Sindh (Hyderabad Bench),,2024K243,,,,
9fe58c1b8e4e66c5190e81d0,criminal_law,0.500,medium,low_confidence,ABDUL HAFEEZ- vs FEDERATION OF PAKISTAN through Chairman NADRA and another-,Sindh (Hyderabad Bench),,2023K220,,,,
a00de3afac159f6fdd697680,criminal_law,0.500,medium,low_confidence,Dr. ARIF DAWOOD HAREKAR vs Messrs SEA BREEZE PRIVATE LIMITED through CEO/Secretary/Authorized Officer and 2 others,Sindh,,2022K2502,,,,
a023386136dd5410946cdc88,criminal_law,0.500,medium,low_confidence,2025 S C M R 1706,Supreme Court of Pakistan,,2025S925,,,,
a0377185ae3f9487c79b96b5,family_law,0.500,medium,low_confidence,2022 P T D 402,Sindh High Court,,2022K6017,,,,
a06512f6d39a6c97b97d321c,criminal_law,0.500,medium,low_confidence,Sheikh Muhammad Zulfiqar vs Malik Sheraz Zafar and 6 others,Islamabad,,2024I4013,,,,
a0ab145deb243bc2a23f7fc2,criminal_law,0.500,medium,low_confidence,Sultan Khan and another vs Muhammad Nawaz (deceased) through his Legal Heirs and others,Lahore (Rawalpindi Bench),,2025L2528,,,,
a0b983a586e31fa16dafb6e3,criminal_law,0.500,medium,low_confidence,"CYRUS COWASJEE and 2 others vs KARACHI METROPOLITAN CORPORATION through Administrator, Karachi",,,2022K12,,,,
a0fc8c7a608490091f5c4552,criminal_law,0.500,medium,low_confidence,REEMA FATIMA ABBASI vs ARIF ALI KHAN ABBASI and 3 others,Sindh,,2022K14125,,,,
a14e7b4652d00dafb6f73bce,criminal_law,0.500,medium,low_confidence,SHAHEEN ALAM and 3 others- vs Mst. BIBI SALMA (Widow) and 7 others-,Balochistan,,2023Q209,,,,
a165f7958e5fb53c363fa8dc,criminal_law,0.500,medium,low_confidence,Iqbal Ahmed Siddiqui vs Khalid Maudod Siddiqui and another,Sindh,,2025K2572,,,,
a1eaccaeece84314529a4e28,family_law,0.500,medium,low_confidence,YAR MUHAMMAD KHAN and others vs SAJJAD ABBAS and others,Supreme Court of Pakistan,,2021S945,,,,
a20ca3ed16df61ccb4a1ed6f,criminal_law,0.500,medium,low_confidence,MUHAMMD BAKHASH and 2 others vs INAYAT BI and 13 others,High Court (AJ&K),,2021HCAJK4013,,,,
a20d44f66f4a10057f4d03de,criminal_law,0.500,medium,low_confidence,P L D 2025 Supreme Appellate Court (G,,,2025G1,,,,
a211af353e4e6c89097ae45e,criminal_law,0.500,medium,low_confidence,ABDUL GHAFOOR and others- vs MUHAMMAD MURAD and others-,Balochistan,,2022Q222,,,,
a2976c66866adef769e9ba19,criminal_law,0.500,medium,low_confidence,Muhammad Iqbal and others vs Muhammad Ashraf and others,Lahore,,2025L2564,,,,
a3122328acba5e2db2b50542,criminal_law,0.500,medium,low_confidence,Syed Shehanshah Raza Hussain Rizvi vs Tariq Nawaz Khan and 3 others,Lahore,,2025L4033,,,,
a31f2f5a0626106e86c5c85b,criminal_law,0.500,medium,low_confidence,KHAMISO and another vs MANSIGNO through L.Rs and others,,,2026K20,,,,
a33d08f0d44511de03231f98,criminal_law,0.500,medium,low_confidence,2020 P L C  (C,Supreme Court of Pakistan,,2026S2027,,,,
a3b0c43b6fe86e2474738117,criminal_law,0.500,medium,low_confidence,ALI AKBAR vs ABDUL JABBAR and 5 others,Sindh (Mirpurkhas Bench),,2025K257,,,,
a3bbe4f454f398f0f99d0122,criminal_law,0.500,medium,low_confidence,MUHAMMAD AKHTAR and others vs NIAZ AHMAD and others,Lahore,,2022L4078,,,,
a3cde3e16b321bfd017f1ff0,criminal_law,0.500,medium,low_confidence,Messrs BAHAWALPUR COTTON COMPANY through Partners and others vs UNITED BANK LIMITED,Lahore (Bahawalpur Bench),2023-01-01,2023L5046,,,,
a41616a3fec5b913c757ee66,criminal_law,0.500,medium,low_confidence,FAYSAL BANK LIMITED and others vs Ch. SHEHZAD MUNIR and others,Lahore (Rawalpindi Bench),2023-01-01,2023L5053,,,,
a424a18e625de45baa46aa34,criminal_law,0.500,medium,signal_conflict,Akhtar Nawaz and others vs Azra Begum and others,Peshawar (Abbottabad Bench),,2025P4015,,,,
a4b27da574b562ab64ce2549,family_law,0.500,medium,low_confidence,Mian FAZL-E-KAREEM and others vs KHAN MUHAMMAD and others,,,2025P21,,,,
a4f4a0ef3ca25a8098d74399,criminal_law,0.500,medium,low_confidence,Muhammad Anwar (deceased) through LRs vs Shahadat Ali and others,Lahore,,2025L2540,,,,
a4fa592c11da3643ebb34c77,criminal_law,0.500,medium,low_confidence,2020 P L C  (C,Supreme Court of Pakistan,,2026S2024,,,,
a548ba0706b8c0afa4a7be2b,criminal_law,0.500,medium,signal_conflict,Muhammad Ramzan and others vs Haleema Bibi and others,Lahore (Multan Bench),2025-01-01,2025L2544,,,,
a5667538da7111817aca378d,criminal_law,0.500,medium,low_confidence,MUHAMMAD AMEEN and others vs MUNAWAR ALI and others,Balochistan (Sibi Bench),,2024Q223,,,,
a5a484c67b5dbd4461b0bcca,criminal_law,0.500,medium,low_confidence,ABDUL MAJEED and others- vs HUSSAIN BIBI ad others-,Lahore,,2021L288,,,,
a5b4d13006128727c83f15e9,criminal_law,0.500,medium,low_confidence,ABDUL WAHID JEHAJO- vs PUNHOON -,Sindh (Hyderabad Bench),,2022K246,,,,
a654b67fb62236dbb427b656,criminal_law,0.500,medium,low_confidence,IJAZ AHMAD and others vs KHIZAR HAYAT and others,Lahore,2023-01-01,2023L2536,,,,
a658345517733c2cca3e665b,criminal_law,0.500,medium,low_confidence,BABAR ALI vs MUHAMMAD ZAHEER and another,Gilgit-Baltistan Chief Court,,2021G4003,,,,
a6b7c20855df292ea40f5c5e,criminal_law,0.500,medium,low_confidence,Dr. MUHAMMAD BASHIR QASIM vs Mrs. FARIDA BANO and 2 others,Sindh,,2023K2514,,,,
a8993f7e5909c290be568a4a,family_law,0.500,medium,low_confidence,Messrs KASHF FOUNDATION vs EXECUTIVE DIRECTOR ADJUDICATION,Securities and Exchange Commission of Pakistan,,2026SECP5004,,,,
a8a1611480787d9e8401d88e,criminal_law,0.500,medium,signal_conflict,BEVERGH KHAN- vs SURAT KHAN and 7 others-,Balochistan,,2022Q218,,,,
a8a377157602757bd529dcbd,family_law,0.500,medium,low_confidence,2022 C L D 31,Competition Commission of Pakistan,,2022CCP5001,,,,
a935018ddf744739a46d8838,criminal_law,0.500,medium,low_confidence,SARFARAZ KHAN and others vs QURESH KHAN and others,Peshawar,,2024P224,,,,
a95a32475cd0690ab8fe0f2a,criminal_law,0.500,medium,low_confidence,IMRAN AHMAD KHAN NIAZI vs Mian MUHAMMAD SHAHBAZ SHARIF,Lahore,,2023L2560,,,,
aa069f776b24f1caca56c5c5,family_law,0.500,medium,low_confidence,2021 P T D 892,Lahore High Court (Bahawalpur Bench),2021-01-01,2021L6018,,,,
aa0c1ab8e6bb8248fe7c72d8,criminal_law,0.500,medium,low_confidence,HAYYAT ALI through legal heirs and others vs Mst. KHATOON BEGUM through L.Rs. and 2 others,Lahore (Multan Bench),2023-01-01,2023L4067,,,,
aa2977bfc51f0a2f4ac24a18,family_law,0.500,medium,low_confidence,"PUBLIC INTEREST LAW ASSOCIATION OF PAKISTAN registered under the Societies Act, 1860 through authorized person Chaudhry Awais Ahmed vs PROVINCE OF PUNJAB through Chief Secretary, Civil Secretariat, Lower Mall, Lahore and others",Supreme Court of Pakistan,,2023S5008,,,,
aa9142994791b5788a1617eb,criminal_law,0.500,medium,low_confidence,ASSISTANT COMMISSIONER KHWAZAKHELA and others vs MUHAMMAD RASHAD and another,Peshawar (Mingora Bench),,2025P203,,,,
aab2c6bf270eca2445dd810a,family_law,0.500,medium,low_confidence,"GENERAL POST OFFICE, ISLAMABAD and others vs MUHAMMAD JALAL",,,2024S96,,,,
aae827579182904dd6ef646e,criminal_law,0.500,medium,low_confidence,HIDAYAT KHAN and others vs Mst. NASREEN and others,,,2025S41,,,,
ab0a1a980fa9bd8da1ec1539,criminal_law,0.500,medium,low_confidence,PESCO through Chief Executive and others vs Mst. HALEEMA BIBI,Peshawar (D.I.Khan Bench),,2025P227,,,,
ab2e1272ae24efeda9a98d19,criminal_law,0.500,medium,low_confidence,MUHAMMAD AFTAB- vs MUHAMMAD ASIF and others-,Sindh,,2022K268,,,,
ab83d01f90fb67fc521097bf,criminal_law,0.500,medium,low_confidence,ZAHOOR AHMED vs ZAFAR ABBAS and another,Lahore,,2023L4029,,,,
abbd7ada410cbfeaae84a5d5,criminal_law,0.500,medium,low_confidence,MUHAMMAD JAVED AZMI vs JAVED ARSHAD,Lahore,,2021L2566,,,,
ac3bdc8061c11f0665eeed8b,criminal_law,0.500,medium,low_confidence,Sh. LIAQAT ALI and others vs GHULAM AKBAR (deceased) through L.Rs. and others,Lahore (Multan Bench),,2024L4008,,,,
ac56e80c7ff8d1ba01acb53b,criminal_law,0.500,medium,low_confidence,KASHIF IQBAL- vs ASGHAR ALI GHUMMAN-,Lahore,,2022L288,,,,
ac669e96cb7f3f868310ae36,criminal_law,0.500,medium,low_confidence,KAMILA AAMIR and another vs ADDITIONAL DISTRICT AND SESSIONS JUDGE and others,,,2023L59,,,,
ac818afcb8bf99371aa8dbc1,criminal_law,0.500,medium,low_confidence,2025 P L C (C,Islamabad High Court,,2025I2019,,,,
ac84aed7217db6d1a072abef,criminal_law,0.500,medium,low_confidence,SAIF-UL-MALOOK and others vs Malik MEHMOOD KHAN and others,Peshawar (D.I.Khan Bench),,2026P207,,,,
ac9297af4d5b631e9136f083,criminal_law,0.500,medium,low_confidence,"Mst. KISHWAR SULTANA- vs NIZAM-UD-DIN (DECEASED), through Legal Heirs and others-",Lahore (Multan Bench),,2023L255,,,,
ac93f9ec2c4f94c5ba5904fc,criminal_law,0.500,medium,low_confidence,MUHAMMAD ASGHAR vs Mst. GHAFOORAN through Legal Heirs and others,Lahore (Multan Bench),,2021L2582,,,,
ac9c352108653e3bf039c114,criminal_law,0.500,medium,low_confidence,Muhammad Ali (deceased) through Legal Heirs and others vs Umar Farooq,Lahore,,2025L4084,,,,
acc1d98cdefa38795e0d6daa,family_law,0.500,medium,low_confidence,ABDUL HAMEED ASGHAR through Attorney vs VTH ADDITIONAL DISTRICT JUDGE-EAST and another,Sindh,,2021K2542,,,,
acf02dd0514bcb0bae5f88fc,criminal_law,0.500,medium,low_confidence,ABDUL GHAFFAR vs UMAR FAROOQ,Lahore (Multan Bench),2025-01-01,2025L264,,,,
ad3503219d541903b1b100ff,criminal_law,0.500,medium,low_confidence,305,,,2025S62,,,,
ad870a1ccb9a64522acd67fc,criminal_law,0.500,medium,low_confidence,Pir ALI SHAH through Legal Representatives and others vs MUHAMMAD SOOMAR and 2 others,Sindh (Hyderabad Bench),,2021K2577,,,,
ad8f6ac82dca2e0c52ecb89d,criminal_law,0.500,medium,low_confidence,LAJBAR KHAN and others- vs KAMIN KHAN and others-,Peshawar (Mingora Bench),,2023P214,,,,
ae3b851acfc405cb46768785,criminal_law,0.500,medium,low_confidence,Muhammad Arshad Mehmood and others vs Muhammad Bashir (deceased) through L.Rs and others,Lahore,,2026L2539,,,,
ae74d3cdefae5e6ee6912ac1,criminal_law,0.500,medium,low_confidence,Munir Ahmed vs Mst. Toheeda-tul-Hassan,Lahore (Rawalpindi Bench),,2026L4056,,,,
ae76d168e0e83241eae25670,criminal_law,0.500,medium,low_confidence,Muhammad Sharif vs Rana Muhammad Sharif (deceased through LRs) and 2 others,Lahore,2024-01-01,2024L2550,,,,
ae994191b00e301bbecd0b9d,criminal_law,0.500,medium,low_confidence,MUHAMMAD YAQOOB through Legal heirs vs LAND ACQUISITION COLLECTOR (M-4) NATIONAL HIGHWAY AUTHORITY and 4 others,,2021-01-01,2021L30,,,,
af9d07f712d688e3f6a4c562,family_law,0.500,medium,low_confidence,"ZAHIDA PARVEEN vs GOVERNMENT OF KHYBER PAKHTUNKHWA through Secretary Elementary and Secondary Education, Civil Secretariat, Peshawar and others",,,2025S44,,,,
afbc43308c71fe0c29089056,criminal_law,0.500,medium,low_confidence,MUHAMMAD ASHRAF KASI and 3 others vs MUHAMMAD YAHYA KASI and others,Balochistan,,2022Q4011,,,,
affb63e6365882f89192df8e,other_uncertain,0.500,low,"narrow_margin,signal_conflict",SHAHBAZ KHAN vs DOWLAT KHAN and others,Supreme Court of Pakistan,,2026S838,,,,
b0151a055046c7f7fe6121fd,criminal_law,0.500,medium,low_confidence,AKBAR ALI vs HIDAYAT ULLAH,Peshawar (Mingora Bench),,2023P5004,,,,
b0bf53616480bb62a5a34910,criminal_law,0.500,medium,low_confidence,2022 P L C 167,Lahore High Court,,2022L2206,,,,
b104a16516403586670b5ab5,criminal_law,0.500,medium,low_confidence,MUNIR AHMED- vs ALI RAZA and 2 others-,Balochistan (Sibi Bench),,2024Q215,,,,
b134d111caebe3323a8b7cc8,criminal_law,0.500,medium,low_confidence,NIAZ HUSSAIN vs FAZAL FAREED and others,Lahore (Multan Bench),,2026L231,,,,
b1a4592f33b4339ed7fc1c73,criminal_law,0.500,medium,low_confidence,GULSHAN BIBI and another- vs SADDAR DIN and others-,Sindh (Larkana Bench),,2024K227,,,,
b1b754514f54bffcb20887c8,criminal_law,0.500,medium,low_confidence,2025 C L C 133,Sindh (Sukkur Bench),,2025K205,,,,
b20410b4e1f6aef0d054b5e3,criminal_law,0.500,medium,low_confidence,Muhammad Afzal and others vs Abdul Hameed and others,Lahore,2024-01-01,2024L2582,,,,
b21e796abcbe4499e235ea34,criminal_law,0.500,medium,low_confidence,Sajjad Haider and others vs Syed Ali Rizwan Kazmi and 2 others,Lahore (Rawalpindi Bench),2025-01-01,2025L2578,,,,
b2808372e3f5e34131a36360,criminal_law,0.500,medium,low_confidence,MUHAMMAD ARIF and others- vs AZIZ-UR-REHMAN and others-,Lahore (Bahawalpur Bench),,2023L224,,,,
b295141c1e09d40ae26d24d3,family_law,0.500,medium,low_confidence,2023 P T D 1410,Lahore High Court,2023-01-01,2023L6029,,,,
b32fd90e72cc3d23de2939c4,criminal_law,0.500,medium,low_confidence,MUHAMMAD IKHLAQ and others vs AMIR MUNIR and others,,,2025SCAJK3,,,,
b36992f1a548741ded6ba513,criminal_law,0.500,medium,signal_conflict,ABDUL AZIZ vs Mst. ZAIB-UN-NISSA and others,,,2022S41,,,,
b37867e6dba717a348b8bdaf,criminal_law,0.500,medium,low_confidence,"GHAZI HAMMADULLAH- vs SENIOR SUPERINTENDENT OF POLICE, KHAIRPUR and others-",Sindh (Sukkur Bench),,2021K240,,,,
b379d1e8dd5fe3ab97768bb9,criminal_law,0.500,medium,low_confidence,GHULAM FAREED vs MUHAMMAD BILAL and others,,,2025L47,,,,
b3fa052e16550cdccd99a385,criminal_law,0.500,medium,low_confidence,"Pakistan Railways, Lahore vs CRRC ZIYANG CO. LIMITED, LAHORE",,,2025S58,,,,
b50046d5f99f5e47adbaca2c,criminal_law,0.500,medium,low_confidence,"SHER AYAZ KHAN alias SHERAZ KHANA, through L.Rs. and others vs GUL NAJEEB KHAN",Supreme Court of Pakistan,,2025S748,,,,
b571a85dff701295e8ac663e,criminal_law,0.500,medium,low_confidence,ASIF NAEEM- vs Mst. BILQEES FATIMA and 3 others-,Lahore,,2023L279,,,,
b5d3033aee9be49d574829a3,family_law,0.500,medium,low_confidence,"IKRAM-UL-HAQ and others vs GOVERNMENT OF BALOCHISTAN through Chief Secretary, Quetta and others",,,2025Q30,,,,
b5dfc75e3344d0d60b88ec68,criminal_law,0.500,medium,low_confidence,ALLAH DITTA and others vs MUHAMMAD YASIN and others,Lahore (Multan Bench),2022-01-01,2022L4001,,,,
b61fd8ac3b278b814a6c7e2c,family_law,0.500,medium,low_confidence,Messrs PAK QATAR FAMILY TAKAFUL LTD. vs Ms. ARISHA KANWAL and others,,,2026FCC4,,,,
b6f41bd7dc0b643a19f74506,criminal_law,0.500,medium,low_confidence,SHEHZAD NAWAZ and others vs Mst. RAAJ BEGUM and others,Lahore,,2024L4056,,,,
b70aaeb820eebda3255ed61b,criminal_law,0.500,medium,low_confidence,GUL MUHAMMAD and 11 others vs ZULFIQAR and 9 others,Lahore (Multan Bench),2023-01-01,2023L14008,,,,
b7288e1a94f3be766c8afe22,criminal_law,0.500,medium,low_confidence,ABDUL KADER through Attorney vs SULEMAN and others,,,2022K52,,,,
b7683ee411d9501706d07928,criminal_law,0.500,medium,low_confidence,MUHAMMAD TUFAIL and others vs NIAZ AHMAD and others,Lahore,,2024L4028,,,,
b76ab7a73bce27d50b315353,criminal_law,0.500,medium,low_confidence,RIAZ AHMAD vs MOLLA BUX,Lahore (Multan Bench),2023-01-01,2023L14026,,,,
b77214f24dec008facb7bfe6,family_law,0.500,medium,low_confidence,Mst. NIGHAT BANO vs PUBLIC AT LARGE and 3 others,Sindh (Sukkur Bench),,2025K217,,,,
b77eb2965f01161476060614,criminal_law,0.500,medium,low_confidence,NAHEED SHOUKAT MALIK (LATE) through legal heirs vs Malik MOHSIN RAZA and 2 others,Islamabad,,2025I218,,,,
b7d45723386627b92d205aaf,criminal_law,0.500,medium,low_confidence,KHRUM SHEZAD ZAFAR and 2 others vs RAZIA BEGUM and 2 others,,,2024Q17,,,,
b7dcdeba716fb591fde65a6d,criminal_law,0.500,medium,low_confidence,IFTIKHAR AHMED and others vs BASHIR AHMED,Gilgit-Baltistan Chief Court Skardu Bench),,2022G4026,,,,
b7de919a94f22366e1a2ba42,criminal_law,0.500,medium,low_confidence,"PRESIDENT, ZARAI TARAQIATI BANK LIMITED, HEAD OFFICE, ISLAMABAD vs KISHWAR KHAN and others",Supreme Court of Pakistan,,2022S960,,,,
b8340e58f3bd756b18d8db89,criminal_law,0.500,medium,low_confidence,JAMIA MASJID HANFIA ATTOCK through President vs Mst. SURRAYA BIBI and 2 others,Lahore (Rawalpindi Bench),2026-01-01,2026L205,,,,
b84512c504eed9c2137286bf,criminal_law,0.500,medium,low_confidence,SAKEENA BEGUM (widow) and 5 others vs ABDUL KHALIQ and 9 others,,,2025HCAJK2,,,,
b902ba5f55fdc399e7a2a628,criminal_law,0.500,medium,low_confidence,Muhammad Azeem vs Noor Muhammad through LRs,Lahore (Multan Bench),2024-01-01,2024L2568,,,,
b965facb4de556aecc923236,criminal_law,0.500,medium,low_confidence,2021 P L C (C,Supreme Court of Pakistan,,2021S2028,,,,
b9e156304254e6dacb2c7bfa,criminal_law,0.500,medium,low_confidence,AZIZULLAH SOOMRO and another- vs MUZAFAR HUSSAIN and 2 others-,Sindh (Larkana Bench),,2024K240,,,,
b9ef833a82d9494f85f7b058,criminal_law,0.500,medium,low_confidence,NATIONAL HIGHWAY AUTHORITY through Director (Legal) vs Messrs HUSNAIN COTEX LIMITED through Chief Executive Officer and another,Islamabad,,2025I5007,,,,
ba7eee7dbba8724330f8a7bc,family_law,0.500,medium,low_confidence,2021 P L C (C,Lahore High Court (Bahawalpur Bench),,2021L2031,,,,
bab7ffdb524aa8860aa1eea8,criminal_law,0.500,medium,low_confidence,2021 P T D (Trib,Customs Appellate Tribunal,,2021C6026,,,,
bac2db07b9ee1f7bf7322fc0,criminal_law,0.500,medium,low_confidence,Messrs INDUS MOTOR COMPANY LIMITED vs FEDERATION OF PAKISTAN through Secretary Ministry of Industries and Production and others,Islamabad,,2025I228,,,,
baeb7f6daf01fc4552ddeb87,family_law,0.500,medium,low_confidence,Mst. KHALIDA BEGUM and others vs Mst. MANZOORAN MAI and others,"Board of Revenue, South Punjab",,2026BRP204,,,,
bb6c70c9e5c2afe02e3d36b0,criminal_law,0.500,medium,low_confidence,2021 P T D (Trib,Customs Appellate Tribunal,,2021C6015,,,,
bbb9c2aa786451bd1dc20191,criminal_law,0.500,medium,low_confidence,"ALAMZAIB KHAN- vs KASI BEHRIA TOWN MAIN JINNAH ROAD, QUETTA through CEO-",Balochistan,,2023Q229,,,,
bc85ea87e906e341f329dc8a,criminal_law,0.500,medium,low_confidence,AKBAR ALI vs HIDAYAT ULLAH,,,2023P23,,,,
bca8ef7b5ef9f07ccb2c3d3b,criminal_law,0.500,medium,low_confidence,GOVERNMENT OF KHYBER PAKHTUNKHWA through Chief Secretary and others vs Syed SADIQ SHAH and others,Supreme Court of Pakistan,,2021S841,,,,
bcb3641651d93e1c23d241c0,criminal_law,0.500,medium,signal_conflict,NOOR ASLAM vs Mst. RESHAM JAN (WIDOW) and 14 others,Peshawar (Bannu Bench),,2024P2503,,,,
bce9590c578d521d77e8a915,criminal_law,0.500,medium,low_confidence,MUHAMMAD TANVIR- vs MUHAMMAD RAMZAN ASAD and others-,Lahore,2024-01-01,2024L265,,,,
bcf10d77c655566e01dd8ca1,family_law,0.500,medium,low_confidence,2021 P L C (C,Lahore High Court,,2021L2040,,,,
bcf544d2ab11dbf0344f255a,criminal_law,0.500,medium,low_confidence,"CHIEF EXECUTIVE OFFICER NPGCL, GENCO-III, TPS MUZAFARGARRAH vs KHALID UMAR TARIQ IMRAN and others",Supreme Court of Pakistan,,2024S765,,,,
bd041747bdd83cda3acae289,criminal_law,0.500,medium,low_confidence,2023 C L D 383,Punjab Environmental Tribunal,,2023PET5001,,,,
bdc3eca9e78740e5a098abb2,criminal_law,0.500,medium,low_confidence,NISHTAR HOSPITAL MULTAN through Medical Superintendent vs Messrs LINDE PAKISTAN LTD. and others,Lahore (Multan Bench),2023-01-01,2023L4101,,,,
be159ba6d2f6e1f7685a5e5e,criminal_law,0.500,medium,low_confidence,Mst. NIGHAT WAHEED and others- vs ARIF LATIF-,Lahore,,2023L219,,,,
bee06071a1597f641b296902,family_law,0.500,medium,low_confidence,"Before Sadaqat Hussain Raja, J Kh. AAMIR AHMED vs through Chief Secretary and 6 others",High Court (AJ&K),,2021HCAJK4011,,,,
bf5ba116892e7534d0455835,criminal_law,0.500,medium,low_confidence,NASIR MAHMOOD vs ZAFAR IQBAL and another,,2025-01-01,2025L15,,,,
bfc365d6d4840be90d35c429,criminal_law,0.500,medium,low_confidence,SADAQAT ALI KHAN through LRs and others vs ZIA SAFDAR MALIK and others,Lahore (Rawalpindi Bench),,2026L218,,,,
bff2e57b7b4ae750822a26e5,criminal_law,0.500,medium,low_confidence,2025 P L C (C,Supreme Court of Pakistan,,2025S2035,,,,
c049fd05f5788dac7524db38,family_law,0.500,medium,low_confidence,2021 P L C (C,Islamabad High Court,,2021I2005,,,,
c0849ba231761eaf3f2cd53b,criminal_law,0.500,medium,low_confidence,Pakhtunkhwa Highway Authority through Managing Director Peshawar vs Arshad Sher Ali,Peshawar,,2025P2518,,,,
c09bb201ae413dde343fbc7c,criminal_law,0.500,medium,signal_conflict,Mst. NAWAB BIBI (DECEASED) through L.Rs.- vs HAKIM ALI and others-,Lahore,2024-01-01,2024L243,,,,
c105bca2f96792a6b5b45a21,criminal_law,0.500,medium,low_confidence,ROOHUL AMIN- vs and 4 others-,Peshawar,,2021P2523,,,,
c1473e535c980f7e4d4a5daa,criminal_law,0.500,medium,low_confidence,Master IQBAL and others vs ANJUMAN JAMA MASJID through General Secretary,,,2025K31,,,,
c1b3e141e454966c30754175,criminal_law,0.500,medium,low_confidence,MOHAMMAD NAWAZ vs MOHAMMAD SHAKEEL and 4 others,,,2024HCAJK1,,,,
c242340a87895151e6a5f97c,criminal_law,0.500,medium,low_confidence,Muhammad Nawaz and others vs Muhammad Waris,Lahore,2025-01-01,2025L2579,,,,
c26a0cd140ec832da8d3b7a7,criminal_law,0.500,medium,low_confidence,Hafiz Qari ABDUL FATEH through L.Rs vs Ms. UROOJ FATIMA and others,Supreme Court of Pakistan,,2024S917,,,,
c27665c5a306847220a92747,criminal_law,0.500,medium,low_confidence,2025 C L C 404,Balochistan (Sibi Bench),,2025Q208,,,,
c2fbb3f320008fd1703e92ab,criminal_law,0.500,medium,low_confidence,MUSHTAQUE AHMED vs SHAHZAD KHAN,,,2024S73,,,,
c325be57174208093f819baf,criminal_law,0.500,medium,low_confidence,ALAM and another vs NIAZ MUHAMMAD and 4 others,Sindh (Hyderabad Bench),,2021K2561,,,,
c3353ca6d6f1e0c6afcd7b0c,criminal_law,0.500,medium,low_confidence,MUHAMMAD HASHIM through Legal Heirs- vs Haji ABDUL GHAFOOR through Legal Heirs-,Sindh (Hyderabad Bench),,2022K216,,,,
c37d6570ea7ab359dcc4ee33,criminal_law,0.500,medium,low_confidence,ASMAT vs SAHIB ROKHAN and 7 others,,,2023P11,,,,
c39ac56d0091bfd3ec56fadb,criminal_law,0.500,medium,low_confidence,SHER BAHADAR KHAN vs SHARIF ULLAH and another,Peshawar (Mingora Bench),,2021P208,,,,
c3a131e61e0c810eb8b8f454,criminal_law,0.500,medium,low_confidence,Rana KARAMAT- vs FARHAN HAIDER and 6 others-,Lahore,,2024L229,,,,
c3a63f33bd23707dce024601,family_law,0.500,medium,low_confidence,Muhammad Bashir and others vs Muhammad Rafique,Lahore (Bahawalpur Bench),,2026L4059,,,,
c3a98e3d34f5ba28114fdf90,criminal_law,0.500,medium,low_confidence,Mst. AFIFA BIBI alias BEGUM AFIFA MOMDOOT- vs Mst. JAMEELA SIKANDAR-,Lahore (Multan Bench),,2022L270,,,,
c3c1c1e9cfdbfb7bb4892b63,criminal_law,0.500,medium,low_confidence,MAQBOOL AHMAD vs ADDITIONAL DISTRICT JUDGE and others,Lahore (Multan Bench),,2025L273,,,,
c41b31442317963b477d47f7,criminal_law,0.500,medium,low_confidence,Mian EJAZ AMIR- vs Haji MUHAMMAD IBRAHIM-,Lahore (Bahawalpur Bench),2023-01-01,2023L233,,,,
c4f21737054aeb5320de943e,criminal_law,0.500,medium,low_confidence,MUHAMMAD INAM BHATTI- vs Syed MUHAMMAD SIBTAIN-,Lahore,2023-01-01,2023L272,,,,
c5193cfc0ea029cc0327d1ee,criminal_law,0.500,medium,low_confidence,Mst. ILYAS AKHTAR vs PROVINCE OF PUNJAB and others,Lahore (Multan Bench),,2023L4103,,,,
c55765a2c3016caf00738380,criminal_law,0.500,medium,low_confidence,MUHAMMAD ADNAN vs SALAH-UD-DIN,Supreme Court of Pakistan,,2025S790,,,,
c5eb90233fb3188d61c305eb,criminal_law,0.500,medium,signal_conflict,INAM ELAHI and 2 others- vs Mst. SAEEDA BEGUM (DECEASED) through LRs and others-,Lahore,2021-01-01,2021L255,,,,
c62647e8a0929d812f3bf526,criminal_law,0.500,medium,low_confidence,FAYAZ and others vs MUHAMMAD HANEEF,Peshawar,,2025P217,,,,
c6bec1d51cc1287c2164f954,criminal_law,0.500,medium,signal_conflict,Mst. ZOHRAN BIBI and others vs GHULAM QADIR and others,Lahore (Multan Bench),,2022L2514,,,,
c6c9cdfc77a531ce7715974a,family_law,0.500,medium,low_confidence,2021 P L C (C,Peshawar High Court (D.I. Khan Bench),,2021P2008,,,,
c6f146c866b5323c9f9f9e9f,criminal_law,0.500,medium,low_confidence,MUHAMMAD YAHYA KHAN and others- vs AKRAM SHAH and others-,Balochistan,,2024Q209,,,,
c70964424c6506e882c3d56f,family_law,0.500,medium,low_confidence,"ZARMEEN ABID vs NATIONAL DATABASE AND REGISTRATION AUTHORITY, ISLAMABAD through Chairman and 5 others",,,2022L3,,,,
c73633c4048102ba0d234416,criminal_law,0.500,medium,low_confidence,A.M. CONSTRUCTION COMPANY (PRIVATE) LIMITED vs TAISEI CORPORATION and others,Lahore,,2025L5017,,,,
c7411701de53b88410d5045f,criminal_law,0.500,medium,low_confidence,MIRPURKHAS SUGAR MILLS LIMITED and 17 others vs FEDERATION OF PAKISTAN through Secretary Ministry of Law and Justice and 2 others,Sindh,,2022K5009,,,,
c80ab53f704851ed62db7367,criminal_law,0.500,medium,low_confidence,MUHAMMAD YAQOOB- vs MUHAMMAD ASHIQ-,Lahore,,2024L235,,,,
c819847b52c59ae20f0f8179,criminal_law,0.500,medium,low_confidence,MUMTAZ HUSSAIN SIDDIQUI vs MUHAMMAD TAHIR,Emphasis added,,2025K9,,,,
c83c4cc040786dd9a0453ff0,criminal_law,0.500,medium,low_confidence,SAADAT KHAN and others vs SHAHID-UR-REHMAN and others,,,2023S27,,,,
c9004add4bc6387836ae6fce,family_law,0.500,medium,low_confidence,"Messrs APLOI (PRIVATE) LIMITED through Authorized Representative vs FEDERATION OF PAKISTAN through Ministry of Interior, Pakistan Secretariat, Constitutional Avenue, Islamabad and 4 others",Islamabad,,2023I2510,,,,
c9910ef6be9365710789f05a,family_law,0.500,medium,low_confidence,Haji AKBAR and others- vs JEHANGIR and others-,Peshawar,,2024P213,,,,
c9935020a84ebeaf0cad24ff,criminal_law,0.500,medium,low_confidence,JAMIL AKHTAR KHAN and another vs MUHAMMAD SALEEM SADIQ and others,Lahore,2022-01-01,2022L4068,,,,
c9b1c28ec37ab2a491af2577,criminal_law,0.500,medium,low_confidence,Mian ABDUL GHAFFAR- vs Mst. KISHWAR IQBAL and 5 others-,Lahore (Bahawalpur Bench),2024-01-01,2024L217,,,,
ca2352de387c37a9725a1ce8,criminal_law,0.500,medium,low_confidence,Dr. HAZRAT BILAL and others vs ATHAR AHMAD ARBAB and others,Peshawar,,2025P209,,,,
ca374760439179abdacab91f,criminal_law,0.500,medium,signal_conflict,Malik MUHAMMAD AZEEM vs Mst. SAHIRA BIBI and 8 others,High Court (AJ&K),,2021HCAJK4010,,,,
ca57d006d2a0edcfa36c3c3e,family_law,0.500,medium,low_confidence,MARYAM BEGUM (AKA MS. MONI) vs and another,Islamabad,,2021I2527,,,,
ca622f86afeebc415aca636e,family_law,0.500,medium,signal_conflict,Raja AZHAR HAYAT- vs ADDITIONAL DISTRICT JUDGE/GAS UTILITY COURT and others-,Lahore,2021-01-01,2021L287,,,,
cad2e8df733c038125c46f6c,criminal_law,0.500,medium,low_confidence,FARID BAKHSH (Deceased) through L.Rs. vs KIRAN NAZ and others,Lahore (Multan Bench),,2026L234,,,,
cb4db2d2fece73db05d64032,family_law,0.500,medium,low_confidence,Ch. MUHAMMAD ARSHAD- vs PERVEZ ELAHI and 2 others-,Lahore,2024-01-01,2024L257,,,,
cb7946f8072eed184d9ba977,criminal_law,0.500,medium,low_confidence,Dr. Imtiaz Ali Shah vs University of Engineering and Technology through Registrar UET Peshawar,Peshawar,,2025P2506,,,,
cbdff62488f253ca12502b94,criminal_law,0.500,medium,low_confidence,2023 P T D (Trib,Customs Appellate Tribunal (Karachi Bench-I),,2023C6013,,,,
cbf09f2e42be119b6beeab77,criminal_law,0.500,medium,low_confidence,2024 P L C (C,Gilgit-Baltistan Service Tribunal,,2024G2013,,,,
cc25b48ba38a36a07834cf0a,criminal_law,0.500,medium,low_confidence,ADEEL KHALEEL vs SHAHID HASSAN and 10 others,Lahore (Rawalpindi Bench),2025-01-01,2025L280,,,,
cc2ec73b78f8218849f0320a,criminal_law,0.500,medium,low_confidence,QAMMAR DIN vs MUHAMMAD LATIF and another,,,2024HCAJK5,,,,
cc881d7f091512132743caf9,criminal_law,0.500,medium,low_confidence,Mst. KANEEZ BATOOL- vs ALLAH BUKHSH and another-,Lahore,2024-01-01,2024L234,,,,
cd0803f2f0a8b9e079067f0d,criminal_law,0.500,medium,low_confidence,2025 P L C (C,Supreme Appellate Court (Gilgit-Baltistan),2025-01-01,2025GBSAC2001,,,,
cd304f13783aebecca50e608,criminal_law,0.500,medium,low_confidence,MUHAMMAD HAFEEZ vs MUHAMMAD RAMZAN and 17 others,Emphasis Supplied,,2025L48,,,,
cd827483813702ac7f884fc3,criminal_law,0.500,medium,low_confidence,MUHAMMAD NAWAZ and others vs AMEER BAHADUR and others,,,2023P3,,,,
cdb4689f02c412f5b8fc44c9,criminal_law,0.500,medium,low_confidence,KANIZ FATIMA through Muhammad Imran Irshad vs TAMIZUL HAQUE and 2 others,Islamabad,,2024I4005,,,,
ce30ee7805f3bd559365e7cb,criminal_law,0.500,medium,low_confidence,"MUHAMMAD YASIN vs ADDITIONAL DISTRICT JUDGE-VII, WEST, ISLAMABAD and others",Islamabad,,2022I2506,,,,
cee0ddd9e176e155d81f5293,criminal_law,0.500,medium,low_confidence,MUHAMMAD RIAZ vs MUHAMMAD RAMZAN and others,Supreme Court of Pakistan,,2023S878,,,,
cee9f5ba70851547ccdfdfc0,criminal_law,0.500,medium,low_confidence,BISMILLAH and 2 others- vs NAIK MUHAMMAD through Legal Heirs-,Balochistan,,2024Q205,,,,
cf0c76babfbd8d5e2c2c79de,criminal_law,0.500,medium,low_confidence,AL-HABIB CO-OPERATIVE HOUSING SOCIETY LTD. Through Administrator vs Mrs.SHAMIM BARLAS and another,Sindh,,2021K4006,,,,
cf22088bb1e95c13c44aedfe,family_law,0.500,medium,low_confidence,"NASIRA BIBI- vs SPECIAL JUDGE RENT, LAHORE and another-",Lahore,,2024L214,,,,
cf55feed7dc6f6e676f0dfed,criminal_law,0.500,medium,low_confidence,WAHID BAKHSH- vs ACHAR-,Balochistan,,2021Q230,,,,
cfbf1d5d2dab6d9580a9b614,criminal_law,0.500,medium,low_confidence,SANA KHAN and others- vs ABDULLAH KHAN through his L.Rs. and others-,Gilgit-Baltistan Chief Court,,2021G202,,,,
d0545cf0511e4868091c31f2,family_law,0.500,medium,low_confidence,SADIA SIDDIQUI and others- vs ADNAN ANDALAIB SIDDIQUI and others-,Sindh,,2023K224,,,,
d0fb794860167b75d3933bbd,criminal_law,0.500,medium,low_confidence,"SACHE DINO through L.Rs. vs PROVINCE OF SINDH through Secretary Land Utilization Department, Hyerabad and others",Sindh (Sukkur Bench),,2023K4061,,,,
d10efd680308827b0721c960,criminal_law,0.500,medium,low_confidence,HAFAS KHAN and 3 others vs MOHAMMAD ALI,Gilgit-Baltistan Chief Court,,2023G2503,,,,
d1b50807c0b495f1e2ebd74d,criminal_law,0.500,medium,low_confidence,Javed Ahmad Shafqat vs Tariq Ali,Lahore,,2025L2581,,,,
d1e128ff0d95840d34fbf5cc,criminal_law,0.500,medium,low_confidence,MUHAMMAD SAJJAD and others vs RAMESH and others,,,2025P9,,,,
d1e17fe60e2ff4c79e308597,criminal_law,0.500,medium,low_confidence,E.D.O. (Now Superintending Engineer) Road District Kashmore @ Kandhkot and 5 others- vs ABDUL HAFEEZ CHACHAR and 3 others-,Sindh (Larkana Bench),,2023K239,,,,
d23840a78da62ac7546521f5,criminal_law,0.500,medium,low_confidence,WALI MUHAMMAD and another vs SHAUKAT ALI and 7 others,,2023-01-01,2023L6,,,,
d2fdcb966ea971d6df7aad4d,other_uncertain,0.500,low,"narrow_margin,signal_conflict",ABDUL RAZAQ and others- vs HOOR JAN and others-,Balochistan,,2023Q214,,,,
d35b7d873540570133876c1e,criminal_law,0.500,medium,low_confidence,Mst. SHAMSHAD BEGUM through Attorney vs SHAHID ALI and 3 others,Sindh (Sukkur Bench),,2025K248,,,,
d49cc435a32755d41bf0976a,criminal_law,0.500,medium,signal_conflict,Mst. BIBI SALIMA alias Katkai vs HASAN BAHADAR and others,Peshawar (Mingora Bench),,2025P222,,,,
d4dea4cc6b12a2c160203491,criminal_law,0.500,medium,low_confidence,FARJAN KHAN vs KAMRAN KHAN and others,,,2021P6,,,,
d4fd7acb7d3512807a51da65,criminal_law,0.500,medium,low_confidence,MUHAMMAD ISLAM vs BAGH ALI (deceased) through L.Rs.,Lahore (Multan Bench),,2025L267,,,,
d56f1ea5a4a45e7ac50ab7b7,family_law,0.500,medium,low_confidence,2026 P L C (C,Supreme Court of Pakistan,,2026S2007,,,,
d5a44f541276651bb4e53ad4,criminal_law,0.500,medium,low_confidence,AKHTAR GUL (Deceased) through Legal Heirs vs MUHAMMAD ASHIQ and 7 others,Lahore (Rawalpindi Bench),2025-01-01,2025L234,,,,
d60192bd0800b41ae49b10f3,criminal_law,0.500,medium,low_confidence,"SUI NORTHERN GAS PIPELINES LTD. through General Manager, Peshawar vs Dr. CHANGAIZ HAKIM KHAN",,,2026P7,,,,
d6155110cfead5185f4b9fe1,family_law,0.500,medium,low_confidence,Messrs UNITED BUSINESS MACHINES through Partner vs GHULAM HUSSAIN HIDAYATULLAH and 2 others,Sindh,,2023K4003,,,,
d62a7d4953b09e0a74f644b8,criminal_law,0.500,medium,low_confidence,NASIR SOHAIL AABID and others vs Mst. AISHA BIBI through L.Rs. and others,Lahore,2023-01-01,2023L4058,,,,
d6355ece2ab6d6532b3ee8c1,criminal_law,0.500,medium,low_confidence,BIBI FARIDA and 2 others vs GUL REHMAN and others,Peshawar (Mingora Bench),,2022P4031,,,,
d6554f42eda565dd05869996,criminal_law,0.500,medium,low_confidence,MUHAMMAD IQBAL and others vs NASRULLAH,Supreme Court of Pakistan,,2023S736,,,,
d65c18a11aa7a6cd34afd096,criminal_law,0.500,medium,low_confidence,PROFESSOR NISAR AHMED KHAN- vs INSTITUTE OF BUSINESS ADMINISTRATION through Authorised and Special Attorney -,Sindh,,2022K252,,,,
d6cbb83c1a1c96bac3855e52,criminal_law,0.500,medium,low_confidence,Malik Falaksher through LRs vs Muhammad Baran and another,Peshawar (D.I. Khan Bench),,2024P4055,,,,
d71e3c1f36cb529da6c8130d,criminal_law,0.500,medium,low_confidence,ABDUL SATTAR KHAN vs UMAR AYAR,Supreme Court of Pakistan,,2026S820,,,,
d763e4ccd2a7d349efade512,family_law,0.500,medium,low_confidence,NADEEM KIANI vs Messrs AMERICAN LYCETUFF (PVT.) LIMITED and others,Lahore,,2021L5001,,,,
d7c8cf227bb69bcc41b6f61f,criminal_law,0.500,medium,low_confidence,2022 C L D 1343,Competition Commission of Pakistan,,2022CCP5013,,,,
d7d50e7202d19ba823f23a74,family_law,0.500,medium,low_confidence,2022 P T D 1408,Sindh High Court,,2022K6063,,,,
d7f71b7a970c0aeda656a50d,family_law,0.500,medium,low_confidence,"FEDERAL PUBLIC SERVICE COMMISSION, through Chairman, Islamabad vs Dr. SHUMAILA NAEEM and others",,,2026S1,,,,
d8283ffdebc40426b1fff06b,criminal_law,0.500,medium,low_confidence,ABDUL SAMI KEHAR vs AMANULLAH DASTI and 8 others,Sindh (Larkana Bench),,2025K237,,,,
d85a71895cc4b4c7ed72646b,family_law,0.500,medium,low_confidence,STATE LIFE INSURANCE CORPORATION OF PAKISTAN (SLIC) through duly authorized Officer/Attorney vs Mst. Bibi REEMA,Lahore (Multan Bench),,2023L5037,,,,
d85eb6c364c44163fae94073,family_law,0.500,medium,low_confidence,HABIBA MEHMOOD ALI KHAN- vs Syed MASOOD MEHMOOD and others-,Sindh,,2024K203,,,,
d8d3a2daa22c2c3cce4aeb62,criminal_law,0.500,medium,low_confidence,"Syed Zaheer Hussain Naqvi- vs Civil Judge, West Islamabad and others-",Islamabad,,2024I2516,,,,
d9697a79c5c3d63fdca63632,criminal_law,0.500,medium,low_confidence,"Mst. AFIA AMBRINE vs ADDITIONAL DISTRICT JUDGE, SIALKOT and 14 others",,,2025L10,,,,
d9b40d57a113054906c6d1d7,criminal_law,0.500,medium,low_confidence,Mian EJAZ AMIR- vs Haji MUHAMMAD IBRAHIM-,Lahore (Bahawalpur Bench),2023-01-01,2023L5028,,,,
d9de5fa20e24509fa929065d,criminal_law,0.500,medium,low_confidence,TAUSIF AHMAD- vs Mst. SHAISTA MALIK and others-,Islamabad,,2022I204,,,,
da06db26f9d063b37146f685,criminal_law,0.500,medium,low_confidence,GOVERNMENT OF KHYBER PAKHTUNKHWA through Secretary Forest Department at Peshawar and others vs GUL AMBAR and others,,,2023P10,,,,
da4ac21e577f08fc8651bb7d,criminal_law,0.500,medium,low_confidence,Messrs MAYANI POLY PACKAGES (PVT) LTD. through Duly Authorized Director vs SMBR BALOCHISTAN and others,Balochistan,,2026Q204,,,,
da5d391fc5b97f3002b01b12,criminal_law,0.500,medium,low_confidence,MUHAMMAD FARRUKH IQBAL vs Mrs. AYESHA IRAM and others,Supreme Court of Pakistan,,2021S932,,,,
da832a3bf854b0c4f0348681,criminal_law,0.500,medium,low_confidence,LIAQAT HUSSAIN- vs MOHAMMAD ASHIQ-,Lahore (Multan Bench),2023-01-01,2023L227,,,,
da8da245baba8a45272f4cf3,criminal_law,0.500,medium,low_confidence,Mst. ZARSHEDA vs NOBAT KHAN,,,2022S6,,,,
dad0679dc573ce4f42ef9da6,criminal_law,0.500,medium,low_confidence,FARZANA BEGUM vs MUHAMMAD NAWAZ,Lahore,,2025L269,,,,
dadae6314d313605fd044311,criminal_law,0.500,medium,low_confidence,KHUDADAD vs Syed GHAZANFAR ALI SHAH alias S. INAAM HUSSAIN and others,Supreme Court of Pakistan,,2022S848,,,,
daed754a7e73dfcbde554bba,criminal_law,0.500,medium,signal_conflict,2023 P L C (C,Balochistan High Court,,2023Q2009,,,,
dba2e41f953e814b52e97c66,criminal_law,0.500,medium,low_confidence,SIKANDAR HAYAT GONDAL and others vs BASHIR AHMAD QURESHI and others,Lahore,2023-01-01,2023L2537,,,,
dc31e0da1bd6b7e871fe1a1b,criminal_law,0.500,medium,low_confidence,Messrs DG KHAN CEMENT COMPANY LIMITED and others vs The FEDERATION OF PAKISTAN through Secretary Revenue Islamabad and others,,,2026FCC15,,,,
dc8a464c6ee1930f37f1d7b6,criminal_law,0.500,medium,low_confidence,Nawabzada MUHAMMAD FATEH KHAN vs MUMTAZ AHMAD and others,Supreme Court of Pakistan,,2025S835,,,,
dccdae085d145feeb723df74,family_law,0.500,medium,low_confidence,ANWAR KHAN and others vs FOZIA KHAN and another-,Sindh,,2023K229,,,,
dcf60f13b96f31b5df87e2dc,criminal_law,0.500,medium,low_confidence,2010 C L D 462,Competition Commission of Pakistan,,2010CCP5003,,,,
dd358c6c9cf030f591cc6788,criminal_law,0.500,medium,low_confidence,ALTAF AHMAD vs MUHAMMAD ANWAR and 4 others,Lahore (Multan Bench),,2023L4087,,,,
dd39e9d1260651f20c6d5667,criminal_law,0.500,medium,low_confidence,Raja ABDULLAH KHAN vs Raja LIAQAT ALI KHAN and 4 others,Gilgit-Baltistan Chief Court,,2022G4018,,,,
dd645931097cd3af3c0b009b,criminal_law,0.500,medium,low_confidence,FAZAL KARIM and 2 others- vs MEHBOOB KHAN (Deceased) through his Legal Heirs-,Lahore (Rawalpindi Bench),,2024L238,,,,
dd801a2467eef6895105d4f2,criminal_law,0.500,medium,low_confidence,"SDO, PESCO DAUDZAI SUB-DIVISION RING ROAD, PESHAWAR and others vs WADAN SHER",Supreme Court of Pakistan,,2023S5002,,,,
dec7a82a58867f6351d010c9,family_law,0.500,medium,low_confidence,Syed KHURSHEED AHMED SHAH- vs FEDERATION OF PAKISTAN through Secretary Ministry of Interior and others-,Islamabad,,2021I239,,,,
def052f8b774da62a894b222,criminal_law,0.500,medium,low_confidence,Akhtar Munir vs Gul said and others,Lahore (Rawalpindi Bench),,2025L4089,,,,
df23b28d47ee5d755dd85dc8,family_law,0.500,medium,low_confidence,2026 P L C (C,Peshawar High Court (Bannu Bench),,2026P2002,,,,
df54d5b678e85f829672ed40,criminal_law,0.500,medium,low_confidence,ABDUL MAJEED and others vs Mst. KHALIDA BIBI (Deceased) through L.Rs. and others,Supreme Court of Pakistan,,2026S784,,,,
dfabdfd288edd45cc452866d,family_law,0.500,medium,low_confidence,2025 P T D 1670,Lahore High Court (Rawalpindi Bench),,2025L6054,,,,
dfd14b6f37500b992b8d301a,criminal_law,0.500,medium,low_confidence,MANZOOR ELAHI vs REHMAT ALI,Lahore (Rawalpindi Bench),2025-01-01,2025L215,,,,
e0419dd76d8cc6d46fc17cda,family_law,0.500,medium,low_confidence,Shaikh KHALID SAFDAR and 4 others vs ALI HUSSAIN and another,,,2023K44,,,,
e0f630cced8d1ea5c1268e2b,criminal_law,0.500,medium,low_confidence,NISAR vs SAID QAMAR (LATE) through LRs and others,Peshawar (Mingora Bench),,2023P2543,,,,
e19ae490c9d26972aef06bf2,family_law,0.500,medium,low_confidence,Irfan Saleem vs Government of Khyber Pakhtunkhwa through Chief Secretary and 2 others,Peshawar,,2024P2524,,,,
e2339fca329498191717bdfd,criminal_law,0.500,medium,low_confidence,NOOR DIN vs KANAY,Peshawar (Mingora Bench),,2023P2542,,,,
e23a8ead0a25f898779457cf,criminal_law,0.500,medium,low_confidence,"SWAT TEXTILE MILLS LIMITED, HARIPUR through Managing Director and 4 others vs Mst. NABEELA and others",,,2021P14,,,,
e24404f35e6d292343e4c4f8,criminal_law,0.500,medium,low_confidence,MUHAMMAD YOUNIS vs ADDITIONAL DISTRICT JUDGE and others,Lahore (Bahawalpur Bench),,2021L2525,,,,
e29209cd018d050bd2a4935b,criminal_law,0.500,medium,low_confidence,ASKARI BANK LIMITED vs A. H. INTERNATIONAL (PVT.) LTD. and others,Sindh,,2024K5009,,,,
e297dad73f0f0a79c04e4543,criminal_law,0.500,medium,low_confidence,MUHAMMAD HAROON through L.Rs.- vs ALI ASGHAR and others-,Sindh (Hyderabad Bench),,2024K216,,,,
e35130793f56127870e4af10,criminal_law,0.500,medium,low_confidence,2023 P L C (C,Lahore High Court,2023-01-01,2023L2035,,,,
e388926c2a3b8569c82e9215,criminal_law,0.500,medium,low_confidence,SAFAIDULLAH and others- vs GUL DAD-,Peshawar (Abbottabad Bench),,2023P215,,,,
e3c104656a5a3616b9bc46ba,family_law,0.500,medium,low_confidence,KANIZ FATIMA and others vs Syed QASEEMUL HASSAN and others,Sindh,,2024K4020,,,,
e43ca0b7bcedc31101403f09,criminal_law,0.500,medium,low_confidence,Mushtaq Ahmad and others vs Allah Ditta and others,Lahore,,2025L2551,,,,
e466a80e06757e539d7334d7,criminal_law,0.500,medium,low_confidence,Muhammad Umar Farooq vs Irshad Bibi,Lahore,,2024L4108,,,,
e4d1bd9ff61c3dff6639c54e,criminal_law,0.500,medium,signal_conflict,ABDUL NASIR and 2 others- vs BIBI HAJIRA and others-,Balochistan,,2023Q219,,,,
e51dbd3f7d8de607c6a9a8c2,criminal_law,0.500,medium,signal_conflict,MUHAMMAD SIDDIQUE and others vs Bibi SHAHZADO and others,Balochistan,,2026Q202,,,,
e526154a3a2baeb81cbf5b7e,criminal_law,0.500,medium,low_confidence,ABDUL QADIR PATHAN and 6 others vs NABI BUX PATHAN through L.Rs. and others,Sindh (Sukkur Bench),,2025K263,,,,
e66257b758bda5fc478fc46e,criminal_law,0.500,medium,signal_conflict,JUNAID KHAN BABAR and 2 others vs Mst. FARHAD BEGUM and 3 others,Peshawar,,2022P2506,,,,
e6b62dcde84d28f0e1fd84b0,criminal_law,0.500,medium,low_confidence,JUSTICE QAZI FAEZ ISA and others vs The PRESIDENT OF PAKISTAN and others,,,2021S21,,,,
e6eac04afa861216db00460d,criminal_law,0.500,medium,low_confidence,Messrs BEST WAY CEMENT LTD. through Duly Authorized Representative- vs YASIR SALEEM and 2 others-,Lahore (Rawalpindi Bench),,2023L285,,,,
e6f3bb8ac69bc5e34f2b274a,criminal_law,0.500,medium,low_confidence,MUNAZIR ALI RANJHA vs MUHAMMAD AHMAD SAQIB and others,Lahore,,2022L4047,,,,
e6f63e8c555ad891b7d0c744,family_law,0.500,medium,low_confidence,"ELECTION COMMISSION OF PAKISTAN, through Secretary and another vs PAKISTAN INFORMATION COMMISSION, ISLAMABAD and another",,,2026I14,,,,
e74b9f5f287a108bc87352b0,other_uncertain,0.500,low,"narrow_margin,signal_conflict","AHMAD NAWAZ KHAN vs FEDERATION OF PAKISTAN through Secretary, Ministry of Interior and 4 others",Islamabad,,2023I2521,,,,
e886cb3c27488a0f019ce272,criminal_law,0.500,medium,low_confidence,"QADIR BUKHSH- vs ADDITIONAL DISTRICT JUDGE, DERA GHAZI KHAN and 2 others-",Lahore (Multan Bench),2021-01-01,2021L276,,,,
e890b3f4dbafd1dd2524bb20,criminal_law,0.500,medium,low_confidence,MUHAMMAD RASHEED vs SHAH MUHAMMAD and 16 others,Sindh (Mirpurkhas Bench),,2024K4056,,,,
e8b2634317aac59bb4316934,other_uncertain,0.500,low,"narrow_margin,signal_conflict",AMEER HUSSAIN vs GOVERNMENT OF PUNJAB and others,,2022-01-01,2022L6,,,,
e8b5e9a35201efd551082cad,criminal_law,0.500,medium,low_confidence,SHAHZAD RAFIQUE- vs NAJAF IQBAL-,Lahore,2021-01-01,2021L5012,,,,
e8bf6b71b76f80813bcc6907,criminal_law,0.500,medium,low_confidence,MUHAMMAD RAFIQ vs HUSSAIN and another,Lahore,2022-01-01,2022L2550,,,,
e8f31724d42e6bf626c3d76f,criminal_law,0.500,medium,low_confidence,MUHAMMAD MANZOOR vs MUHAMMAD SHAFI through legal heirs and others,Emphasis supplied,,2025L60,,,,
e90ebcde264ead6638b944c0,family_law,0.500,medium,low_confidence,"M/s Insaf Brothers through Authorized Representative vs Province of Sindh through Secretary Local Government, Karachi (Central) and 6 others",Sindh,,2025K4100,,,,
e942484f9ca7114e1418069f,family_law,0.500,medium,low_confidence,2025 P L C (C,Lahore High Court (Multan Bench),,2025L2027,,,,
e954a350d90fada9e6943ab6,criminal_law,0.500,medium,low_confidence,HAJI and another vs SHABBIR AHMED and others,Sindh (Hyderabad Bench),,2025K202,,,,
e9bacbe65b3837c55b35f83e,criminal_law,0.500,medium,low_confidence,KHALID IQBAL and others- vs SHAHID IQBAL and others-,Islamabad,,2021I230,,,,
e9c1e04b4f321297952596cb,criminal_law,0.500,medium,low_confidence,"FEDERATION OF PAKISTAN through Secretary Railway/Chairman Government of Pakistan, Ministry of Railway, Islamabad and others vs ABDUL NAEEM and others",Sindh (Sukkur Bench),,2024K2522,,,,
ea2a3e303f39dc90d61d3dbd,criminal_law,0.500,medium,low_confidence,KISHWAR KHAN and 3 others vs JAN AFROZA (Widow) and others,Peshawar (Mingora Bench),,2023P4008,,,,
ea3e2a4b4e11925dc0b64ee3,criminal_law,0.500,medium,low_confidence,GHULAM HUSSAIN through Legal Heirs and others- vs GHULAM HASSAN and others-,Peshawar (D.I. Khan Bench),,2023P240,,,,
ea4c7837334fd434df32166b,criminal_law,0.500,medium,low_confidence,GHULAM SARWAR vs NASIR and 6 others,,,2026Q7,,,,
ea7dff986ec08d7db840c18e,criminal_law,0.500,medium,low_confidence,BASHARAT ALI and another vs MUHAMMAD ARIF and others,,2023-01-01,2023L64,,,,
ea7f3ea140494f52c02df289,family_law,0.500,medium,low_confidence,ASMA QAMAR vs JUBILEE LIFE INSURANCE,Insurance Tribunal Lahore,,2023ITL5009,,,,
eae6abb915c63e9f1027a66e,criminal_law,0.500,medium,low_confidence,FAYYAZ AHMAD vs SUBAY DEEN,,,2024L5,,,,
ec880c69ef1d48e8cd452b5e,criminal_law,0.500,medium,low_confidence,2025 P T D 945,Peshawar High Court,,2025P6013,,,,
edd7db47343174e1dfcd203a,criminal_law,0.500,medium,low_confidence,ZAIB NOOR and 4 others vs ADJUTANT GENERAL PAY AND PENSION and 3 others,Peshawar (Abbottabad Bench),,2024P4008,,,,
edf7a5317a4fda4c3eff9062,criminal_law,0.500,medium,low_confidence,Hafiz MUHAMMAD OWAIS- vs ADDITIONAL DISTRICT JUDGE and others-,Lahore,,2024L230,,,,
ee31d5da2084b7c0f03db560,criminal_law,0.500,medium,low_confidence,SHOUKAT PARVEEZ and another vs CANTONMENT BOARD through Executive Officer and another,Peshawar (Abbottabad Bench),,2026P212,,,,
ee9c974124a1f54d1b153fc4,criminal_law,0.500,medium,low_confidence,REHMATULLAH and others- vs INAYAT KHOSO and others-,Sindh (Larkana Bench),,2024K207,,,,
eec42e687e85e71be2438ac9,criminal_law,0.500,medium,low_confidence,2026 P L C (C,Lahore High Court (Multan Bench),2026-01-01,2026L2007,,,,
f0148ac638d469fcad0bfd3f,criminal_law,0.500,medium,low_confidence,2022 P L C (C,Supreme Court of Pakistan,,2022S2045,,,,
f0542c105942173ccf5c52a5,family_law,0.500,medium,low_confidence,TAYYAB ABBASI vs and 6 others,,,2021HCAJK2,,,,
f092b301167948610053729e,criminal_law,0.500,medium,low_confidence,Mst. SUGHRAN BIBI- vs ABDUL SATTAR and others-,Lahore,,2024L224,,,,
f0d05f45a56409093b262ca0,criminal_law,0.500,medium,low_confidence,FARID ULLAH KHAN vs IRFAN ULLAH KHAN,Supreme Court of Pakistan,,2022S900,,,,
f0e706b0f179950275b8cd3f,criminal_law,0.500,medium,low_confidence,P L D 2026 Balochistan 50,,,2026Q6,,,,
f10501c1fb936bdee3da791b,family_law,0.500,medium,low_confidence,HASTAM ASHRAF MANN vs MUHAMMAD MOHSIN and others,Lahore,,2023L2584,,,,
f114ed2ade25db684c8a8cf0,criminal_law,0.500,medium,low_confidence,2024 P L C (C,Supreme Court of Pakistan,,2024S2058,,,,
f171c54ee1d76636dbea1240,criminal_law,0.500,medium,low_confidence,KAUSAR RANA RESOURCES (PRIVATE) LIMITED and others vs QATAR LUBRICANTS COMPANY W.L.L. (QALCO) and others,Supreme Court of Pakistan,,2025S766,,,,
f1f09a527de757ae98d5c50e,criminal_law,0.500,medium,low_confidence,SUBA though L.Rs and others vs Mst. HALIMA BIBI and others,Lahore (Multan Bench),,2022L2549,,,,
f2875ec5cae096ed9d8b1c49,family_law,0.500,medium,low_confidence,CHENAB FLOUR AND GENERAL MILLS vs FEDERATION OF PAKISTAN and others,"Oxford Advanced Learner s Dictionary, International Student s Edition, Page-1259",2021-01-01,2021L29,,,,
f349ed9390b73c8ae1afd4a1,criminal_law,0.500,medium,low_confidence,ABDUL NAFAY- vs GOVERNMENT OF BALOCHISTAN C&W DEPARTMENT through Superintending Engineering Project Circle and another-,Balochistan,2024-01-01,2024Q216,,,,
f3701af361a69db838412d15,criminal_law,0.500,medium,low_confidence,MOHAMMAD NAZIR and 10 others vs ALIM DEEN and 9 others,High Court (AJ&K),,2022HCAJK2508,,,,
f3e26eaa3c73deb41a62a6f3,criminal_law,0.500,medium,low_confidence,SAID-UR-REHMAN- vs RAJ MUHAMMAD and another,Peshawar,,2021P233,,,,
f3ea6da1db83a43676628496,criminal_law,0.500,medium,low_confidence,"ILYAS AHMAD- vs ADDITIONAL DISTRICT JUDGE, SIALKOT and 7 others-",Lahore,,2023L204,,,,
f4997e273ee7d20e5e5e0493,criminal_law,0.500,medium,low_confidence,2024 P T D 1,Sindh High Court,,2024K6001,,,,
f4a05306be566922d113ec9b,criminal_law,0.500,medium,signal_conflict,SHAHAB-UD-DIN and another vs ALAM ZEB and 3 others,Peshawar (Mingora Bench),,2024P4023,,,,
f52c9be622154bfef3217704,family_law,0.500,medium,low_confidence,"Messrs SALAM INTERNATIONAL and others- vs SECRETARY MINISTRY OF LAW AND PARLIAMENTARY AFFAIRS, GOVERNMENT OF BALOCHISTAN, CIVIL SECRETARIAT, QUETTA and others-",Balochistan,,2023Q228,,,,
f536b149ec07bbd855fe2ace,criminal_law,0.500,medium,low_confidence,SHAHZAD AKHTAR vs FARUKH JAMEEL,Lahore,2023-01-01,2023L2555,,,,
f550922f1548d4455c27bbb5,criminal_law,0.500,medium,low_confidence,ABDUL HAQ vs AKRAM-UL-HAQ and others,,,2022L65,,,,
f574b00bdc4aea9ff39af313,criminal_law,0.500,medium,low_confidence,AJMAL KHAN and others vs SHER REHMAN and others,Peshawar,,2025P206,,,,
f5819ae5bc4f5e51c7a1ec91,criminal_law,0.500,medium,signal_conflict,MOHAMMAD SALEEM KHAN vs MOHAMMAD IBRAR ISMAIL and 5 others,Gilgit-Baltistan Chief Court,,2021G4013,,,,
f5a84daaa9f7d909be68e105,criminal_law,0.500,medium,low_confidence,Naeem Ahmed khan vs Darya Khan,Sindh (Hyderabad Bench),,2024K2532,,,,
f5c38012ae5e2de88d64249c,criminal_law,0.500,medium,low_confidence,ZARAI TARQIATI BANK LIMITED through Manager vs AFZAL SHAH,Lahore (Multan Bench),2023-01-01,2023L5009,,,,
f60eef798fea9deaad419b01,criminal_law,0.500,medium,low_confidence,HAJVAIRY ASSOCIATES (PVT.) LTD. through Chief Executive Officer vs Messrs POWER CONSTRUCTION CORPORATION OF CHINA LIMITED,Islamabad,,2024I5019,,,,
f673f2b5b9ac09ad162b0e87,criminal_law,0.500,medium,low_confidence,FAQIR ALI and others vs SAKINA BIBI and others,,,2022S12,,,,
f6ebdf20e44bd48eac5e7393,family_law,0.500,medium,low_confidence,2020 P L C  (C,Federal Constitutional Court,,2026F2003,,,,
f72094e2901e599cdf00c0fc,criminal_law,0.500,medium,signal_conflict,KHUDA BUX CHANDIO vs ALTAF BALOCH and 2 others,Sindh,,2021K4013,,,,
f725a127c10276d495f689e0,family_law,0.500,medium,low_confidence,2024 P L C (C,Islamabad High Court,,2024I2012,,,,
f7c9b31c06e6eb87dd913023,criminal_law,0.500,medium,low_confidence,"Raja MUHAMMAD KHUBAIB vs ADDITIONAL DISTRICT JUDGE, LAHORE and others",Lahore,,2024L292,,,,
f8083706406bccb1759057ec,family_law,0.500,medium,low_confidence,2026 P L C (C,Supreme Court of Pakistan,,2026S2004,,,,
f81914093ed2f49ee5d6f1fd,criminal_law,0.500,medium,signal_conflict,MUHAMMAD YAR and others- vs BIBI GUL SEEMA and 10 others-,Balochistan,,2023Q205,,,,
f849e950ca4dfeef0c975f9a,family_law,0.500,medium,low_confidence,"Mst. SAMEENA ANWAR and 2 others vs The MANAGER, UNITED BANK LTD. and others",,,2022Q14,,,,
f866b33541cb6bb655167d6c,other_uncertain,0.500,low,"narrow_margin,signal_conflict",Aziz-ur-REhman and others vs The State and another,Peshawar (Mingora Bench),,2026P3010,,,,
f8ba64bcaa64951aa28c3d97,family_law,0.500,medium,low_confidence,"The CHIEF COMMISSIONER REGIONAL TAX OFFICE, BAHAWALPUR and others vs SHAHEEN YOUSAF",Supreme Court of Pakistan,,2025S859,,,,
f925ecfed3c7724eccdda5e6,family_law,0.500,medium,low_confidence,Malik ARSHAD HUSSAIN AWAN vs Messrs UNITED BANK LIMITED,,,2024S37,,,,
fa2379ebae0206fb8cf4cd0e,family_law,0.500,medium,low_confidence,Syed WAJAHAT HUSSAIN ZAIDI and another vs UNITED BANK LIMITED,Sindh,,2024K5010,,,,
fa3dc389df30d02daee0b795,criminal_law,0.500,medium,low_confidence,FAQIR and another vs KHAN ZADA through L.Rs and 2 others,Peshawar (Mingora Bench),,2024P4030,,,,
fa474a015b2b345ae60a1e04,criminal_law,0.500,medium,low_confidence,2021 P T D (Trib,Customs Appellate Tribunal,,2021C6022,,,,
fae9dfecce25984c07f37764,criminal_law,0.500,medium,low_confidence,GHULAM ABBAS vs GHULAM HAIDER,Lahore,,2026L235,,,,
fb4b57dec5d6d73342d6bc28,criminal_law,0.500,medium,low_confidence,AZEEM KHAN- vs COMMISSIONER KALAT DIVISON AT KHUZDAR and others-,Balochistan,,2023Q208,,,,
fb5586f9097d8219b69fb86e,criminal_law,0.500,medium,low_confidence,SAMIULLAH vs REHMATULLAH and another,Peshawar (Bannu Bench),,2022P2518,,,,
fc05b7cec4716a1f1dd21154,criminal_law,0.500,medium,low_confidence,LIAQUAT ALI KHAN vs MUHAMMAD AKRAM and another,Supreme Court of Pakistan,,2024S944,,,,
fc61ba40dd63868553dc0020,family_law,0.500,medium,low_confidence,TARIQ PERVAIZ and others- vs DIRECTOR CIVIL AVIATION AUTHORITY and others-,Sindh,2023-01-01,2023K204,,,,
fd5b83cbda1bdbd987614735,criminal_law,0.500,medium,low_confidence,Maj. (R) MUHAMMAD SIDDIQUE (deceased) through L.Rs. vs MUHAMMAD HAROON and 3 others,Lahore (Multan Bench),,2022L4062,,,,
fde398ac694a81bc5ae3b520,criminal_law,0.500,medium,low_confidence,GUL REHMAN and others- vs KHAN BAHADAR and others-,Peshawar (Mingora Bench),,2023P211,,,,
fe436e7454f1003debe93d2a,criminal_law,0.500,medium,low_confidence,SHAHZAD RAFIQUE- vs NAJAF IQBAL-,Lahore,2021-01-01,2021L223,,,,
fea429b5d82bae1a5e7be142,family_law,0.500,medium,low_confidence,FARRUKH AFZAL MUNIF vs MUHAMMAD AFZAL MUNIF and 29 others,,,2022K5,,,,
feae56e81477ddcb61b36c1d,criminal_law,0.500,medium,low_confidence,AYUB KHAN and others vs Mst. IMRANIA and others,Peshawar,,2025P212,,,,
febc8b2c4371a40b0332058c,criminal_law,0.500,medium,low_confidence,2021 P T D (Trib,Customs Appellate Tribunal,,2021C6019,,,,
ff35bb8ab7bf12ffc0cf7a69,criminal_law,0.500,medium,low_confidence,AKBAR SHAH and others vs AYUB KHAN and others,Peshawar (Mingora Bench),,2025P221,,,,
ff94db06dc077b5b51503b49,criminal_law,0.500,medium,low_confidence,"Messrs H.G. MARKETS (PRIVATE) LIMITED vs COMMISSIONER-SMD, SECP and another",Securities and Exchange Commission of Pakistan,,2024SECP5030,,,,
ffe2c823cd8213db66b4fe22,family_law,0.500,medium,low_confidence,2023 P T D 603,Islamabad High Court,,2023I6010,,,,
5fa03a39a08f91dd7171d0a8,family_law,0.510,medium,signal_conflict,JAN WALI vs HASHMAT BIBI and others,Peshawar,,2025P225,,,,
6a8187fcba7a53dedb23e7d7,family_law,0.510,medium,signal_conflict,MUHAMMAD HUSSAIN QURESHI through Legal Representatives and others vs MUMTAZ MUZAKKIR and others,Sindh,,2026K227,,,,
9d93b68e3d920d844edf1353,family_law,0.510,medium,signal_conflict,ANWAR ALI and others vs Mst. SAEEDA BIBI and others,Peshawar (Mingora Bench),,2025P208,,,,
da9cc40697b02727f92babd7,family_law,0.510,medium,signal_conflict,ABDUL REHMAN and others vs Mst. ALLAH WASAI and others,Supreme Court of Pakistan,,2022S757,,,,
bf3f37b0420af6b1080c2806,criminal_law,0.511,medium,low_coverage,ALI MUHAMMAD vs FIDA HUSSAIN and 4 others,Gilgit-Baltistan Chief Court,,2023G2502,,,,
e193b9829e9ca053f07656a9,family_law,0.529,medium,signal_conflict,KANEEZ FATIMA and another vs SENIOR CIVIL JUDGE (FAMILY DIVISION) and 2 others,,,2024L49,,,,
26817227775f794d63cbb89d,family_law,0.529,medium,low_confidence,GHULAM MUSTAFA vs JUDGE FAMILY COURT and another,Lahore (Multan Bench),,2021L211,,,,
3c2abccf139d02a199ed9a2b,family_law,0.529,medium,low_confidence,RIAZ FURNISHERS (PVT.) LTD. through Director/Primary/Authorized User vs EXECUTIVE ENGINEER PHYSICAL PLANNING AND HOUSING DEPARTMENT MAINTENANCE DIVISION and 3 others,,,2022HCAJK10,,,,
46362fc2b3b1e28d94d87576,family_law,0.529,medium,low_confidence,"B.R.R. GUARDIAN MODARABA and 8 others vs FEDERATION OF PAKISTAN through Secretary, Ministry of Law and Justice and 2 others",Sindh,,2025K5007,,,,
554487388ca8cbf1ae2825a0,family_law,0.529,medium,low_confidence,"B.R.R. GUARDIAN MODARABA and 8 others vs FEDERATION OF PAKISTAN through Secretary, Ministry of Law and Justice and 2 others",,,2025K10,,,,
ad94c2007135172574f72833,family_law,0.529,medium,low_confidence,"MUNEEBA ZAHID (MINOR) through Muhammad Zahid (Next Friend/Real Father) vs GOVERNMENT OF KHYBER PAKHTUNKHWA through Chief Secretary, Peshawar and others",,,2026P11,,,,
caa883ecbe4ad55d4d787fc8,family_law,0.529,medium,low_confidence,RIAZ FURNISHERS (PVT.) LTD. through Director/Primary/Authorized User vs EXECUTIVE ENGINEER PHYSICAL PLANNING AND HOUSING DEPARTMENT MAINTENANCE DIVISION and 3 others,,,2022HCAJK13,,,,
213b0a67537dcc2606564e6a,family_law,0.531,medium,signal_conflict,SAIF ULLAH KHAN through Legal heirs vs ZIA ULLAH KHAN,Lahore,2023-01-01,2023L4006,,,,
916aa2cd6568f8830ab8f2fc,family_law,0.531,medium,signal_conflict,Mst. Nighat Rani vs Shah Faisal and others,Peshawar,,2024P4045,,,,
9fe989b5996bd26daa74275e,family_law,0.531,medium,signal_conflict,FARHAN ASLAM and others vs Mst. NUZBA SHAHEEN and another,Supreme Court of Pakistan,,2021S737,,,,
f0125fde2e4662e160804ee6,family_law,0.531,medium,signal_conflict,SAFIA BIBI vs MUHAMMAD TUFAIL and others,Lahore,2025-01-01,2025L4065,,,,
2270aa1c01380419d00f68f2,criminal_law,0.532,medium,signal_conflict,ALI AZHAR vs Criminal Prosecution Department and 5 others,emphases added,,2023F3,,,,
eecf508c4d9591e935f1e08d,family_law,0.535,medium,signal_conflict,MUHAMMAD NASIR- vs Mst. TAJ MINA and others-,Peshawar (Mingora Bench),,2023P226,,,,
5d4dc7d17311fa7849317c1f,family_law,0.535,medium,signal_conflict,MUHAMMAD YAQOOB (deceased) through L.Rs and others vs SAEEDA BIBI (deceased) through L.Rs and others,Supreme Court of Pakistan,,2025S923,,,,
ebea9dc1bf1d31d052e839de,family_law,0.537,medium,signal_conflict,"MOhammad Nazeer vs Senior Superintendent of Police District Muzaffarabad, Azad Jammu and Kashmir and 3 others",High Court (AJ&K),,2026HCAJK3002,,,,
09aa2dacf913ceede8a7b52f,family_law,0.549,medium,signal_conflict,MUHAMMAD NAWAZ vs ADDITIONAL DISTRICT AND SESSIONS JUDGE and others,,,2023S35,,,,
65bfea5e3d1434ceed225300,family_law,0.556,medium,signal_conflict,Mst. EDAN BIBI vs NASEEM KHAN and others,Supreme Court of Pakistan,,2026S773,,,,
c5c8cf0269ccc4aef5a5ab18,family_law,0.556,medium,signal_conflict,2025 P L C (C,Supreme Court of Pakistan,,2025S2016,,,,
200c2ea28b543f2f45752a92,family_law,0.560,medium,low_coverage,MUHAMMAD ISMAIL and others- vs MUHAMMAD AHMED and 2 others-,Sindh,,2024K212,,,,
ad127007f3d119ae99f27d48,family_law,0.560,medium,low_coverage,Malik Muhammad Anwar vs Chand Bibi (deceased) through Legal Heirs and others,Lahore,2025-01-01,2025L2565,,,,
e19e66246b61d629e420460e,family_law,0.560,medium,low_coverage,Sohail Nisar vs Nadeem Nisar and others,Lahore,,2025L2508,,,,
f14e5a45f43e18e6e03439a9,family_law,0.560,medium,low_coverage,Mst. FALAK SHEHNAZ and another vs Mst. FARAH DEEBA and others,,,2025P1,,,,
3f71293a1abdb47d86279744,family_law,0.560,medium,signal_conflict,Syeda FOUZIA JALAAL SHAH vs and 14 others,Emphasis added,,2025F1,,,,
73c3cebcefa2b3da526f7725,family_law,0.580,medium,signal_conflict,Mst. HUSSNA BIBI through L.Rs.- vs UBAID-UR-REHMAN and others-,Peshawar,,2022P204,,,,
b0fe6b298c773a7ef2c51b9a,family_law,0.580,medium,signal_conflict,MUHAMMAD ISRAR vs JEHANZEB and others,Supreme Court of Pakistan,,2025S825,,,,
ecd96beb7c63a44bf4d77cfa,family_law,0.580,medium,signal_conflict,Muhammad Iqbal through legal heirs and others vs Mst. Sakina Bibi and another,Lahore),2025-01-01,2025L4052,,,,
0c57245c6685a31a4dfed658,family_law,0.581,medium,signal_conflict,RUSTAM and others vs JEHANGIR (DECEASED) through LRs.,Supreme Court of Pakistan,,2023S791,,,,
36bc7b823355ef28c612bfb6,family_law,0.581,medium,signal_conflict,Dr. ASMA NIGHAT ZAIDI and others- vs Syeda SAFOORA BEGUM and others-,Lahore,2024-01-01,2024L262,,,,
5eb25d03d80698ad6ca7e707,family_law,0.581,medium,signal_conflict,Mst. NAZ BIBI through L.Rs. and others vs WAHID BUX through L.Rs. and others,,,2023K36,,,,
65d4e99d1010844b4d52ae4d,family_law,0.581,medium,signal_conflict,2023 P L C (C,Sindh High Court (Hyderabad Bench),,2023K2024,,,,
7099f3844e96baed606af7a8,family_law,0.581,medium,signal_conflict,NOOR MUHAMMAD and others vs Mst. SUKHAN (DECEASED) through LRs. and others,Lahore (Multan Bench),,2023L2566,,,,
98ab1490beed05cfeaffd4d4,family_law,0.581,medium,signal_conflict,ATTA-UR-REHMAN- vs Mst. GHULAM BIBI and others-,Peshawar (Bannu Bench),,2024P217,,,,
ce74e2279cb7fe839de3580f,family_law,0.581,medium,signal_conflict,MUMTAZ BIBI and others vs PUBLIC AT LARGE and others,Lahore,2023-01-01,2023L4037,,,,
ddc6286c2c23102686ae1680,family_law,0.581,medium,signal_conflict,ABDUL REHMAN and 5 others- vs NAZIM and 14 others-,Supreme Court (AJ&K),,2021SCAJK201,,,,
abfd9ce33f1de9e3e25228b4,family_law,0.581,medium,signal_conflict,Muhammad Waqas Gill vs Riffat Awan and 3 others,Lahore,,2025L2525,,,,
66ad5b16da6310374f557dbf,family_law,0.582,medium,signal_conflict,JUDGMENT,Lahore,1989-01-01,1989LAH3431,,,,
4ba8f74587180454c05e0b82,family_law,0.585,medium,signal_conflict,RASHID- vs Mst. FARAH NAZ-,Sindh (Hyderabad Bench),,2019K262,,,,
355ff631f0e2ba9ee805023b,family_law,0.587,medium,signal_conflict,MUZAFFAR NAWAZ vs ISHRAT RASOOL and another,Lahore (Bahawalpur Bench),2022-01-01,2022L4084,,,,
24c62c26598d5738561921b6,criminal_law,0.597,medium,signal_conflict,Mehr ASHRAF and another vs STATION HOUSE OFFICER and others,,2022-01-01,2022L27,,,,
8545fe0334ee6c65142aa017,family_law,0.599,medium,signal_conflict,MUHAMMAD AQIL vs MUHAMMAD AMIR and others,Supreme Court of Pakistan,,2023S838,,,,
29f9218fd695c8bb8db8fda9,family_law,0.599,medium,signal_conflict,ANWAR ALI and another vs ABDUL HAKIM and others,,,2023P27,,,,
e3d2b6ae0f3da342b8000c88,family_law,0.599,medium,signal_conflict,MUHAMMAD ASIF vs The STATE and another,,2026-01-01,2026L60,,,,
dd5af72eeceaf33b10223e4c,family_law,0.599,medium,signal_conflict,ABDUL GHAFFAR vs SHOUKAT,Peshawar,,2022P4044,,,,
8d5ad83a2061dc605051b89d,family_law,0.599,medium,signal_conflict,SADIQ HUSSAIN vs ADDITIONAL DISTRICT JUDGE MULTAN and others,Lahore (Multan Bench),2016-01-01,2016L12050,,,,
b9307ac069e374e9313e9ebc,family_law,0.600,medium,low_coverage,NOOR DIN (DECEASED) through LRs vs PERVAIZ AKHTAR and others,Supreme Court of Pakistan,,2023S940,,,,
daf9c0a4bd76a0652db97d3b,family_law,0.604,medium,signal_conflict,"Mst. LAL KHATOON vs JUDGE FAMILY COURT, HASILPUR and another",Lahore,,1998L2570,,,,
3398eae75636abdf106184ca,family_law,0.605,medium,signal_conflict,SHAH JAHAN and others vs Mst. HASEENA BIBI and others,Peshawar (D.I.Khan Bench),,2025P2014,,,,
1a1505758401d2a5118e8a58,family_law,0.605,medium,signal_conflict,KHURRAM MUGHAL through duly Constituted Attorney vs Mrs. NAUREEN MUGHAL and another,Sindh,,2023K5033,,,,
0f026b1494492b85de45c3d6,family_law,0.606,medium,signal_conflict,Mst. FATEH BIBI vs MUHAMMAD ASLAM and another,Lahore,,2006L4554,,,,
3751fc5d144ea2d5b30697d6,family_law,0.606,medium,signal_conflict,Mst. AISHA alias NASIM vs THE STATE,,,2002L28,,,,
0d0bc7049d31327ca48a50c1,family_law,0.607,medium,signal_conflict,"Lt. Col. NASIR MALIK vs ADDITIONAL DISTRICT JUDGE, LAHORE and others",Supreme Court of Pakistan,,2016S879,,,,
da099bdcd91e503000e306f0,family_law,0.610,medium,signal_conflict,West Pakistan Family Courts Act (XXXV of 1964)â€‘â€‘â€‘,Supreme Court of Pakistan,,2002S851,,,,
b0902005cf23562a78493ad2,family_law,0.615,medium,low_confidence,MUHAMMAD FAROOQ KHAN vs MUHAMMAD AKRAM KHAN and 2 others,Lahore,2024-01-01,2024L4009,,,,
5d037578e0fb6f04eca307c0,family_law,0.615,medium,low_confidence,MISBAH KHANUM vs KAMRAN YASIN KHAN and another,Supreme Court of Pakistan,,2022S967,,,,
9d92cb6294655dd556bb0701,family_law,0.615,medium,low_confidence,Mst. AKBARI BEGUM and another vs Mst. ISHRAT BANO (deceased) through L.Rs.,,,2022L48,,,,
485d527c6a473d30fe8d5829,family_law,0.619,medium,signal_conflict,Mst. SEEMA and others- vs WAJID ALI and others-,Sindh,,2022K228,,,,
985f2f0efa1c8f0ddfaa6345,family_law,0.630,medium,signal_conflict,MAJEED AHMAD MUBARAK and 2 others vs SALEEM AHMAD TAHIR and 5 others,Islamabad,,2022I14006,,,,
a061205875774d96307a8479,family_law,0.630,medium,signal_conflict,MUHAMMAD BASHIR through Legal Heir vs ZARINA BIBI and others,,,2014L49,,,,
a7b5d11f52077b486bba6f35,family_law,0.630,medium,signal_conflict,MUHAMMAD AMJAD KHAN AFRIDI and others vs SHAD MUHAMMAD and others,,,2022S7,,,,
abff3c7057eba0bbc93b95ff,family_law,0.630,medium,signal_conflict,MUHAMMAD RIAZ vs GOVERNMENT OF PUNJAB through Collector and others,,2021-01-01,2021L5,,,,
eb0ba078ec2a4346edb88e41,family_law,0.630,medium,signal_conflict,FAIZULLAH KHAN and 26 others- vs GUL DARAZ KHAN and 133 others-,Peshawar (Bannu Bench),,2022P211,,,,
ec22113df4a41cb4dbed9d55,family_law,0.630,medium,signal_conflict,MUHAMMAD RAMZAN vs ZAHIDA PERVEEN and 4 others,Lahore,,2005L4040,,,,
f81adbf4fbba5d7a9674e23e,family_law,0.630,medium,signal_conflict,1995 S C M R 1720,Supreme Court of Pakistan,1995-01-01,1995S1253,,,,
293c8281bb7139eda5526eba,family_law,0.630,medium,signal_conflict,"LALOO vs SENIOR SUPERINTENDENT OF POLICE, MIRPUR KHAS, SINDH and 3 others",,,2023K7,,,,
dc24f6b9a2218d23991d8825,family_law,0.630,medium,signal_conflict,MUHAMMAD MOHSIN FAWAD vs HINA TAYYABA KHALIL and another,Islamabad,,2018I4015,,,,
2092f1986a78cd1cddfbfe33,family_law,0.631,medium,signal_conflict,SAFINA and another vs JAWAHIR BEGUM and 6 others,Balochistan,,2025Q211,,,,
a85e27132e60266f1efa6c77,family_law,0.631,medium,signal_conflict,GHULAM FARID and others- vs AHMAD KHAN and others,Lahore (Multan Bench),,2023L214,,,,
8e512a603c04e8a040c44ed0,family_law,0.631,medium,signal_conflict,"NISAAR BIBI vs FEDERATION OF PAKISTAN through Secretary of Interior, Islamabad and 7 others",Islamabad,,2021I4024,,,,
fc824a0bd4012147d966e155,family_law,0.631,medium,signal_conflict,"Mst. SIDRA-TUL-MUNTAHA- vs ADDITIONAL SESSIONS JUDGE, LAHORE and others-",Lahore,,2024L2532,,,,
0f47f4bf2a18d3840c62f5fc,family_law,0.631,medium,signal_conflict,1991 M L D 210,Lahore,1991-01-01,1991L2519,,,,
56ce946227bfa377e8e663d0,family_law,0.631,medium,signal_conflict,BAHADUR KHAN vs KANEEZ FATIMA and others,Lahore,,2003L415,,,,
8f35e2787e1c4da2cd1c23e9,family_law,0.640,medium,low_coverage,MUHAMMAD SHIFA and others vs MEHERBAN ALI and others,Supreme Court of Pakistan,,2022S790,,,,
9644ee25e334b4c05d145440,family_law,0.640,medium,low_coverage,ALLAH DITTA- vs ALI SHAH (DECEASED) through Legal Heirs and others-,Lahore,,2024L207,,,,
b20d29089968f34caaceeeba,family_law,0.640,medium,low_coverage,MUNIR HUSSAIN and others vs RIFFAT SHAMIM and others,Supreme Court of Pakistan,,2023S702,,,,
b37a61f97e3d5852d5fae709,family_law,0.640,medium,low_coverage,GHULAM QASIM and others vs Mst. RAZIA BEGUM and others,,,2021S41,,,,
c2a3b9c5676fc5d515d069eb,family_law,0.640,medium,low_coverage,NASEEM AHMED MALIK (Deceased) through legal heirs and others vs SAEED IQBAL and others,Sindh,,2022K2570,,,,
da39ec520a5cb9fa6b8d0600,family_law,0.640,medium,low_coverage,Mst. SADIQAN BEGUM vs MUHAMMAD SIDDIQUE,Lahore,2025-01-01,2025L259,,,,
de3b83ea43ba1b2f4d819aa5,family_law,0.640,medium,low_confidence,Syed MASOOD ALI vs Mst. FEROZA BEGUM and another,Emphasis added,,2025S21,,,,
180ee5a5ce43eac05a5d3065,family_law,0.643,medium,low_confidence,MUHAMMAD SALEEM vs ADDITIONAL DISTRICT JUDGE,Supreme Court of Pakistan,,2024S928,,,,
da4e98369ef68deb58c006f2,family_law,0.643,medium,low_confidence,MUHAMMAD AKRAM vs ADDITIONAL DISTRICT JUDGE and others,,,2008L110,,,,
31a84a952e584d647779739d,family_law,0.645,medium,signal_conflict,MUHAMMAD KHALID vs MAGISTRATE 1ST CLASS and 2 others,,,2021L3,,,,
be23fd9a79449d104686c382,family_law,0.646,medium,signal_conflict,SABIHA SARDAR vs ABID JAMEEL and others,Lahore,,2017L2613,,,,
c039138c4ea39b5aead7b786,family_law,0.649,medium,signal_conflict,"JAVID IOBAL vs STATION HOUSE OFFICER, POLICE STATION FACTORY AREA SARGODHA and 3 others",Lahore,1995-01-01,1995L3371,,,,
54a2e35529a3e5a7dc40d45d,criminal_law,0.651,medium,low_confidence,MEHIK KUMARI alias NANKI KUMARI and another vs PROVINCE OF SINDH through Secretary Home Department and others,Sindh (Larkana Bench),,2021K3026,,,,
fdf583513d67d4446cbb07c7,criminal_law,0.651,medium,low_confidence,"Mst. Bibi Saira and others vs P.O Sindh through Secretary, Home Department, Govt. of Sindh Karachi and another",Sindh (Sukkur Bench),,2024K2575,,,,
5248392ac9db3a23e150db3f,family_law,0.652,medium,signal_conflict,"MUHAMMAD NAZEER vs ADDITIONAL DISTRICT JUDGE, SIALKOT and others",Lahore,,2023L4095,,,,
7141114f7629c0f3e79f94af,family_law,0.655,medium,signal_conflict,GHULAM SAJJAD- vs Mst. TOOBA-,Sindh (Larkana Bench),,2017K235,,,,
98c90223cd0ff5f6029deb68,family_law,0.655,medium,signal_conflict,"Mst. MAQSOOD MAI vs ADDITIONAL DISTRICT JUDGE, MULTAN and 3 others",Lahore,2005-01-01,2005L2801,,,,
fb7625da84df7ac5bbfc4895,family_law,0.655,medium,signal_conflict,AFZAL AHMAD BUTTAR and another vs MUHAMMAD YOUSAF,Lahore,,2022L4103,,,,
b74752a7424ca1f24e9598bc,family_law,0.656,medium,signal_conflict,MUNEEZA NISA vs AHMED NAWAZ and others,Lahore (Rawalpindi Bench),2021-01-01,2021L2537,,,,
84f715f523a941e332c25cdd,criminal_law,0.657,medium,signal_conflict,2001 C L C 557,Peshawar,,2001P210,,,,
1087b3dbbca1cfda635e9ba0,family_law,0.657,medium,signal_conflict,ABDUL MATLOOB vs ZARQA KALSOOM and others,Lahore,,2003L386,,,,
1f5c70d243a223d744ed9901,family_law,0.657,medium,signal_conflict,HASSAN AZIZ and 2 others- vs MERAJ-UD-DIN and 14 others-,Islamabad,,2021I229,,,,
fb7cfd780e427cbe6366da73,family_law,0.657,medium,signal_conflict,AMANULLAH KHAN- vs DISTRICT JUDGE and 3 others-,Lahore,,2012L238,,,,
c266a2549ced7ba87dee3551,family_law,0.657,medium,low_confidence,Mst. MUMTAZ BIBI vs QASIM and 4 others,,,2022I13,,,,
1938fb667d387d64fb01345e,criminal_law,0.660,medium,signal_conflict,Mst. HASEENA and another vs Mst. BASRAN and 6 others,Sindh,,2021K4100,,,,
2294b08f030305d6f2c6b333,criminal_law,0.660,medium,low_confidence,Rizwan Ullah vs Muhammad Din and 2 others,Peshawar,,2026P2510,,,,
102e1f7935d9385f67bf3c25,family_law,0.665,medium,signal_conflict,Mst. MUSARAT vs AZIZ AHMAD and others,,,2023P15,,,,
b312ba8ee7d7ed396d90bb84,family_law,0.665,medium,signal_conflict,MOHAMMAD SAJID- vs ADDITIONAL DISTRICT JUDGE and others-,Lahore (Multan Bench),,2020L243,,,,
6e14ab5f4d5afc18d9df3ddc,family_law,0.665,medium,signal_conflict,"SHOUKAT HUSSAIN vs STATION HOUSE OFFICER, KAHORI and 13 others",High Court (AJ&K),,2021HCAJK14004,,,,
626a2965f77b5ad0d5a43018,family_law,0.665,medium,low_confidence,Shakira Akbar and 5 others vs Mst. Safia Kakar and 19 others,Balochistan,,2026Q4005,,,,
a2feda94f54cb9b5bfce5bc5,family_law,0.665,medium,low_confidence,REHMAT NOOR vs ZULQARNAIN,Supreme Court of Pakistan,,2023S909,,,,
b895d5a4e231f16f7805e34d,family_law,0.665,medium,low_confidence,HAQ NAWAZ through Legal Heirs and others vs MAKHANA and others,Lahore,,2007L4015,,,,
f5e25fe4051a84071150049f,family_law,0.665,medium,low_confidence,Mst. SHAKEELA NAZ vs Mst. NAZIR BEGUM through L.Rs. and others,Lahore (Multan Bench),,2022L4043,,,,
4d54eb08cb3efcc7f91d834f,family_law,0.668,medium,low_confidence,Mst. NOOR JEHAN vs UBAID ULLAH and another,Peshawar,,2023P2504,,,,
9753e7d78847b75fed7b972b,family_law,0.668,medium,low_confidence,Mst. ABIDA KHANUM and another vs SARFARAZ and others,,,2021Q7,,,,
ad2399370c6107f198b2b079,criminal_law,0.670,medium,signal_conflict,MUHAMMAD KHALIL-UR-REHMAN vs Mst. SHABANA RAHMAN and another,,,1995S63,,,,
24bb95554f2308fd641952a6,criminal_law,0.670,medium,low_confidence,DUA FATIMA and another vs HOME DEPARTMENT through Secretary Sindh and others,Sindh,,2022K13042,,,,
96ee557b79b116f7ccc4c94a,family_law,0.676,medium,signal_conflict,West Pakistan Family Courts Act (XXXV of 1964)â€‘â€‘â€‘--,Supreme Court (AJ&K),,2004A2503,,,,
c95af5b2bd79365750e93e74,family_law,0.676,medium,signal_conflict,West Pakistan Family Courts Act (XXXV of 1964)â€‘â€‘â€‘,Lahore,,2001L2684,,,,
124673d453259a423c82525f,family_law,0.676,medium,signal_conflict,West Pakistan Family Courts Act (XXXV of 1964)â€‘â€‘,,,1989S1907,,,,
f816ee832c7f0499c9ff03d1,family_law,0.676,medium,signal_conflict,West Pakistan Family Courts Act (XXXV of 1964)â€‘â€‘â€‘,Lahore,,2002L4326,,,,
149af82c88f4ebee12fce25e,criminal_law,0.676,medium,low_confidence,"Tariq Mehmood vs Inspector General of Police, Punjab Lahore and 4 others",Lahore,,2025L4092,,,,
66851807a8a536d490bbb0db,family_law,0.677,medium,low_confidence,AYAZ HUSSAIN and another vs and others,Supreme Court (AJ&K),,2021SCAJK4004,,,,
247881402e3251fee42029a1,family_law,0.680,medium,signal_conflict,MUHAMMAD KAMRAN KHAN- vs PRESIDING OFFICER and another-,Sindh,,2012K213,,,,
6161cf0314f5d0986a8cf02c,family_law,0.680,medium,signal_conflict,HABIB ULLAH- vs Mst. KAUSAR and another,Lahore,,2006L233,,,,
95a81ca673e662b75b495af1,family_law,0.680,medium,signal_conflict,WILLIAM JOHN alias WILLIAM MASIH vs Mst. NASEEM BIBI,Karachi,2010-01-01,2010K2554,,,,
b133e92f92fe6e3bec6d2ead,family_law,0.680,medium,signal_conflict,SHABANA and others vs PUBLIC AT LARGE and others,Balochistan,,2023Q2527,,,,
dc427f5c8350db8e6e4efd43,family_law,0.680,medium,signal_conflict,MUHAMMAD RAFIQUE through General Attorney vs AISHA SHAHZADI and 5 others,Lahore,,2010L4037,,,,
2441e43c981042a3be9dd085,family_law,0.680,medium,low_confidence,"FAHMEED AKHTAR vs 1st ADDITIONAL DISTRICT JUDGE, SANGHAR and others",Sindh (Hyderabad Bench),,2022K2587,,,,
7d351a42194804bd5d88cbb3,family_law,0.680,medium,signal_conflict,"MUHAMMAD IQBAL vs ADDITIONAL DISTRICT JUDGE, BAHAWALPUR and others",Supreme Court of Pakistan,,2004S1179,,,,
89ee30711da9c35a052189b3,family_law,0.680,medium,signal_conflict,2010 Y L R 225,Lahore,,2010L4041,,,,
d0054d6db21fbc41102b0036,family_law,0.680,medium,signal_conflict,2006 M L D 970,Lahore,,2006L2647,,,,
e86fcf07e38668950a17a242,family_law,0.680,medium,signal_conflict,P L D 2002 Karachi 524,,,2002K55,,,,
d50310f9e03640ceccf3746a,family_law,0.680,medium,low_confidence,ORDER,Lahore,,1990L2534,,,,
e3f5a15604199ce808a33e63,family_law,0.680,medium,low_confidence,MUHAMMAD ZUHAIB ISHAQ vs SENIOR CIVIL JUDGE and others,Lahore,,2023L2587,,,,
74b13aa11191bec488c20a47,criminal_law,0.681,medium,low_confidence,Mst. SEEMA and another vs WAJID ALI SHAH and others,Sindh,,2022K3038,,,,
4db7de75dbe5985a0a356b39,family_law,0.685,medium,signal_conflict,SHAFQAT IBRAR vs JUDGE FAMILY COURT and another,Lahore,,2014L2643,,,,
aed5e7d94f6e3e2114fb6436,family_law,0.685,medium,low_confidence,MEHR SHAUKAT vs EX-OFFICIO JUSTICE OF PEACE/ASJ and others,Lahore,2023-01-01,2023L2589,,,,
dedadd6252ce6f6b2b11f047,family_law,0.690,medium,low_confidence,LIAQAT ALI vs Mst. ZULFAT and others,Peshawar (Mingora Bench),,2023P4044,,,,
24fc1a9e80a30746eae4f9a7,family_law,0.690,medium,low_confidence,JUDGMENT,Lahore,1995-01-01,1995L263,,,,
832dd3109d4c1b98a68c38cb,family_law,0.693,medium,low_confidence,"MUHAMMAD ISMAIL- vs SUPERINTENDENT, DISTRICT JAIL, SHEIKHUPURA and 2 others-",Lahore,,2007L232,,,,
9d419c722dfa656b12b9a649,family_law,0.693,medium,low_confidence,MUHAMMAD AKRAM- vs ADDITIONAL DISTRICT JUDGE and 5 others-,Lahore (Multan Bench),2023-01-01,2023L223,,,,
360b81ab0adf9fc436b9817e,family_law,0.693,medium,low_confidence,Mst. SHAHIDA PARVEEN and another vs UNION COUNCIL JASWAL through Chairman and Secretary and 6 others,,,2021L68,,,,
68393670cb6d4953f08abbad,family_law,0.694,medium,signal_conflict,1986 C L C 1691,Quetta,,1986Q216,,,,
7af065d727b9222c363b5563,family_law,0.699,medium,signal_conflict,MUHAMMAD SHAFIQUE vs ADDITIONAL DISTRICT JUDGE,Lahore,,2011L4040,,,,
37c96d2998704982173460ff,family_law,0.701,medium,signal_conflict,West Pakistan Family Courts Act (XXXV of 1964)â€‘â€‘â€‘,,,2005L46,,,,
63e3feadc87ef06667b86184,family_law,0.701,medium,signal_conflict,West Pakistan Family Courts Act (XXXV of 1964)â€‘â€‘â€‘,Lahore,,1997L205,,,,
462bb4d20c3d8261cb53ce9f,criminal_law,0.701,medium,low_confidence,MUHAMMAD RAMZAN vs The STATE and 7 others,Lahore,,2022L4100,,,,
1671f88a88923acdbcb9ab7b,family_law,0.702,medium,low_confidence,ORDER,Karachi,,1991K2538,,,,
1581c0d38a09480b761fafc4,family_law,0.705,medium,signal_conflict,SHEHNAZ AKHTAR and another vs Mst. ZEENAT TARIQ and others,,,2022I18,,,,
1e276f79b6b7a91f5b6cbf4a,family_law,0.705,medium,signal_conflict,KHALID PERVAIZ UL HAQ and another vs Mst. MINHA ASIF and another,,,2025S63,,,,
264c40a0d84ee6577d7ce924,family_law,0.705,medium,signal_conflict,1993 M L D 2137,Karachi,,1993K2692,,,,
3c4b96dbb760d52d24f0f24c,family_law,0.705,medium,signal_conflict,2002 Y L R 3771,Lahore,,2002L4867,,,,
6aeb56aface99e56931e2cf8,family_law,0.705,medium,signal_conflict,MUHAMMAD ASHRAF vs Mst. NUSRAT BIBI and 3 others,Lahore,,2010L376,,,,
cc23d5c490d54e71a1c084ee,family_law,0.705,medium,signal_conflict,MUHAMMAD RIAZ- vs Mst. RUKHSANA NAHEED-,Lahore,,2008L297,,,,
e1867a13e0fc76499ed198eb,family_law,0.705,medium,signal_conflict,M. ANWAR vs Mst. KANWAL BIBI,Lahore,,2010L4244,,,,
e249cce7acfaa2314cab7492,family_law,0.705,medium,signal_conflict,ABDUL HAMID and another vs Mst. ZUBAIDA and another,Peshawar,,2011P4022,,,,
fa5ad0e2e7001909e6e00f57,family_law,0.705,medium,signal_conflict,"TAUQEER AHMAD QURESHI vs ADDITIONAL DISTRICT JUDGE, LAHORE and 2 others",,,2009S59,,,,
14a5a683568c37247377390f,criminal_law,0.707,medium,low_confidence,AMEER BAKHSH vs ADDITIONAL SESSIONS JUDGE and others,Lahore (Multan Bench),2022-01-01,2022L3050,,,,
22118fd64d11942a39e0614d,family_law,0.708,medium,low_confidence,"SHAHBAZ MASIH vs ADDITIONAL SESSIONS JUDGE, LAHORE and others",,,2026FCC12,,,,
2c1cc6d7341afaf76dfa6ad9,family_law,0.715,medium,low_confidence,BIBI HUMERA vs GHULAM DASTAGIR and 3 others,,,2017Q3,,,,
4ca5f5216f9a518b39129231,family_law,0.715,medium,low_confidence,PICIC- vs Mst. ZAHIDA KHANUM-,Lahore,,2006L386,,,,
61e53bee573aa82665a21ad9,family_law,0.715,medium,low_confidence,Mst. SAMINA NAZ and others vs TARIQ USMAN and others,,,2026I8,,,,
a68c8f205d7897e14dc02673,family_law,0.715,medium,low_confidence,Mst. MEHBOOBA vs ABDUL JALAL,Supreme Court of Pakistan,,1996S973,,,,
ee0fcd1dc19d9c371112cf8b,family_law,0.715,medium,low_confidence,Shehnaz Akhtar Zahoor Cheema and another vs The Additional District Judge and another,Lahore,2025-01-01,2025L2531,,,,
f29f1986c72f6f2877beca08,family_law,0.715,medium,low_confidence,ASLIYAT KHAN and others vs Mst. SAEEDA and others,Peshawar,,2026P208,,,,
0ce8ca5151f44279b3909cf9,family_law,0.715,medium,low_confidence,"Mst. MOBIN KHANUM vs ATA MOHI-UD-DIN, ADDITIONAL DISTRICT JUDGE, LAHORE and 2 others",Lahore,,1991L2605,,,,
439cc7e40bbb0ff2cdff03d0,family_law,0.715,medium,low_confidence,MUHAMMAD ARIF vs Mst. SHAHEEN AKHTAR,Lahore,2008-01-01,2008L4458,,,,
5dfd92b4270ac35225b43e93,family_law,0.715,medium,low_confidence,ORDER,,,2004L54,,,,
7957b410702dea7ea27f3b33,family_law,0.715,medium,low_confidence,"BASHIR AHMAD vs ADDITIONAL DISTRICT JUDGE, HAFIZABAD and others",,,2024S4,,,,
b84ab00117f3bcf9bfa9351a,family_law,0.715,medium,low_confidence,P L D 199(1 Lahore 263,,,1990L50,,,,
bfbc1d475973c44b2d805439,family_law,0.715,medium,low_confidence,Syed SAEED HUSSAIN SHAH HUMAYUN and others vs Mst. ASIMA SAEED and others,Lahore (Bahawalpur Bench),2021-01-01,2021L2541,,,,
c484f27727f89986c89f796a,family_law,0.715,medium,low_confidence,2009 Y L R 1226,Karachi,,2009K4191,,,,
c55c276373f73b2094c47ab2,family_law,0.715,medium,low_confidence,P L D 1996 Lahore 436,,1996-01-01,1996L79,,,,
ab0e62f072d3c9e1d8fcf7d4,family_law,0.715,medium,low_confidence,"TAUK ALI vs The ADDITIONAL DISTRICT JUDGE-VI, QUETTA and 3 others",Balochistan,,2021Q4011,,,,
475d46917a70fbd6adcab1ce,family_law,0.715,medium,low_confidence,MASAL KHAN and others- vs Mst. SHAH TARINA and another-,Peshawar,,2012P207,,,,
25a15ac326c193bc14b6560a,family_law,0.718,medium,low_confidence,Lt.-Col. MOHSIN SHAH vs Mst. QASEEMA WAHID and 4 others,,,1995L58,,,,
bc5b7e145d796ea874e5762b,family_law,0.718,medium,low_confidence,MATIULLAH vs Mst. SADDIQA,Peshawar (Bannu Bench),,2017P2559,,,,
13b0068e69c99149d74e29b7,family_law,0.718,medium,low_confidence,JUDGMENT,Lahore,1995-01-01,1995L351,,,,
59d0336b32209d19546170be,criminal_law,0.719,medium,low_confidence,Offence of Zina (Enforcement of Hudood) Ordinance (VII of 1979)-----,Lahore,,2002L2598,,,,
3cb3d9a1dc438d99056094e9,criminal_law,0.719,medium,low_confidence,"Kulsoom and another vs Province of Sindh through Home Secretary, Sindh and others",Sindh,,2025K2509,,,,
7147faa5da2ea72d95ecbf61,family_law,0.719,medium,low_confidence,HAZRAT AMIN and 8 others- vs Mst. NISHAT BEGUM and another-,Peshawar,,2021P235,,,,
054d919bd10b0970a310384b,criminal_law,0.720,medium,low_coverage,FAZAL MUHAMMAD KHAN vs The STATE,,,2026P6,,,,
07d7c1aa21cba3fbf03c115a,criminal_law,0.720,medium,low_coverage,P L D 2023 High Court (AJK) 75,,,2023HCAJK8,,,,
65e321e1bbee319356614f7a,criminal_law,0.720,medium,low_coverage,Ch. Tariq Farooq vs Sheikh Masood Iqbal and another,Supreme Court (AJ&K),,2025SCAJK3006,,,,
870139d730896cd2aef1c042,criminal_law,0.720,medium,low_coverage,"Sardar ALI SHAN vs MATHER NIAZ RANA, CHIEF SECRETARY AZAD JAMMU AND KASHMIR, MUZAFFARBAD and 2 others",Supreme Court (AJ&K),,2021SCAJK3002,,,,
951a44cf5e0b599396f658f4,criminal_law,0.720,medium,low_coverage,"CHIEF EXECUTIVE OFFICER, MULTAN ELECTRIC POWER COMPANY LTD, KHANEWAL ROAD, MULTAN vs MUHAMMAD ILYAS and others",Supreme Court of Pakistan,,2021S847,,,,
967832890f363de7fc89e900,family_law,0.720,medium,low_coverage,TAHSINULLAH vs Mst. PARVEEN (DECEASED) through L.Rs. and others,Supreme Court of Pakistan,,2022S747,,,,
a93c67c5901afc57e47dbe98,family_law,0.720,medium,low_coverage,MOAZZAM IQBAL vs The STATE / Mst. SAMAN JAVAID and others,"Board of Revenue, Punjab",,2025BRP202,,,,
b8793d2f8142786e1a6ce2a1,family_law,0.720,medium,low_coverage,Mst. RAJ BEGUM (DECEASED) through L.Rs and others vs Mst. AJAIB JAN (DECEASED) through L.Rs and others,Supreme Court of Pakistan,,2022S928,,,,
e225e58f13ce855f399c1025,family_law,0.720,medium,low_coverage,"TANVIR SARFRAZ KHAN vs FEDERATION OF PAKISTAN through Director Legal, Islamabad and others",Supreme Court of Pakistan,,2025S714,,,,
0707aa424faaf9c189fd9cea,family_law,0.722,medium,signal_conflict,West Pakistan Family Courts Act (XXXV of 1964)â€‘â€‘â€‘â€‘,Lahore,,2002L2712,,,,
b5904874556d71598e1ebc1d,family_law,0.724,medium,signal_conflict,AMINULLAH and another vs Mst. ROBINA PERVAIZ and 2 others,Peshawar,,2018P4026,,,,
4dcf4eb8a08151121870b07f,family_law,0.724,medium,signal_conflict,SABIR ALI vs ADDITIONAL DISTRICT JUDGE and others,Lahore (Multan Bench),,2019L4060,,,,
0556a00be1337c47c224bbb8,family_law,0.726,medium,low_confidence,P L D 1989 Lahore 200,,,1989L36,,,,
a34579e9113e1b89d2c1f30c,family_law,0.726,medium,low_confidence,"SURRAIYA BIBI vs ADDITIONAL DISTRICT JUDGE, LAHORE and 3 others",Lahore,2001-01-01,2001L4188,,,,
2382efca1aea35e7de6e0434,criminal_law,0.726,medium,low_confidence,Ghulam Abbas vs Ex-Officio Justice of Peace and others,Lahore,,2026L2525,,,,
64abc07117f74e54838b8aa5,family_law,0.729,medium,low_confidence,ARSHAD AHMAD vs MUHAMMAD SHARIF,Lahore,,2006L4746,,,,
fe531a7a11444adedf352585,family_law,0.729,medium,low_confidence,IRSHAD AHMAD vs MUHAMMAD SHARIF and another,,,2006L51,,,,
b8281ef4e327e40e0f57d7ac,family_law,0.730,medium,low_confidence,Mst. RIFFAT SULTANA vs MUHAMMAD IQBAL,Lahore,1994-01-01,1994L2627,,,,
21924ef0bb325d262f2a15d6,family_law,0.730,medium,low_confidence,ZAHID HUSSAIN vs Mst. MEHMOODA,Karachi,,2011K4024,,,,
ab9994ef2a3a330ba8a92408,family_law,0.730,medium,low_confidence,"SHAUKAT HUSSAIN vs CIVIL JUDGE, MULTAN and 2 others",Lahore,,2006L4076,,,,
e0784d9b1952756f6f5c017d,family_law,0.730,medium,low_confidence,Mst. MUMTAZ BIBI vs SAIF ULLAH and others,Lahore,2004-01-01,2004L4113,,,,
e15e76257f88e15ecaf1df95,family_law,0.730,medium,low_confidence,"Dr. MAHREEN BALOCH vs PROVINCE OF SINDH through Secretary Home Department, Karachi and 3 others",Sindh,,2022K4051,,,,
e060576d5a48f918f2ef628b,family_law,0.732,medium,low_confidence,"JUDGE, FAMILY COURT, KHANPUR and 2 othersâ€‘Respondents",Lahore,,2002L299,,,,
372d7c9488379d28fa83f2ab,family_law,0.732,medium,low_confidence,MUHAMMAD SIDDIQ and another- vs AMBREEN and another-,Lahore,,2008L301,,,,
9d3bb52c19c581ec6853781b,family_law,0.734,medium,low_confidence,TARIQ MEHMOOD and others vs FATEH MUHAMMAD and others,,2025-01-01,2025L38,,,,
ccf284936db5013343eb3d54,family_law,0.737,medium,low_confidence,MUHAMMAD SHAMIM ALI vs Mst. ASMA BEGUM and others,Supreme Court of Pakistan,,2024S908,,,,
7c6e631400a3b43a1cebca65,criminal_law,0.739,medium,low_confidence,JAMEEL AHMAD vs The STATE and others,,,2026L28,,,,
09ddfd783b00cb63ede091e8,family_law,0.740,medium,low_confidence,SHER ALAM- vs Mst. FOZIA TABASSUM AFRIDI-,Peshawar,,2013P246,,,,
73e64ee99717609da3b38c16,family_law,0.740,medium,low_confidence,"MUHAMMAD AKHTAR HUSSAIN PIRZADA vs MEDICAL SUPERINTENDENT, THQ HOSPITAL, LODHRAN and others",,,2025S65,,,,
954351798cb81973d31ad6ae,family_law,0.740,medium,low_confidence,Mst. Najma Naz and another vs Mst. Farzana Kanwal and 3 others,Lahore,2025-01-01,2025L4134,,,,
cb2b1b2faf4ba6136f464806,family_law,0.740,medium,low_confidence,"MUHAMMAD MUZAMAL RIAZ- vs ADDITIONAL DISTRICT JUDGE, SHORKOT, DISTRICT JHANG and 6 others-",Lahore,,2020L235,,,,
05be665cc56fa090a5e28dc5,family_law,0.740,medium,low_confidence,2004 M L D 1313,Lahore,,2004L2672,,,,
0d27022196ac625ecf19ca2e,family_law,0.740,medium,low_confidence,ATTA MUHAMMAD vs ADDITIONAL DISTRICT JUDGE and others,Lahore,,2003L2781,,,,
3bdf1c425d5df9ac8484e5c7,family_law,0.740,medium,low_confidence,Miss SABOOR through real mother vs KASHIF SOHAIL and another,Lahore,,2010L308,,,,
4c07e8056eca614ebb390962,family_law,0.740,medium,low_confidence,SHAHID ALI GIL vs Mst. RUQAYYA BANO and 4 others,Sindh,,2015K2514,,,,
562fc1bd9c24a07168912056,family_law,0.740,medium,low_confidence,Mst. ANWAR BIBI vs MUHAMMAD AKRAM and others,Lahore,,2012L2553,,,,
5fbf09828fd15d60271c34f7,family_law,0.740,medium,low_confidence,YOUSAF MALIK vs NAHEED REHMAN and 3 others,Supreme Court (AJ&K),,2022SCAJK2504,,,,
9693bca95d72768c6976c958,family_law,0.740,medium,low_confidence,Syed ZUBAIR SHAH vs Mst. SHAHNAZ ANWAR and 2 others,Karachi,,2010K2561,,,,
aa95230a69b4a1322369fccb,family_law,0.740,medium,low_confidence,Mst. SAMINA AFZAAL and 5 others vs ADDITIONAL DISTRICT JUDGE and another,Lahore,,2010L2509,,,,
b9ee1892d8f441b37aec3f56,family_law,0.740,medium,low_confidence,1992 M L D 1408,Lahore,,1992L2622,,,,
bf210668980ce69e064f61d1,family_law,0.740,medium,low_confidence,MANZOOR AHMED vs HAMAD RAZA and others,Supreme Court of Pakistan,,2003S1150,,,,
f25f10bb2becd12a53eae1e8,family_law,0.740,medium,low_confidence,GHULAM ABBAS vs ASIA and another,Lahore,,2010L4006,,,,
f582a8474cac6d62a6752fad,family_law,0.740,medium,low_confidence,JUDGMENT,,2004-01-01,2004L44,,,,
04c1cfdf701126727e8fea8c,family_law,0.740,medium,low_confidence,SHAUKAT HAYAT vs RAWALPINDI and another,Lahore,1991-01-01,1991L2719,,,,
6a9a9761308fc49e802fbe81,family_law,0.740,medium,low_confidence,2005 C L C 1164,Lahore,,2005L335,,,,
0fe26dbf20db44e10e5cd8ea,family_law,0.743,medium,low_confidence,ORDER,Peshawar,,1999P217,,,,
2cf773db7ce4e1cc7c0f96e3,family_law,0.743,medium,low_confidence,BASHIR AHMAD and another vs Mst. MUSSARAT SHAHEEN and 4 others,Lahore,,2006L4170,,,,
2ea010ea6a3142eebd2f1c9b,family_law,0.743,medium,low_confidence,2000 C L C 1704,Peshawar,,2000P227,,,,
7bda2e799bc1a3d0147ca9dd,family_law,0.743,medium,low_confidence,P L D 2000 Quetta 46,,,2000Q9,,,,
bb6a82f16807468e8c30164a,family_law,0.743,medium,low_confidence,ADDITIONAL DISTRICT JUDGE and othersâ€‘â€‘â€‘Respondents,Lahore,,1995L333,,,,
beb643e0016fd92fd5bc6ce9,family_law,0.743,medium,low_confidence,MUHAMMAD ARIF vs IRSHAD BIBI and 2 others,Lahore,2010-01-01,2010L331,,,,
fb10fd0247e122ffad285722,family_law,0.743,medium,low_confidence,Nawab Bahi Khan Gichki and 4 others vs Bibi Kalsoom,Balochistan,,2026Q2513,,,,
fc1b23a2b62d0fec2246a10f,family_law,0.743,medium,low_confidence,Mst. IQBAL BIBI- vs BASHIR AHMAD-,,,2006L448,,,,
3471f59275f1778693d53f6c,family_law,0.743,medium,low_confidence,1989 M L D 119,Lahore,1989-01-01,1989L2534,,,,
44a47b7a522a566da6782a9d,family_law,0.743,medium,low_confidence,"Ms. SHAZIA AKBAR GHALZAI and another- vs ADDITIONAL DISTRICT JUDGE, ISLAMABAD (EAST) and 2 others-",Islamabad,,2021I2519,,,,
7b72d820c95385b7d85fd8b5,family_law,0.743,medium,low_confidence,2001 C L C 507,Karachi,,2001K225,,,,
95c19104f0b9312dbc6f74b1,family_law,0.743,medium,low_confidence,MUHAMMAD JAMEEL- vs Mst. TAHIRA BIBI and 4 others-,Peshawar,,2013P238,,,,
b38f22987f634e9fd8393281,family_law,0.743,medium,low_confidence,ROMAN ASGHAR vs Mst. SAMINA YASMIN and another,Lahore,,2010L4111,,,,
bc9a823db29c2124b4dd5e5c,criminal_law,0.744,medium,low_confidence,SHAFQAT HUSSAIN vs ABDUL HAMEED and 2 others,,,2025I7,,,,
f29954c27de5b21ea73c02fe,criminal_law,0.744,medium,low_confidence,Muhammad Ramzan vs The State and another,Federal Shariat Court,,2025F2504,,,,
429994b68678ef31070c3fca,criminal_law,0.746,medium,low_confidence,SONIA SHARIEF- vs ADDITIONAL DISTRICT AND SESSIONS JUDGE and others-,Lahore (Rawalpindi Bench),,2024L258,,,,
3d46d1ee1f9eeb27cc8ade9c,family_law,0.747,medium,low_confidence,SARTAJ and 8 others vs Mst. WAHEEDA GUL and another,Peshawar,,2022P4003,,,,
68372d75855fde0235be27b0,family_law,0.747,medium,low_confidence,ORDER,,,2004L42,,,,
73532006e938185786040cd8,family_law,0.747,medium,low_confidence,2003 M L D 61,Karachi,2003-01-01,2003K2506,,,,
7ec94c500ddf14e8232d9c01,family_law,0.747,medium,low_confidence,Mst. SHARIFAN MAI (deceased) through L.Rs. and others vs KHUDA BAKHSH and others,Lahore (Multan Bench),2022-01-01,2022L4007,,,,
5846623c1cdb6ae4f28a746c,family_law,0.750,medium,low_confidence,P L D 1986 Quetta 290,,,1986Q32,,,,
9a77458b16ad9d4ccc1f308b,family_law,0.750,medium,low_confidence,AZIZ-UR-REHMAN through Attorney vs ALIA MUNIR and 2 others,Lahore,2010-01-01,2010L4048,,,,
04871f47215a1f315c150cb5,family_law,0.754,medium,low_confidence,MAQSOOD ALI vs Mst. FAHMIDA KHATOON and 7 others,Sindh,,2016K2551,,,,
4d7b7cc26cb4eeb593580866,family_law,0.754,medium,low_confidence,1992 C L C 2270,Lahore,,1992L533,,,,
670e37799bd07dba4f0691fb,family_law,0.754,medium,low_confidence,2000 Y L R 703,Lahore,2000-01-01,2000L4148,,,,
e31c7b615e2909eb2f1c2a7f,family_law,0.755,medium,low_confidence,BIBI FEROZA and 5 others- vs ABDUL HADI and another-,Balochistan,,2014Q201,,,,
0c485a984c33f8d8d14aaeb5,family_law,0.755,medium,low_confidence,IMRAN ALI vs Mst. IFFAT SIDDIQUI and 2 others,,,2008K41,,,,
521be788dfb36bbb770f3a07,family_law,0.755,medium,low_confidence,JUDGMENT,Lahore,2001-01-01,2001L4327,,,,
56903de2962c508551cf890d,family_law,0.755,medium,low_confidence,Mst. NAZIA GHUNIO- vs NAVEED AHMED SADHAYO and others-,Sindh,,2022K258,,,,
a93ca82dca28947979aae03a,family_law,0.755,medium,low_confidence,1996 C L C 1372,Karachi,,1996K307,,,,
d1f5ca46280f21fc5492f432,family_law,0.755,medium,low_confidence,SAJJAD KHAN- vs MOMANA UROOJ-,Peshawar (Abbottabad Bench),,2018P223,,,,
f3a833eb31e075dc6e3c6dde,family_law,0.755,medium,low_confidence,Syed MUHAMMAD QASIM vs Mst. HAFSA QASIM and 2 others,Sindh,,2025K204,,,,
31d94169494535db55ec2e7e,family_law,0.756,medium,low_confidence,West Pakistan Family Courts Act (XXXV of 1964)___,Lahore,,2001L4340,,,,
3d4a867e732e0516d8033e36,family_law,0.756,medium,low_confidence,West Pakistan Family Courts Act (XXXV of 1964)â€‘â€‘â€‘,Lahore,2002-01-01,2002L237,,,,
8e79af7be3f399beebcd222a,family_law,0.756,medium,low_confidence,West Pakistan Family Courts Act (XXXV of 1964)â€‘â€‘â€‘,Supreme Court of Pakistan,,1995S1088,,,,
f23cfb7f6f2c1f6e0ee6ce6e,family_law,0.756,medium,low_confidence,West Pakistan Family Courts Act (XXXV of 1964)â€‘â€‘â€‘,Peshawar,,2005P213,,,,
3829dd2b84dae70ff9faaa70,family_law,0.756,medium,low_confidence,"Muhammad Akhtar Shah vs Judge Family Court, Kot Addu and 2 others",Lahore (Multan Bench),,2025L2509,,,,
41e093a0520b7b4c86c272e6,criminal_law,0.757,medium,low_confidence,Mst. MUJAHIDA vs ALAMGIR,Peshawar,,2026P213,,,,
11b4679e429a63fe26b17ec1,family_law,0.757,medium,low_confidence,"MUHAMMAD RIAZ vs DISTRICT AND SESSIONS JUDGE, (EAST) ISLAMABAD and 8 others",Islamabad,,2026I205,,,,
3441f5d78dd1d6ba441159ac,family_law,0.758,medium,low_confidence,MUHAMMAD MASOOD vs JUDGE FAMILY COURT and others,Lahore,,2011L4168,,,,
940d298b56c9597a19e67ef9,family_law,0.758,medium,low_confidence,KHALID MEHMOOD vs TALHA MAHMOOD (Minor) and 3 others,Lahore,2007-01-01,2007L4496,,,,
1431d20ae214121b44e836bc,family_law,0.758,medium,low_confidence,"KHADIM vs JUDGE, FAMILY COURT, SAMUNDARI DISTRICT FAISLAABAD and another",Lahore,1991-01-01,1991L2633,,,,
6ad5f992dfa30c87f00ba5c2,family_law,0.760,medium,low_confidence,EYESHA SIDDIQUA and another- vs SHAFQAT HUSSAIN ARSHAD and 2 others-,Lahore,2007-01-01,2007L328,,,,
f9d52e3b498c247cc48157b8,criminal_law,0.763,medium,low_confidence,"ZUBAIR and 16 others vs SENIOR SUPERINTENDENT POLICE, JHELUM VALLEY and others",,,2023HCAJK11,,,,
5da2f1fee1d8889c4736392b,criminal_law,0.763,medium,low_confidence,Mst. MARIUM HAYAT vs AHMED SAROOSH and 2 others,,,2013K15,,,,
0d093581bfe397997fd4f72c,family_law,0.765,medium,low_confidence,"ALMAS KHAKWANI and 3 others vs THE ADDITIONAL DISTRICT JUDGE, LAHORE and another",Lahore,1991-01-01,1991L2597,,,,
32027dfdfa9c2653734069fe,family_law,0.765,medium,low_confidence,"MUHAMMAD YOUNAS vs ADDITIONAL DISTRICT JUDGE, PASRUR and 2 others",,2011-01-01,2011L84,,,,
32e7399ee56276ef28188bdb,family_law,0.765,medium,low_confidence,"ADDITIONAL DISTRICT JUDGE, GUJRAT and 4 others â€‘â€‘â€‘ Respondents",Lahore,1991-01-01,1991L269,,,,
3bfe50d867882177ca648d5d,family_law,0.765,medium,low_confidence,Mst. NARGIS BEGUM vs ASFANDIAR and 9 others,Peshawar,,2021P14017,,,,
59f971d3dfb19e392f41fb4e,family_law,0.765,medium,low_confidence,P L D 2012 Peshawar 97,,,2012P18,,,,
6ef02147e29d484a46b43dd5,family_law,0.765,medium,low_confidence,Rana ABDUL JABBAR vs Mst. RAZIA BEGUM and 2 others,Lahore,2009-01-01,2009L4337,,,,
8ca16fd8f70a8e6bbfb41055,family_law,0.765,medium,low_confidence,"MUHAMMAD YOUSAF- vs ADDITIONAL DISTRICT JUDGE, SARGODHA and 2 others -",Lahore,,2010L354,,,,
928be841fd890d6700edfc56,family_law,0.765,medium,low_confidence,P L D 2003 Lahore 51,,2003-01-01,2003L8,,,,
a4b8d072bf4d7e4e3c2754f0,family_law,0.765,medium,low_confidence,MAHNOOR SHABBIR- vs ADDITIONAL DISTRICT JUDGE and others-,Lahore,2024-01-01,2024L226,,,,
e11f5dd5f35afda6d4b0685a,family_law,0.765,medium,low_confidence,HANZLA KHALID and others vs KHALID PARVAIZ and others,Lahore,,2019L2542,,,,
fd5c4fc222aa82b78033543c,family_law,0.765,medium,low_confidence,Syed TANVEER HUSSAIN SHAH vs Mst. PERNEEN AKHTAR and 2 others,Lahore,1999-01-01,1999L2515,,,,
8af5638e9313a25d8a5b8d2e,family_law,0.765,medium,low_confidence,JUDGMENT,Karachi,,2002K4041,,,,
c002142eab5df36cd64d13d3,family_law,0.765,medium,low_confidence,Irfan Arshad vs Mst. Zainab Noor and 2 others,Lahore (Rawalpindi Bench),2025-01-01,2025L2527,,,,
00d90d6b12064bc79ae450a1,family_law,0.768,medium,low_confidence,Syed KAZIM GILLANI vs Syeda SAMRAH GILLANI and 3 others,High Court (AJ&K),,2026HCAJK205,,,,
05c8235f44cfb6700b042130,family_law,0.768,medium,low_confidence,SAIMA PERVEEN and 2 others- vs NAEEM AHMAD NASIR and 3 others-,Lahore,,2015L234,,,,
0f04b277d75baeea6da7ca9d,family_law,0.768,medium,low_confidence,Zahid Anjum- vs Additional District Judge and 5 others-,Lahore,2024-01-01,2024L2537,,,,
12cc0a8165a4560e10a92812,family_law,0.768,medium,low_confidence,SHAHIDA PERVEEN and another vs SHER AFZAL and 2 others,Lahore,,2006L2822,,,,
1a09ccd5a88a7fb5ccc95556,family_law,0.768,medium,low_confidence,AMJAD JAVED vs JFC and others,Lahore,,2005L2820,,,,
1f2102c6866bb040dc051cf1,family_law,0.768,medium,low_confidence,MUNAWAR RASUL vs HAFSA RASUL and 2 others,Lahore,,2011L2573,,,,
20bd1d9fa68877a84353591d,family_law,0.768,medium,low_confidence,ATTA MUHAMMAD vs Mst. SHAHNAZ KHATOON and 6 others,Lahore,,2006L4476,,,,
2801bfb11e29ec9ef6b47bf0,family_law,0.768,medium,low_confidence,MUHAMMAD FARYAD vs MEMOONA NAZLI and another,Lahore,,2010L310,,,,
3f0e3b4410e15e84863592f4,family_law,0.768,medium,low_confidence,Mst. HIDAYAT KHATOON vs MUNIR AHMED and others,Karachi,,1999K2627,,,,
4d773e5c19b4af71c5cd3eb0,family_law,0.768,medium,low_confidence,Syed ZAKIR HUSSAIN SHAH vs Mst. KHATOON BIBI and 4 others,,,2024HCAJK6,,,,
6066a87243962070ae90a9be,family_law,0.768,medium,low_confidence,BAZ KHAN vs NASREEN and 2 others,Lahore,,2009L2564,,,,
72ce61a369300e88d69626d2,family_law,0.768,medium,low_confidence,MUHAMMAD TAYYAB vs ADDITIONAL DISTRICT JUDGE and others,Lahore,,2010L301,,,,
7584c832cb9029caaafa199e,family_law,0.768,medium,low_confidence,AYESHA HASHMAT KAMAL and 2 others- vs ADDITIONAL DISTRICT JUDGE and 2 others-,Lahore,,2024L209,,,,
858779f9170712e330140b29,family_law,0.768,medium,low_confidence,JUDGMENT,Lahore,2004-01-01,2004L2580,,,,
9b3cd79618c14e679bb296c4,family_law,0.768,medium,low_confidence,GHULAM MUHAMMAD vs RIZWANA YASMEEN and others,Supreme Court of Pakistan,,2016S814,,,,
a2c5da60608e1b88d238bbf8,family_law,0.768,medium,low_confidence,NADEEM MASIH vs Mst. NUSRAT BIBI,Lahore,,2009L4225,,,,
af401495a993d29ca1fc1f1c,family_law,0.768,medium,low_confidence,PERVAIZ IQBAL vs RIFFAT BIBI alias RAZIA and 4 others,Lahore,,2010L4011,,,,
b76bcf883c88b2e27488b14b,family_law,0.768,medium,low_confidence,Mst. KOUSAR BIBI and 5 others vs MUHAMMAD SHAHBAZ and 2 others,Lahore,,2010L4223,,,,
c1e1107c6dcf709c6f076144,family_law,0.768,medium,low_confidence,2001 C L C 1214,Karachi,,2001K256,,,,
f948b311769c8fa5faa15c1f,family_law,0.768,medium,low_confidence,MUHAMMAD IMAM-UD-DIN- vs Mst. SAIRA BANO and 2 others-,Balochistan,,2021Q215,,,,
ffcc2b376943ecf62925ae24,family_law,0.768,medium,low_confidence,1995 C L C 1168,Karachi,,1995K260,,,,
17f12a3088068bd5c842b288,family_law,0.768,medium,low_confidence,Sayed ABBAS TAQI MEHDI vs Mst. Sayeda SABAHAT BATOOL and others,Supreme Court of Pakistan,,2010S981,,,,
99162c728f56d41c547cf029,family_law,0.768,medium,low_confidence,MUhammad Rameez KHan vs Iram Iftikhar and others,High Court (AJ&K) (Shariat Appellate Bench),,2026HCAJK4002,,,,
b5189a462cd9898e64539cf8,family_law,0.768,medium,low_confidence,JUDGMENT,Karachi,,1997K2570,,,,
bcbaa8f2386c9c44321dd587,family_law,0.768,medium,low_confidence,ORDER,Lahore,,1993L386,,,,
fc9082181b16b499a0c490ec,family_law,0.768,medium,low_confidence,_P L D 1995 Lahore 91,,1995-01-01,1995L14,,,,
655ee48fe746100c5a262007,criminal_law,0.769,medium,low_coverage,Dr. SARFRAZ DEPUTY DISTRICT OFFICER HEALTH and others- vs Malik MUHAMMAD JAMIL and others-,Lahore,2021-01-01,2021L290,,,,
c0a6c5560bcb28dcef2e7a73,family_law,0.770,medium,low_confidence,"Mst. GHULAM SHAHEENA- vs JUDGE, FAMILY COURT-",Lahore,,2010L215,,,,
7176ea4ad07f913e71b6037b,family_law,0.772,medium,low_confidence,2002 S C M R 371,Supreme Court of Pakistan,,2002S774,,,,
f8b76f2f4a48760f690ab6ff,family_law,0.774,medium,low_confidence,1992CLC42,Karachi,,1992K201,,,,
0c1db2629a2ce967a6088784,criminal_law,0.776,medium,low_confidence,Muhammad Anwar vs Superintendent of Police Complaint Cell District Hyderabad and 2 others,Sindh (Hyderabad Bench),,2025K2567,,,,
15d32c0f18ba1c7dfb284274,family_law,0.778,medium,low_confidence,Constitution of Pakistan (1973)--,,,1983S965,,,,
758632f47d273228e6b3f57c,family_law,0.778,medium,low_confidence,MUHAMMAD YOUSAF ZAHEER- vs ADDITIONAL DISTRICT JUDGE and others-,Lahore (Rawalpindi Bench),2024-01-01,2024L236,,,,
7ba80df0165469071b672109,family_law,0.778,medium,low_confidence,RAJ RAM and another vs SHIRMATI REETA and 4 others,,,2023K22,,,,
30e0ba15485a429e3b5db221,family_law,0.778,medium,low_confidence,West Pakistan Family Courts Act (XXXV of 1964)â€‘â€‘â€‘,Lahore,2002-01-01,2002L4490,,,,
fdcbd8fb308398f25fbcbc54,family_law,0.778,medium,low_confidence,West Pakistan Family Courts Act (XXXV of 1964)â€‘â€‘,Lahore,,1989L2756,,,,
1e9e7ccbdde4dafc386868f1,family_law,0.779,medium,low_confidence,SAREM MUHAMMAD MUKHTAR vs SADIA AQUIL AHMED,,,2025K28,,,,
3180309895096a4167f74cbf,family_law,0.779,medium,low_confidence,"Syed TANVEER ABBAS ZAIDI vs VIIITH FAMILY JUDGE AND JUDICIAL MAGISTRATE EAST, KARACHI and another",Karachi,,2010K4048,,,,
cb67cd65bb36ff3262fc44f8,family_law,0.779,medium,low_confidence,SALAMAT MASIH vs ADDITIONAL DISTRICT JUDGE and others,Lahore,,2015L4138,,,,
cc3674e33295c65de50137af,family_law,0.779,medium,low_confidence,Syed SIBT HASSAN vs SABA BATOOL and 3 others,,2025-01-01,2025L29,,,,
20fc00df0f82c8ccf535a285,family_law,0.782,medium,low_confidence,KHALID HUSSAIN vs JUDGE FAMILY COURT and others,Lahore (Multan Bench),,2019L4051,,,,
4f88617a922036edd8639ac8,family_law,0.782,medium,low_confidence,West Pakistan Family Courts Act (XXXV of 1964)â€‘â€‘,,,1987K252,,,,
5553f59bfa8c8f4d913c0ddb,family_law,0.782,medium,low_confidence,"ORANGZEB- vs JUDGE FAMILY COURT, HAROONABAD DISTRICT BAHAWALNAGAR and another-",Lahore,,2008L259,,,,
59c6fe73591948175e0202b9,family_law,0.782,medium,low_confidence,West Pakistan Family Courts Act (XXXV of 1964)â€‘â€‘â€‘,Lahore,2004-01-01,2004L2550,,,,
7fc21a333f7852884ebdd42c,family_law,0.782,medium,low_confidence,West Pakistan Family Courts Act (XXXV of 1964)â€‘â€‘,Karachi,,1987K235,,,,
cf22ae2aacb4d6b3545b6d75,family_law,0.782,medium,low_confidence,"MUHAMMAD AMIN SAQIB and others vs JUDGE FAMILY COURT, TOBA TEK SINGH and others",,,2025S64,,,,
ab7ca441a5ccdd81efd10d13,family_law,0.782,medium,low_confidence,West Pakistan Family Courts Act (XXXV of 1964)â€‘â€‘â€‘,Lahore,,1995L2734,,,,
e24a4ea28ffe157e85932054,family_law,0.782,medium,low_confidence,West Pakistan Family Courts Act (XXXV of 1964)--â€‘,,,1995L2529,,,,
1bea11964f830218ffdcba62,family_law,0.782,medium,low_confidence,ORDER,Lahore,,1998L287,,,,
20b1e2eabe3538a54e8f0594,family_law,0.782,medium,low_confidence,MAQBOOL ALI and another vs Mst. RAHEELA and others,Supreme Court of Pakistan,,2025S876,,,,
2fc6927affa6ff0c3a70d5c9,family_law,0.782,medium,low_confidence,Syed MUHAMMAD TOQEER AZMI vs Mst. ALIA WAQAR and 2 others,Lahore,2010-01-01,2010L4435,,,,
3e9658dba0acf37e2b32cdec,family_law,0.782,medium,low_confidence,1996 C L C 1406,Lahore,,1996L291,,,,
40dc17a8b8bb5785c7c88d1a,family_law,0.782,medium,low_confidence,ARSHAD RASOOL vs Mst. SANIYA and another,Sindh (Hyderabad Bench),,2019K4039,,,,
585bcd9ffce7f7f2d5b53876,family_law,0.782,medium,low_confidence,JUDGMENT,,,1998K218,,,,
5e3a7af989ace94ebe2f0339,family_law,0.782,medium,low_confidence,MUHAMMAD BAKHSH vs MUHAMMAD JUNAID and others,Lahore,,2016L4003,,,,
7099439d51d6711b8d4f7d50,family_law,0.782,medium,low_confidence,"NAJABAT KHAN- vs ADDITIONAL DISTRICT JUDGE, LAYYAH and 2 others-",Lahore,2007-01-01,2007L205,,,,
7fb06a714ca7a3c01c3cfe65,family_law,0.782,medium,low_confidence,MUHAMMAD GULZAR through Special Attorney vs Mst. ANEELA NAZIR and 2 others,Lahore,,2010L4294,,,,
8a9b1c0802ac79da9afe0cd9,family_law,0.782,medium,low_confidence,1985 C L C 2478,Lahore,,1985L391,,,,
8fa05e5dc72efe0b18e29d6e,family_law,0.782,medium,low_confidence,"MUHAMMAD TUFAIL vs DISTRICT AND SESSIONS JUDGE, MANDI BAHUDDIN and another",Lahore,,2010L4407,,,,
8fc6ec42651ab6b200c7c4d6,family_law,0.782,medium,low_confidence,P L D 1987 Lahore 94,,,1987L22,,,,
9adbd77dc1df2fa86afb9e9a,family_law,0.782,medium,low_confidence,Mst. ZEBA vs ABDUL ALI,Supreme Court of Pakistan,,2002S1026,,,,
a81f0b26eb558f83c126c4dd,family_law,0.782,medium,low_confidence,"Mst. RAHEELA SALAMAT vs ADDITIONAL DISTRICT JUDGE, FAISALABAD and 2 others",Lahore,,2010L4056,,,,
ca0053bdada0dcaaf0144f2e,family_law,0.782,medium,low_confidence,Sayed HAMIM SHAH vs Mst. SABIHA and 2 others,Peshawar,,2004P4041,,,,
da35c3fefafda7515ec47f29,family_law,0.782,medium,low_confidence,AMIN SABIR SHAH alias PIR SABIR PIA vs FEHMEEDA KHANAM and 4 others,Lahore,,2002L309,,,,
dadb3fd2d70be65366ef3d0f,family_law,0.782,medium,low_confidence,SADIA GILL vs VISHAL MASIH and another,,,2021Q5,,,,
ddcef890b4385ed277296fe4,family_law,0.782,medium,low_confidence,Mian MUHAMMAD ARSHAD vs SABA GUL and 5 others,Lahore,,2022L2570,,,,
f558eaa9cec1e77b131a8aa4,family_law,0.782,medium,low_confidence,GHULAM NABI vs Mst. ASIA PERVEEN and 3 others,Lahore,,2010L4544,,,,
5376e54fc3ff6865f830a3fc,criminal_law,0.787,medium,low_confidence,MUNAWAR HUSSAIN vs The STATE and another,Lahore,,2024L4071,,,,
65e223452d605b9a440f3574,criminal_law,0.790,medium,low_confidence,ABDUL RAUF vs GOVERNMENT OF PUNJAB and others,Lahore,,2023L4107,,,,
0b2da979f1ba7f938240096d,family_law,0.790,medium,low_confidence,KHALID AKHTAR vs Mst. ROBINA and others,Lahore,,1991L2773,,,,
1aabd6423494fcf4ea9c3697,family_law,0.790,medium,low_confidence,Haji MUHAMMAD NAWAZ vs SAMINA KANWAL and others,Supreme Court of Pakistan,,2017S745,,,,
1b213150dbc2827d155c1d20,family_law,0.790,medium,low_confidence,2001 C L C 1273,Karachi,,2001K264,,,,
29e31fa27b1a9131c2eeb41d,family_law,0.790,medium,low_confidence,MUHAMMAD MUNIR vs KANEEZ FATIMA and another,Lahore,,2010L4470,,,,
3cc865843928c9aa02f40248,family_law,0.790,medium,low_confidence,JAN MUHAMMAD vs HUMAIRA ALLAH DITA and another,Balochistan,,2022Q4014,,,,
3ec1e5727006c7053eda9b45,family_law,0.790,medium,low_confidence,"SHAH AMEER MUJTABA vs XX CIVIL AND FAMILY JUDGE, KARACHI (EAST) and 3 others",Sindh,,2015K2546,,,,
3ed09d8522d177598a83c181,family_law,0.790,medium,low_confidence,"AHMAD YAR- vs ADDITIONAL DISTRICT JUDGE, CHINIOT, DISTRICT JHANG and others-",Supreme Court of Pakistan,,2007S1085,,,,
4af81f9a87638172dfea363c,family_law,0.790,medium,low_confidence,"Mst. YASMIN vs ADDITIONAL DISTRICT AND SESSIONS JUDGE, OKARA and another",Lahore,,2010L4092,,,,
592ef8f3c31af2564392bcac,family_law,0.790,medium,low_confidence,Mian SHAUKAT ALI- vs Mst. NASEEM BIBI and another-,Lahore,,2009L258,,,,
6435fd41336b470fb6d51242,family_law,0.790,medium,low_confidence,SHAKARULLAH- vs BIBI SHAKEELA and another-,Balochistan,,2022Q209,,,,
6e5da4ea95d770c6ed63615c,family_law,0.790,medium,low_confidence,1995 M L D 1149,Lahore,1995-01-01,1995L2650,,,,
7cea6e018ce439d936f1a29d,family_law,0.790,medium,low_confidence,NAEEM AKHTAR vs AMBREEN BIBI and others,Peshawar (Abbottabad Bench),,2018P12004,,,,
80ceea85276982be02ea6554,family_law,0.790,medium,low_confidence,NASARULLAH KHAN- vs Mst. AQSA DURRANI and 5 others-,Lahore,,2011L302,,,,
82b9eb114ec00be1faf8d1cc,family_law,0.790,medium,low_confidence,Mst. ABIDA PARVEEN CHANNAR vs NAUSHAD ALI MUGHAL and another,Sindh,,2016K12036,,,,
8525edcaf7d33d6fdb1ea552,family_law,0.790,medium,low_confidence,"RASHID AHMED vs ADDITIONAL DISTRICT JUDGE, LAHORE and 4 others",Lahore,2011-01-01,2011L4229,,,,
a2939513dbca1bf9d26498a5,family_law,0.790,medium,low_confidence,PARVEZ ALI vs Mst. ZUBEDA BEGUM and 3 others,Karachi,,2011K4001,,,,
a9a2f8fc19dc39dc19e97006,family_law,0.790,medium,low_confidence,MUHAMMAD SAEED vs Mst. FAUZIA SHAUKAT and 4 others,Lahore,2011-01-01,2011L4272,,,,
aa6eca0f2631cb4e257df0c1,family_law,0.790,medium,low_confidence,Niaz vs Mst. Gul Jan and 6 others,Balochistan,,2026Q4007,,,,
c403e3f24e81628ef4fbbb33,family_law,0.790,medium,low_confidence,ARSLAN AIJAZ vs Mst. SANOBER and 2 others,Sindh (Hyderabad Bench),,2022K4012,,,,
c5b6b415cb530cd2776e8a00,family_law,0.790,medium,low_confidence,KHADEEJA BIBI and others vs ABDUL RAHEEM and others,Supreme Court of Pakistan,,2012S833,,,,
ca188b4d9c6998d8e2caa29e,family_law,0.790,medium,low_confidence,MUHAMMAD IRSHAD vs FOZIA NOREEN,Peshawar,,2006P206,,,,
d26135b629ac16d65191c04a,family_law,0.790,medium,low_confidence,NADEEM YOUSAF vs SARA NADEEM and 3 others,Lahore,,2017L2552,,,,
de5c693c2a80e6c8418f08dd,family_law,0.790,medium,low_confidence,Mst. MUNEEZA WAQAR through Attorney- vs CIVIL AND FAMILY JUDGE AT KARACHI EAST and another-,Sindh,,2017K255,,,,
e935e214ef635450f3460331,family_law,0.790,medium,low_confidence,"MATEEN HAIDER vs ADDITIONAL DISTRICT JUDGE, LAHORE and others",Supreme Court of Pakistan,,2005S1085,,,,
f279935b3737eba5627cda7f,family_law,0.790,medium,low_confidence,JUDGMENT,Lahore,,2003L4097,,,,
f6817fd3902163c6c447ef62,family_law,0.790,medium,low_confidence,Raja IBADAT SAJJAD KHAN- vs Mst. SHEHNAZ KOUSAR and others-,Lahore,2024-01-01,2024L212,,,,
fc431d712ed963d311e9bcd8,family_law,0.790,medium,low_confidence,ABDUL REHMAN vs Mst. RUQIA BEGUM and others,Lahore,2018-01-01,2018L12025,,,,
026b11b53f00cecc0c805eb9,family_law,0.790,medium,low_confidence,MUHAMMAD RIAZ AHMAD vs Mst. SHAHEEN AKHTAR and 3 others,,,2023L31,,,,
4854db9c21cb741f725b123b,family_law,0.790,medium,low_confidence,KHALIL ULLAH vs Mst. SAHIB BIBI and another,Balochistan,,2018Q4015,,,,
8607972cd7a78d3501391c9b,family_law,0.790,medium,low_confidence,JAVED IQBAL vs Mst. MARYAM and another,Peshawar,,2015P2537,,,,
a289d639ff748f475fc42086,family_law,0.790,medium,low_confidence,WAHEEDA BASHIR KIYANI vs MUHAMMAD MUNSIF KHAN,Supreme Court (AJ&K),,2022SCAJK4006,,,,
a4ce40d42d36d49613c784bf,family_law,0.790,medium,low_confidence,Mst. NASIM SHARIF- vs IMTIAZ ALI KHAN and 3 others-,Lahore,,2006L389,,,,
a59e82bb80f2f51f5d1b739d,family_law,0.790,medium,low_confidence,Mst. MUSSARAT and 2 others vs MUHAMMAD NAEEM and another,,,2010K3,,,,
d67cd792387c74256f477dd0,family_law,0.790,medium,low_confidence,"RASHID HUSSAIN vs ADDITIONAL DISTRICT JUDGE, ISLAMABAD (EAST) and others",,,2022S8,,,,
d7764614e3b8a9f8c3ec37a9,family_law,0.790,medium,low_confidence,JUDGMENT,Lahore,,1995L229,,,,
c8aa53cda0eb3c53e028cd01,criminal_law,0.790,medium,low_confidence,2021 P T D 1683,Sindh High Court,,2021K6052,,,,
d841610ca7e380f4e2bf1063,criminal_law,0.790,medium,low_confidence,ANWAR HUSSAIN vs The STATE and another,,2021-01-01,2021L66,,,,
1475077dbf44468ddd7471a0,family_law,0.790,medium,low_confidence,FAIZ BATOOL vs and 2 others,,,1997L49,,,,
3afc04d7a45e4d27a88a4487,family_law,0.790,medium,low_confidence,P L D 2003 Peshawar 1,,,2003P1,,,,
ae1315652b0c1ed545ef4665,family_law,0.792,medium,low_confidence,West Pakistan Family Courts Act (XXXV of 1964)â€‘â€‘â€‘,Karachi,,1997K2534,,,,
2938f7d7bac58d55928032f2,family_law,0.793,medium,low_confidence,ZEESHAN ALI ZAFAR vs S.H.O. and others,Lahore (Multan Bench),,2021L2532,,,,
75cc7ed0489c44b5b4967ad1,family_law,0.794,medium,low_confidence,"MUHAMMAD YOUSAF vs ADDITIONAL DISTRICT JUDGE, MULTAN and others",Supreme Court of Pakistan,,2023S834,,,,
da646703056ef8bc4dcf1dd9,family_law,0.794,medium,low_confidence,P L D 1990 Lahore 158,,,1990L27,,,,
3204cdeadbe3cc499eec9e54,family_law,0.795,medium,low_confidence,"MUHAMMAD MUZAMMIL vs JUDGE FAMILY COURT, PAKPATTAN and others",Lahore High Court,,2020L228,,,,
9041d32e44518903550cdb73,family_law,0.795,medium,low_confidence,West Pakistan Family Courts Act (XXXV of 1964)â€‘â€‘â€‘,Karachi,1998-01-01,1998K325,,,,
ceac3b6f9ad8b945e1ed82a1,family_law,0.795,medium,low_confidence,Mst. SHUMAILA BIBI vs JUDGE FAMILY COURT and others,Lahore,,2010L4558,,,,
069a947a2a4ca82bf059cc51,family_law,0.797,medium,low_confidence,"Mst. ZOOBIA NAZ vs PROVINCE OF SINDH, through Chief Secretary and others",Sindh,,2025K210,,,,
1e469380a727dc05b4371484,family_law,0.797,medium,low_confidence,JUDGMENT,,,1996K205,,,,
1f81433282e11d4d5b2e9d7a,family_law,0.797,medium,low_confidence,SAEED AHMED SHAKIR- vs ADDITIONAL DISTRICT JUDGE and others-,Lahore,2007-01-01,2007L206,,,,
21f46815469729fdddd88511,family_law,0.797,medium,low_confidence,ORDER,Lahore,,1987L438,,,,
35d48c2bded85710255628c6,family_law,0.797,medium,low_confidence,FAIZ AHMED- vs Mst. SONI and 2 others-,Sindh (Hyderabad Bench),,2020K206,,,,
3e278cf92dedd22b57c83147,family_law,0.797,medium,low_confidence,SAIMA BATOOL ZEHRA and 2 others vs HAMID HUSSAIN,Gilgit-Baltistan Chief Court,,2022G2517,,,,
42cd2b2565a6b6c5bd0ecd4f,family_law,0.797,medium,low_confidence,"Before Muhammad Nawaz Abbasi, J",Lahore,,1999L260,,,,
505ce0d543bb2ebd76a5d286,family_law,0.797,medium,low_confidence,JUDGMENT,,1978-01-01,1978L95,,,,
5b24dcc638f68ad51c8e9fa9,family_law,0.797,medium,low_confidence,"MUHAMMAD ILYAS vs ADDITIONAL DISTRICT AND SESSIONS JUDGE-IIND (EAST), KARACHI and 2 others",Karachi,,2010K4067,,,,
73ee38c062691faa1fcf5be0,family_law,0.797,medium,low_confidence,DUR MUHAMMAD MALIK vs ZAFARULLAH MALIK and 3 others,,,2025K4,,,,
74f40313a3a145308e12f5c5,family_law,0.797,medium,low_confidence,Mst. NASREEN vs MUHAMMAD ARIF and another,Karachi,,2010K4054,,,,
7666fbd6c7721f07514081c7,family_law,0.797,medium,low_confidence,MUHAMMAD DURAB YOUSAF QURESHI AL-HASHMI- vs Mst. MUNAWAR SULTANA and 2 others-,Lahore,,2010L297,,,,
882cdf898f1916639c0999c4,family_law,0.797,medium,low_confidence,P L D 2004 Supreme Court 746,,,2004S111,,,,
93dfbc7977ea633e228de3cc,family_law,0.797,medium,low_confidence,Pirzada NOOR-UL-BASAR vs Mst. PAKISTAN BIBI and others,Supreme Court of Pakistan,,2023S842,,,,
97d1b4a1b15327a8e58ecc52,family_law,0.797,medium,low_confidence,AHMAD KHAN- vs KAUSAR PERVEEN and another-,Lahore,2009-01-01,2009L253,,,,
aa1b1675c141c639f888bbac,family_law,0.797,medium,low_confidence,MOHAMMAD SHAHZAIB vs MISHAL FATIMA and others,Lahore,,2018L2561,,,,
b904f53bc1ef2cc693f7cd45,family_law,0.797,medium,low_confidence,ORDER,Peshawar,,2000P223,,,,
cad69eeb532fcce4f0c13e9c,family_law,0.797,medium,low_confidence,JALAL DIN- vs Mst. SALEEM BIBI and another-,Lahore,2019-01-01,2019L300,,,,
cec19a96a9f18aa6d75a7ea7,family_law,0.797,medium,low_confidence,1999 Y L R 2405,Lahore,1999-01-01,1999L4295,,,,
e0538dd056fbd61d3843d016,family_law,0.797,medium,low_confidence,Mst. HILAL MURAD vs Haji AMIR ZAMAN and 7 others,Peshawar,,2017P14012,,,,
eb11778af9e4e5e9fe41de8a,family_law,0.797,medium,low_confidence,JUDGMENT,Karachi,,2000K212,,,,
a36dfe7d609f2f5abfebcfb2,family_law,0.797,medium,low_confidence,2000 Y L R 577,Lahore,2000-01-01,2000L4121,,,,
a42823329883a2eea841f95d,family_law,0.797,medium,low_confidence,JUDGMENT,Karachi,,1998K2510,,,,
b4a4853e0da68a1bef153e23,family_law,0.797,medium,low_confidence,"Mst. Sidra vs Province of Sindh, through Secretary Home Department Sindh and others",Sindh (Sukkur Bench),,2025K3039,,,,
0900327061486178c3ad9ff7,family_law,0.799,medium,low_confidence,ASIM ALI vs HIRA ASIM and others,Lahore,2019-01-01,2019L4067,,,,
429bd6e34052c1ba3bdbb98f,family_law,0.799,medium,low_confidence,NIJAT ALI and another- vs ASMAT ARA and 2 others-,Peshawar,,2022P209,,,,
4ebe4e6cb9ed0e5c039def25,family_law,0.799,medium,low_confidence,JUDGMENT,Lahore,,1991L517,,,,
7d494922413880c5c5fb2d10,family_law,0.799,medium,low_confidence,MIHRAL and another vs Mst. ZARGUL and another,,,2024Q26,,,,
8798f0d63db5b43eb1b41b74,family_law,0.799,medium,low_confidence,SAWERA IKRAM vs AMIR NAVEED,,,2022L51,,,,
8ad5e4b04dc60d838058f9a7,family_law,0.799,medium,low_confidence,TALHA ASIF TAUFIQ vs VTH ADDITIONAL DISTRICT JUDGE and 3 others,Sindh,,2016K2544,,,,
0c24dfde1eee28a4be01be16,criminal_law,0.800,medium,low_confidence,MOHAMMAD QASAM SHAD vs MUHAMMAD IQBAL MALIK and others,Islamabad,,2025I204,,,,
3b595e30ed1a3d696a8f898f,criminal_law,0.800,medium,low_confidence,"MUHAMMAD MOINUDDIN KHAN- vs DISTRICT JUDGE, ISLAMABAD and 5 others-",Islamabad,,2023I222,,,,
4d44b9976aa8a4c7fd30d506,criminal_law,0.800,medium,low_confidence,"Dr. ANWAR HUSSAIN SIDDIQUI- vs ADDITIONAL DISTRICT JUDGE, ISLAMABAD-WEST and others-",Islamabad,,2021I235,,,,
