doc_id,severity,category,check_type,message,evidence
00230296373ff94d771405cb,low,semantic_quality,heuristic,quoted_material span has no quotation marks or sub-item markers (candidate: possible mislabel),"5. Jurisdiction. Subject to the provisions of the Muslim Family Laws Ordinance, 1961, and the Conciliation Courts Ordinance, 1961, the Family Court shall have exclusive jurisdiction to entertain and a"
00230296373ff94d771405cb,low,metadata,heuristic,provisions_cited contains variant forms of the same provision: 'Ss. 5' and 'S.5',
00230296373ff94d771405cb,low,metadata,heuristic,provisions_cited contains variant forms of the same provision: 'Ss. 5' and 'S. 5',
00230296373ff94d771405cb,low,metadata,heuristic,provisions_cited contains variant forms of the same provision: 'S.3' and 'Section 3',
00230296373ff94d771405cb,low,metadata,heuristic,provisions_cited contains variant forms of the same provision: 'Ss. 5' and 'Section 5',
008d928c2926b2a5855bcc36,low,semantic_quality,heuristic,"final_order span text has no recognizable disposition wording (candidate: may be a reporter tag-line fragment, not the operative sentence)",13. With this observation the writ petition is partly accepted.
008d928c2926b2a5855bcc36,low,semantic_quality,heuristic,"final_order span text has no recognizable disposition wording (candidate: may be a reporter tag-line fragment, not the operative sentence)",M.B.A./I‐138/L Petition partly accepted.
008d928c2926b2a5855bcc36,low,metadata,heuristic,provisions_cited contains variant forms of the same provision: 'S.115' and 'section 115',
008d928c2926b2a5855bcc36,low,metadata,heuristic,provisions_cited contains variant forms of the same provision: 'S.17' and 'section 17',
00ba15b1c95473f7f9a55bf1,low,semantic_quality,heuristic,"final_order span text has no recognizable disposition wording (candidate: may be a reporter tag-line fragment, not the operative sentence)","The trial court shall frame an issue and dispose it off preferably within one month and if so required evidence on the preliminary issue of jurisdiction may also be framed. However, it should not take"
00ce2e3d69fc790f1a2a5f84,low,metadata,heuristic,provisions_cited contains variant forms of the same provision: 'S.11' and 'section 11',
0124b5b8867ddcd33a454fb8,low,metadata,heuristic,provisions_cited contains variant forms of the same provision: 'S. 14' and 'Section 14',
0124b5b8867ddcd33a454fb8,low,metadata,heuristic,provisions_cited contains variant forms of the same provision: 'S. 14' and 'section 14',
01db3f29ed6467eb1356f7e4,low,metadata,heuristic,provisions_cited contains variant forms of the same provision: 'S. 14' and 'section 14',
01db3f29ed6467eb1356f7e4,low,metadata,heuristic,provisions_cited contains variant forms of the same provision: 'S. 18' and 'section 18',
01db3f29ed6467eb1356f7e4,low,metadata,heuristic,provisions_cited contains variant forms of the same provision: 'S. 3' and 'section 3',
0225048a4640b9b93eec26d9,low,metadata,heuristic,provisions_cited contains variant forms of the same provision: 'S. 3' and 'section 3',
0225048a4640b9b93eec26d9,low,metadata,heuristic,provisions_cited contains variant forms of the same provision: 'S. 5' and 'Section 5',
023e0c1226a8aceb9df8e3c3,low,metadata,heuristic,provisions_cited contains variant forms of the same provision: 'S.17' and 'section 17',
023e0c1226a8aceb9df8e3c3,low,metadata,heuristic,provisions_cited contains variant forms of the same provision: 'S.17' and 'S. 17',
02454046be0d0f94bbf35408,low,semantic_quality,heuristic,quoted_material span has no quotation marks or sub-item markers (candidate: possible mislabel),No appeal or revision shall lie against an interim order passed by a Family Court.
02454046be0d0f94bbf35408,low,metadata,heuristic,provisions_cited contains variant forms of the same provision: 'S.13' and 'Section 13',
02454046be0d0f94bbf35408,low,metadata,heuristic,provisions_cited contains variant forms of the same provision: 'S.17' and 'Section 17',
02454046be0d0f94bbf35408,low,metadata,heuristic,provisions_cited contains variant forms of the same provision: 'S.14' and 'Section 14',
030d527d2b52b5e99a2b94ed,low,semantic_quality,heuristic,quoted_material span has no quotation marks or sub-item markers (candidate: possible mislabel),It has also been held in Ijaz Nizam's case (supra) as under:-
03387137265f6983fc3f7608,low,metadata,heuristic,provisions_cited contains variant forms of the same provision: 'S.24' and 'section 24',
0345981b0d9fa1d538e6c392,low,metadata,heuristic,provisions_cited contains variant forms of the same provision: 'S. 14' and 'S.14',
0345981b0d9fa1d538e6c392,low,metadata,heuristic,provisions_cited contains variant forms of the same provision: 'S. 14' and 'section 14',
0345981b0d9fa1d538e6c392,low,metadata,heuristic,provisions_cited contains variant forms of the same provision: 'S. 14' and 'Section 14',
0345981b0d9fa1d538e6c392,low,metadata,heuristic,provisions_cited contains variant forms of the same provision: 'S. 18' and 'section 18',
0383244195c932e90c4d3520,high,completeness,deterministic,structured output unreadable/corrupted: JSONDecodeError: Expecting value: line 1 column 2 (char 1),
03a2b4f4a5381551ce304fc3,low,semantic_quality,heuristic,"final_order span text has no recognizable disposition wording (candidate: may be a reporter tag-line fragment, not the operative sentence)",MQ/57/P Petition accepted.
03bef00e6ea79a295827e328,low,metadata,heuristic,provisions_cited contains variant forms of the same provision: 'Art.199' and 'Art 199',
03c327e5464aeef9a0d0c73d,low,metadata,heuristic,provisions_cited contains variant forms of the same provision: 'S. 491' and 'section 491',
04139076ff36792b38b72f8b,low,semantic_quality,heuristic,quoted_material span has no quotation marks or sub-item markers (candidate: possible mislabel),"2. Amendment of Section 7 of Act V of 1962.---In section 7 of the West Pakistan Muslim Personal Law (Shariat) Application Act, 1952, subsection (2) shall be omitted."
04139076ff36792b38b72f8b,low,semantic_quality,heuristic,quoted_material span has no quotation marks or sub-item markers (candidate: possible mislabel),"3. Termination of Limited Estates under Customary Law.---The limited estates in respect of immovable property held by Muslim females under the Customary Law are hereby terminated:

Provided that nothi"
04139076ff36792b38b72f8b,low,metadata,heuristic,provisions_cited contains variant forms of the same provision: 'S. 3' and 'section 3',
04139076ff36792b38b72f8b,low,metadata,heuristic,provisions_cited contains variant forms of the same provision: 'S. 3' and 'Section 3',
04139076ff36792b38b72f8b,low,metadata,heuristic,provisions_cited contains variant forms of the same provision: 'S. 9' and 'section 9',
04139076ff36792b38b72f8b,low,metadata,heuristic,provisions_cited contains variant forms of the same provision: 'Ss. 302' and 'sections 302',
04139076ff36792b38b72f8b,low,metadata,heuristic,provisions_cited contains variant forms of the same provision: 'S. 7' and 'section 7',
04139076ff36792b38b72f8b,low,metadata,heuristic,provisions_cited contains variant forms of the same provision: 'S. 7' and 'Section 7',
04139076ff36792b38b72f8b,low,metadata,heuristic,provisions_cited contains variant forms of the same provision: 'Ss. 302' and 'S. 302',
04139076ff36792b38b72f8b,low,metadata,heuristic,provisions_cited contains variant forms of the same provision: 'Ss. 302' and 'section 302',
04139076ff36792b38b72f8b,low,metadata,heuristic,provisions_cited contains variant forms of the same provision: 'S. 46' and 'section 46',
0413e959941fc5275fc62f8f,low,metadata,heuristic,provisions_cited contains variant forms of the same provision: 'S. 12' and 'S.12',
0413e959941fc5275fc62f8f,low,metadata,heuristic,provisions_cited contains variant forms of the same provision: 'S. 12' and 'Section 12',
0413e959941fc5275fc62f8f,low,metadata,heuristic,provisions_cited contains variant forms of the same provision: 'Ss. 5' and 'Section 5',
0413e959941fc5275fc62f8f,low,metadata,heuristic,provisions_cited contains variant forms of the same provision: 'S. 12' and 'section 12',
0413e959941fc5275fc62f8f,low,metadata,heuristic,provisions_cited contains variant forms of the same provision: 'Ss. 5' and 'Sections 5',
0413e959941fc5275fc62f8f,low,metadata,heuristic,provisions_cited contains variant forms of the same provision: 'section 25' and 'Section 25',
0419da836e72b89f48708d28,low,metadata,heuristic,provisions_cited contains variant forms of the same provision: 'S.48' and 'S. 48',
0419da836e72b89f48708d28,low,metadata,heuristic,provisions_cited contains variant forms of the same provision: 'S.48' and 'section 48',
041f87d1bf68633973053dd1,low,metadata,heuristic,provisions_cited contains variant forms of the same provision: 'S.10' and 'Section 10',
041f87d1bf68633973053dd1,low,metadata,heuristic,provisions_cited contains variant forms of the same provision: 'S.10' and 'section 10',
042a486dbe47eae2def2fbd7,low,semantic_quality,heuristic,"final_order span text has no recognizable disposition wording (candidate: may be a reporter tag-line fragment, not the operative sentence)",S.A.K./A‐592/L
044d6e573e665c69d2f1a405,low,metadata,heuristic,provisions_cited contains variant forms of the same provision: 'S. 5' and 'section 5',
046ed54fe112653b0123e413,low,metadata,heuristic,provisions_cited contains variant forms of the same provision: 'S. 5' and 'S.5',
046ed54fe112653b0123e413,low,metadata,heuristic,provisions_cited contains variant forms of the same provision: 'S. 5' and 'section 5',
04ab70af83f9a5448699c584,low,metadata,heuristic,provisions_cited contains variant forms of the same provision: 'S.23' and 'section 23',
04d4519257340fcf2f64d17a,low,semantic_quality,heuristic,"final_order span text has no recognizable disposition wording (candidate: may be a reporter tag-line fragment, not the operative sentence)","11. A copy of this judgment is directed to be sent to Mr. Nadeem Anwar Chaudhary, Civil Judge Ist-Class wherever he is posted, through the learned District and Sessions Judge concerned, for his future"
04dc1b81405e9c7eb21e439f,low,metadata,heuristic,provisions_cited contains variant forms of the same provision: 'S.8' and 'section 8',
04dc1b81405e9c7eb21e439f,low,metadata,heuristic,provisions_cited contains variant forms of the same provision: 'S.9' and 'section 9',
04dc1b81405e9c7eb21e439f,low,metadata,heuristic,provisions_cited contains variant forms of the same provision: 'S.9' and 'SECTION 9',
04e5a3e449bc5907bbf75337,low,metadata,heuristic,provisions_cited contains variant forms of the same provision: 'S. 5' and 'S.5',
04e5a3e449bc5907bbf75337,low,metadata,heuristic,provisions_cited contains variant forms of the same provision: 'S.42' and 'S. 42',
04e5a3e449bc5907bbf75337,low,metadata,heuristic,provisions_cited contains variant forms of the same provision: 'S. 5' and 'Section 5',
04e5a3e449bc5907bbf75337,low,metadata,heuristic,provisions_cited contains variant forms of the same provision: 'S.42' and 'Section 42',
05002d924de1288aa4f53524,low,metadata,heuristic,provisions_cited contains variant forms of the same provision: 'Art. 129' and 'Art.129',
050392026e2846b057be35d0,low,semantic_quality,heuristic,"final_order span text has no recognizable disposition wording (candidate: may be a reporter tag-line fragment, not the operative sentence)",M.B.A./M‐599/S ???????
050392026e2846b057be35d0,low,metadata,heuristic,provisions_cited contains variant forms of the same provision: 'S.17' and 'section 17',
050392026e2846b057be35d0,low,metadata,heuristic,provisions_cited contains variant forms of the same provision: 'S.13' and 'section 13',
050392026e2846b057be35d0,low,metadata,heuristic,provisions_cited contains variant forms of the same provision: 'Art.185' and 'Art. 185',
0513f7c1139b729f4cccf83d,low,semantic_quality,heuristic,span labeled 'court_reasoning' contains counsel-submission phrasing (candidate: should possibly be 'arguments'),Besides other grounds which the learned trial Court has taken into consideration the main ground is that the respondent No. 1 has deve loped hatred for the appellant and cannot live with him within th
052274f74210317b99b3c9b6,low,metadata,heuristic,provisions_cited contains variant forms of the same provision: 'S.10' and 'section 10',
05291f26a9fd20f71fa5c917,low,metadata,heuristic,provisions_cited contains variant forms of the same provision: 'S. 5' and 'S.5',
054d6e159a91066a85d84501,low,semantic_quality,heuristic,"final_order span text has no recognizable disposition wording (candidate: may be a reporter tag-line fragment, not the operative sentence)",Q.M.H./M.A.K./134/Q
054d6e159a91066a85d84501,low,metadata,heuristic,provisions_cited contains variant forms of the same provision: 'S. 14' and 'S.14',
054d6e159a91066a85d84501,low,metadata,heuristic,provisions_cited contains variant forms of the same provision: 'S.47' and 'section 47',
054d6e159a91066a85d84501,low,metadata,heuristic,provisions_cited contains variant forms of the same provision: 'S. 25' and 'section 25',
054d6e159a91066a85d84501,low,metadata,heuristic,provisions_cited contains variant forms of the same provision: 'S. 14' and 'section 14',
05642fb722a24f6dbe7362a5,low,metadata,heuristic,provisions_cited contains variant forms of the same provision: 'S. 54' and 'section 54',
05642fb722a24f6dbe7362a5,low,metadata,heuristic,provisions_cited contains variant forms of the same provision: 'S. 5' and 'section 5',
05a868d4715ddd33a15fe35c,low,metadata,heuristic,provisions_cited contains variant forms of the same provision: 'S.13' and 'Section 13',
05a868d4715ddd33a15fe35c,low,metadata,heuristic,provisions_cited contains variant forms of the same provision: 'S.13' and 'section 13',
05a868d4715ddd33a15fe35c,low,metadata,heuristic,provisions_cited contains variant forms of the same provision: 'S.80' and 'section 80',
05a868d4715ddd33a15fe35c,low,metadata,heuristic,provisions_cited contains variant forms of the same provision: 'S.55' and 'section 55',
05af9d953bae57a42f852adc,low,metadata,heuristic,provisions_cited contains variant forms of the same provision: 'S.12' and 'section 12',
05af9d953bae57a42f852adc,low,metadata,heuristic,provisions_cited contains variant forms of the same provision: 'S.14' and 'section 14',
05af9d953bae57a42f852adc,low,metadata,heuristic,provisions_cited contains variant forms of the same provision: 'Art. 199' and 'Art.199',
05e3175c221c3b8db8956bfc,low,semantic_quality,heuristic,"final_order span text has no recognizable disposition wording (candidate: may be a reporter tag-line fragment, not the operative sentence)",A.R.K./K-39/K Order accordingl
05e3175c221c3b8db8956bfc,low,metadata,heuristic,provisions_cited contains variant forms of the same provision: 'S.9' and 'S. 9',
05e3175c221c3b8db8956bfc,low,metadata,heuristic,provisions_cited contains variant forms of the same provision: 'S.9' and 'section 9',
05fd8f4997610de5f26d2360,low,metadata,heuristic,provisions_cited contains variant forms of the same provision: 'S.5' and 'S. 5',
05fd8f4997610de5f26d2360,low,metadata,heuristic,provisions_cited contains variant forms of the same provision: 'S.17A' and 'Section 17A',
05fd8f4997610de5f26d2360,low,metadata,heuristic,provisions_cited contains variant forms of the same provision: 'S. 278' and 'Section 278',
05fd8f4997610de5f26d2360,low,metadata,heuristic,provisions_cited contains variant forms of the same provision: 'S.79' and 'Section 79',
05fd8f4997610de5f26d2360,low,metadata,heuristic,provisions_cited contains variant forms of the same provision: 'S.7' and 'section 7',
06056c69b11aba6916a90eb0,low,semantic_quality,heuristic,quoted_material span has no quotation marks or sub-item markers (candidate: possible mislabel),"'Such an order has no concern with the proceedings going on before the learned Senior Civil Judge/learned Judge Family Court, Multan.'"
06056c69b11aba6916a90eb0,low,semantic_quality,heuristic,quoted_material span has no quotation marks or sub-item markers (candidate: possible mislabel),"'Vide judgment and decree dated 29.11.2013, the Hon'ble Islamabad High Court Islamabad was pleased to dismiss the suit titled Mian Aamir Naseem v. Mst. Mehwish Gillani and others'. As per certificate "
06056c69b11aba6916a90eb0,low,semantic_quality,heuristic,"final_order span text has no recognizable disposition wording (candidate: may be a reporter tag-line fragment, not the operative sentence)",ZC/M-31/L Petition accepted.
06056c69b11aba6916a90eb0,low,metadata,heuristic,provisions_cited contains variant forms of the same provision: 'Ss. 5' and 'section 5',
06128c45341344f9ad190eb6,low,metadata,heuristic,provisions_cited contains variant forms of the same provision: 'Ss.7 & 8' and 'Ss. 7 & 8',
06128c45341344f9ad190eb6,low,metadata,heuristic,provisions_cited contains variant forms of the same provision: 'S. 21' and 'S.21',
06128c45341344f9ad190eb6,low,metadata,heuristic,provisions_cited contains variant forms of the same provision: 'S. 21' and 'section 21',
06330fe0372790c5ae76a872,low,semantic_quality,heuristic,span labeled 'procedural_history' contains counsel-submission phrasing (candidate: should possibly be 'arguments'),"On 3-7-1977, as alleged by the petitioner, the respondent No. 3 went to the house of her parents on usual visit, but failed to return to the petitioner. On 25-7-1977, she filed a suit against the peti"
06330fe0372790c5ae76a872,low,semantic_quality,heuristic,span labeled 'court_reasoning' contains counsel-submission phrasing (candidate: should possibly be 'arguments'),"His contention is that in view of the provisions of section 6 of the Soldiers Litigation Act, the learned Family Court, ought to have, at least granted an adjournment to the petitioner to enable him t"
06330fe0372790c5ae76a872,low,semantic_quality,heuristic,span labeled 'court_reasoning' contains counsel-submission phrasing (candidate: should possibly be 'arguments'),"This section calls upon the defendant to file his written statement on the first day of his appearance in the Court, which in this case was fixed for 7-8-1979. The petitioner failed to file his writte"
06330fe0372790c5ae76a872,low,metadata,heuristic,provisions_cited contains variant forms of the same provision: 'S. 6' and 'section 6',
064e8822c8f805387d0e6b53,low,metadata,heuristic,provisions_cited contains variant forms of the same provision: 'S.10' and 'section 10',
06a07ddef96c91beaeac6f53,low,semantic_quality,heuristic,"final_order span text has no recognizable disposition wording (candidate: may be a reporter tag-line fragment, not the operative sentence)",A . A . Petition accepted.
06a07ddef96c91beaeac6f53,low,metadata,heuristic,provisions_cited contains variant forms of the same provision: 'S. 8' and 'section 8',
06a07ddef96c91beaeac6f53,low,metadata,heuristic,provisions_cited contains variant forms of the same provision: 'section 7' and 'Section 7',
06a07ddef96c91beaeac6f53,low,metadata,heuristic,provisions_cited contains variant forms of the same provision: 'S. 8' and 'Section 8',
06cd4a88317a32f0c9c69fe7,low,metadata,heuristic,provisions_cited contains variant forms of the same provision: 'S. 7' and 'section 7',
0740f0a32b8029ab22426490,low,metadata,heuristic,provisions_cited contains variant forms of the same provision: 'S. 5' and 'S.5',
074a0fcd61492437fdb95dda,low,semantic_quality,heuristic,quoted_material span has no quotation marks or sub-item markers (candidate: possible mislabel),"227. Provisions relating to the Holy Quran and Sunnah.-(1) All existing laws shall be brought in conformity with the Injunctions of Islam as laid down in the Holy Quran and Sunnah, in this Part referr"
074a0fcd61492437fdb95dda,low,semantic_quality,heuristic,quoted_material span has no quotation marks or sub-item markers (candidate: possible mislabel),"7. Unto the men (of a family) belongeth a share of that which parents and near kindred leave, and unto the women a share of that which parents and near kindred leave, whether it be little or much. A l"
074a0fcd61492437fdb95dda,low,semantic_quality,heuristic,quoted_material span has no quotation marks or sub-item markers (candidate: possible mislabel),"Further in Surah tul Nisa, Ayat No.33 as well as 176, it has been ordered as under:-

Further in the most authenticated book of Hadith (Sahi Bukhari Sharif Vol.III, relevant at Page No.606 Chapter No."
074a0fcd61492437fdb95dda,low,semantic_quality,heuristic,quoted_material span has no quotation marks or sub-item markers (candidate: possible mislabel),"2. Application of Personal Law to Muslim.-Notwithstanding any custom or usage to the contrary, in all questions (save questions relating to special property of females, including personal property inh"
074a0fcd61492437fdb95dda,low,semantic_quality,heuristic,quoted_material span has no quotation marks or sub-item markers (candidate: possible mislabel),"4. Immediately on the death of a person, his/her legal heirs become owner of his estate under Muslim law. In the case of Ghulam Ali v. Mst. Ghulam Sarwar Naqvi it was held that:

The main points of th"
07a02cb7dcf9c350cd53ca47,low,semantic_quality,heuristic,"final_order span text has no recognizable disposition wording (candidate: may be a reporter tag-line fragment, not the operative sentence)",F.B./J-3/L Petition accepted.
07d2e545524b4f7fc51e25a1,low,semantic_quality,heuristic,quoted_material span has no quotation marks or sub-item markers (candidate: possible mislabel),"5. Impugned interim order dated 14-12-2010 passed by the learned Judge Family Court Lahore reads as under:

Present:-Counsel for plaintiff Ch. Khawar Farooq, advocate; counsel for defendant Muhammad R"
0844292f3c6ac67ef989d6a1,low,metadata,heuristic,provisions_cited contains variant forms of the same provision: 'S. 17' and 'Section 17',
0844292f3c6ac67ef989d6a1,low,metadata,heuristic,provisions_cited contains variant forms of the same provision: 'S. 17' and 'section 17',
08993337a2588c70640a9d63,low,metadata,heuristic,provisions_cited contains variant forms of the same provision: 'Art.199' and 'Art. 199',
08d774ba6fc82a2b0c07eb94,low,metadata,heuristic,provisions_cited contains variant forms of the same provision: 'S.2' and 'section 2',
08dfc34e7531e0161909bf7b,low,metadata,heuristic,provisions_cited contains variant forms of the same provision: 'S.25' and 'section 25',
08f78cd0939525079d3e8735,low,semantic_quality,heuristic,quoted_material span has no quotation marks or sub-item markers (candidate: possible mislabel),"S.47.22:

Then, is it To be expected of you. If ye were put in authority, That ye will do mischief. In the land, and break Your ties of kith and kin?

' Consequently a directive was issued to all Stat"
08f78cd0939525079d3e8735,low,semantic_quality,heuristic,"final_order span text has no recognizable disposition wording (candidate: may be a reporter tag-line fragment, not the operative sentence)","Viewed from all angles, it is obvious that deprivation of the mother of the custody of the infant is neither lawful nor proper nor is in the best interest of the minor or the mother. With these observ"
08f78cd0939525079d3e8735,low,semantic_quality,heuristic,"final_order span text has no recognizable disposition wording (candidate: may be a reporter tag-line fragment, not the operative sentence)",AA./H.148/L Petition accepted.
08f78cd0939525079d3e8735,low,metadata,heuristic,provisions_cited contains variant forms of the same provision: 'S. 491' and 'S.491',
08f78cd0939525079d3e8735,low,metadata,heuristic,provisions_cited contains variant forms of the same provision: 'S. 491' and 'section 491',
08f78cd0939525079d3e8735,low,metadata,heuristic,provisions_cited contains variant forms of the same provision: 'Art. 199' and 'Art.199',
08f8f3cbc3e8efbb3bdceed9,low,metadata,heuristic,provisions_cited contains variant forms of the same provision: 'Art.199' and 'Art. 199',
096aa5b34df4d25253b36347,low,semantic_quality,heuristic,"final_order span text has no recognizable disposition wording (candidate: may be a reporter tag-line fragment, not the operative sentence)","9. As agreed by the learned counsel for the parties, the Judge Family I Court shall dispose of the matter within three months from the date on which a copy of this order is received by him even if he "
096aa5b34df4d25253b36347,low,metadata,heuristic,provisions_cited contains variant forms of the same provision: 'S.9' and 'section 9',
099bbcb5db102d2ff191e721,low,semantic_quality,heuristic,"final_order span text has no recognizable disposition wording (candidate: may be a reporter tag-line fragment, not the operative sentence)","The sum and substance of the above discussion is, finding no essence the captioned appeal is hereby dropped."
099bbcb5db102d2ff191e721,low,metadata,heuristic,provisions_cited contains variant forms of the same provision: 'S.17' and 'Section 17',
099bbcb5db102d2ff191e721,low,metadata,heuristic,provisions_cited contains variant forms of the same provision: 'S.17' and 'section 17',
09a147763202b15e97b70c84,low,metadata,heuristic,provisions_cited contains variant forms of the same provision: 'S.5' and 'section 5',
09a147763202b15e97b70c84,low,metadata,heuristic,provisions_cited contains variant forms of the same provision: 'S.5' and 'Section 5',
09fed894f69539615d52239f,low,semantic_quality,heuristic,"final_order span text has no recognizable disposition wording (candidate: may be a reporter tag-line fragment, not the operative sentence)",Q.M.H./M.A.K./A‐191/L
09fed894f69539615d52239f,low,metadata,heuristic,provisions_cited contains variant forms of the same provision: 'S.6' and 'section 6',
0a1b24c6b6f31b1b4faaa9a9,low,metadata,heuristic,provisions_cited contains variant forms of the same provision: 'S. 13' and 'S.13',
0a1b24c6b6f31b1b4faaa9a9,low,metadata,heuristic,provisions_cited contains variant forms of the same provision: 'S.20' and 'S. 20',
0a1b24c6b6f31b1b4faaa9a9,low,metadata,heuristic,provisions_cited contains variant forms of the same provision: 'S. 13' and 'section 13',
0a805e6f9f0ede9f5fc4e81f,low,metadata,heuristic,provisions_cited contains variant forms of the same provision: 'S.7' and 'section 7',
0ae1359f4e319624a59345c0,low,metadata,heuristic,provisions_cited contains variant forms of the same provision: 'section 14' and 'Section 14',
0b22674fc8625c7933f1c5a6,low,semantic_quality,heuristic,"final_order span text has no recognizable disposition wording (candidate: may be a reporter tag-line fragment, not the operative sentence)","The sum and substance of the above discussion is, finding no essence the instant writ petition is hereby dropped in limine."
0b41050a9a4011b361c7a862,low,semantic_quality,heuristic,quoted_material span has no quotation marks or sub-item markers (candidate: possible mislabel),"7. * * * * * * * * * *

(3) Save as provided in subsection (5), a Talaq unless revoked earlier expressly or otherwise, shall not be effective until the expiration of ninety days from the day of which "
0b41050a9a4011b361c7a862,low,semantic_quality,heuristic,quoted_material span has no quotation marks or sub-item markers (candidate: possible mislabel),"I, therefore, hold that Talaq of respondent No.2 with the petitioner became effective on 15-5-1994 after completion of 90 days from receipt of the notice by the Chairman, Union Council which was not r"
0b41050a9a4011b361c7a862,low,metadata,heuristic,provisions_cited contains variant forms of the same provision: 'S.7' and 'section 7',
0b41050a9a4011b361c7a862,low,metadata,heuristic,provisions_cited contains variant forms of the same provision: 'S.5' and 'section 5',
0b41050a9a4011b361c7a862,low,metadata,heuristic,provisions_cited contains variant forms of the same provision: 'Art.199' and 'Art. 199',
0b5e1edd2e2042aed24afd34,low,semantic_quality,heuristic,"final_order span text has no recognizable disposition wording (candidate: may be a reporter tag-line fragment, not the operative sentence)",AG/K-31/L Petition partly accepted.
0b9bb48e29aea335893535c3,low,metadata,heuristic,provisions_cited contains variant forms of the same provision: 'S.17' and 'Ss.17',
0b9bb48e29aea335893535c3,low,metadata,heuristic,provisions_cited contains variant forms of the same provision: 'S.17' and 'section 17',
0b9bb48e29aea335893535c3,low,metadata,heuristic,provisions_cited contains variant forms of the same provision: 'S.17' and 'Section 17',
0b9bb48e29aea335893535c3,low,metadata,heuristic,provisions_cited contains variant forms of the same provision: 'S.17' and 'S. 17',
0b9bb48e29aea335893535c3,low,metadata,heuristic,provisions_cited contains variant forms of the same provision: 'Art. 199' and 'Art.199',
0bc96bc0e929fbc8307b1338,low,metadata,heuristic,provisions_cited contains variant forms of the same provision: 'S. 14' and 'Section 14',
0bc96bc0e929fbc8307b1338,low,metadata,heuristic,provisions_cited contains variant forms of the same provision: 'S. 14' and 'section 14',
0bf66aa8cdd8c4f57452956a,low,semantic_quality,heuristic,"final_order span text has no recognizable disposition wording (candidate: may be a reporter tag-line fragment, not the operative sentence)",H.B.T./A-152/L Petition accepted.
0c45c7662d81160a07ba5017,low,metadata,heuristic,provisions_cited contains variant forms of the same provision: 'S.9' and 'section 9',
0c7b6e4c827df9f9239bd618,low,semantic_quality,heuristic,"final_order span text has no recognizable disposition wording (candidate: may be a reporter tag-line fragment, not the operative sentence)","11. Before parting with this judgment, I may observe here that the trial Court shall not be influenced by the observations made hereinabove and shall decide the matter purely on merits."
0c7b6e4c827df9f9239bd618,low,metadata,heuristic,provisions_cited contains variant forms of the same provision: 'S. 17' and 'S.17',
0c7b6e4c827df9f9239bd618,low,metadata,heuristic,provisions_cited contains variant forms of the same provision: 'S. 17' and 'section 17',
0c7b6e4c827df9f9239bd618,low,metadata,heuristic,provisions_cited contains variant forms of the same provision: 'S.12' and 'section 12',
0c7b6e4c827df9f9239bd618,low,metadata,heuristic,provisions_cited contains variant forms of the same provision: 'Art.199' and 'Art. 199',
0cb8c6fedc9c52e5c1fa0e83,low,metadata,heuristic,provisions_cited contains variant forms of the same provision: 'S. 23' and 'S.23',
0cb8c6fedc9c52e5c1fa0e83,low,metadata,heuristic,provisions_cited contains variant forms of the same provision: 'Ss. 5' and 'S.5',
0cb8c6fedc9c52e5c1fa0e83,low,metadata,heuristic,provisions_cited contains variant forms of the same provision: 'S. 25' and 'section 25',
0cb8c6fedc9c52e5c1fa0e83,low,metadata,heuristic,provisions_cited contains variant forms of the same provision: 'S. 23' and 'section 23',
0cb8c6fedc9c52e5c1fa0e83,low,metadata,heuristic,provisions_cited contains variant forms of the same provision: 'Ss. 5' and 'section 5',
0cc4f46e39acc5353dbb9830,low,semantic_quality,heuristic,quoted_material span has no quotation marks or sub-item markers (candidate: possible mislabel),"Women will only have true equality, when men share with

them the responsibility of bringing up the next generation .

Justice Ruth Bader Ginsburg, Judge, US Supreme Court"
0cc4f46e39acc5353dbb9830,low,semantic_quality,heuristic,quoted_material span has no quotation marks or sub-item markers (candidate: possible mislabel),"it is the legal and moral duty of the father of minor children to keep maintaining them he being the natural guardian till they attain the age of majority. No excuse, big or small can absolve the fath"
0cc4f46e39acc5353dbb9830,low,semantic_quality,heuristic,quoted_material span has no quotation marks or sub-item markers (candidate: possible mislabel),6. The legislature has established the Family Courts for expeditious settlement and disposal of the disputes relating to marriage and family affairs and the matters connected therewith. Under the prov
0cc4f46e39acc5353dbb9830,low,semantic_quality,heuristic,quoted_material span has no quotation marks or sub-item markers (candidate: possible mislabel),"i. The term estate has been defined in the Black s Law Dictionary (A Law Dictionary, Adapted to the Constitution and Laws of the United States. By John Bouvier. Published in 1856) as:

the interest wh"
0cc4f46e39acc5353dbb9830,low,semantic_quality,heuristic,quoted_material span has no quotation marks or sub-item markers (candidate: possible mislabel),"6. That as regards the learned counsel's contention that the earnings of the Muhammad Asim are not known, we deprecate this attempt at intentional non-disclosure. Muhammad Asim is employed by PAEC but"
0cc4f46e39acc5353dbb9830,low,semantic_quality,heuristic,quoted_material span has no quotation marks or sub-item markers (candidate: possible mislabel),9. . The minors are entitled to be maintained by the father in the manner befitting the status and financial condition of the father and for this reason the Family Court is under an obligation while g
0cc4f46e39acc5353dbb9830,low,semantic_quality,heuristic,quoted_material span has no quotation marks or sub-item markers (candidate: possible mislabel),"17. The principle ibid, guides to hold that before determination of the quantum of the maintenance, the learned Family Court, is under obligation to determine the financial capability of the father vi"
0cc4f46e39acc5353dbb9830,low,semantic_quality,heuristic,quoted_material span has no quotation marks or sub-item markers (candidate: possible mislabel),"35. Highlighting necessity of inquiry for determination of financial status of father, it is observed in case titled Nosheen Agha and another v. Additional District Judge (West) Islamabad and another "
0cc4f46e39acc5353dbb9830,low,semantic_quality,heuristic,quoted_material span has no quotation marks or sub-item markers (candidate: possible mislabel),"36. Whilst dealing with question of finally decreeing maintenance allowance after striking down defense of father due to non-payment of interim maintenance allowance, it is held in case titled Shahzad"
0cc4f46e39acc5353dbb9830,low,semantic_quality,heuristic,quoted_material span has no quotation marks or sub-item markers (candidate: possible mislabel),"42. Furthermore, Article 10-A of The Constitution of Pakistan, 1973 provides right of fair trial and due process for determination of rights and obligations of parties. The maxim goes boni judicis est"
0cc4f46e39acc5353dbb9830,low,semantic_quality,heuristic,quoted_material span has no quotation marks or sub-item markers (candidate: possible mislabel),"43. Moreover, The Hon ble Supreme Court of Pakistan in the judgment reported as Mst. Yasmeen Bibi v. Muhammad Ghazanfar Khan and others (PLD 2016 SC 613) has exhaustively dilated upon the purpose of b"
0cc4f46e39acc5353dbb9830,low,metadata,heuristic,provisions_cited contains variant forms of the same provision: 'S. 17' and 'S.17',
0cc4f46e39acc5353dbb9830,low,metadata,heuristic,provisions_cited contains variant forms of the same provision: 'S.3' and 'S. 3',
0cc4f46e39acc5353dbb9830,low,metadata,heuristic,provisions_cited contains variant forms of the same provision: 'S. 17' and 'Section 17',
0cc4f46e39acc5353dbb9830,low,metadata,heuristic,provisions_cited contains variant forms of the same provision: 'S. 17' and 'Section17',
0cc4f46e39acc5353dbb9830,low,metadata,heuristic,provisions_cited contains variant forms of the same provision: 'S. 17' and 'section 17',
0cc4f46e39acc5353dbb9830,low,metadata,heuristic,provisions_cited contains variant forms of the same provision: 'Section 5' and 'section 5',
0cc4f46e39acc5353dbb9830,low,metadata,heuristic,provisions_cited contains variant forms of the same provision: 'S.3' and 'Section 3',
0cc4f46e39acc5353dbb9830,low,metadata,heuristic,provisions_cited contains variant forms of the same provision: 'S.3' and 'section 3',
0cc4f46e39acc5353dbb9830,low,metadata,heuristic,provisions_cited contains variant forms of the same provision: 'S. 17' and 'sections 17',
0cc4f46e39acc5353dbb9830,low,metadata,heuristic,provisions_cited contains variant forms of the same provision: 'S. 17' and 'Sections 17',
0ccf3a0f482c5971b7d7246f,low,metadata,heuristic,provisions_cited contains variant forms of the same provision: 'S. 5' and 'Ss. 5',
0ccf3a0f482c5971b7d7246f,low,metadata,heuristic,provisions_cited contains variant forms of the same provision: 'S. 5' and 'section 5',
0d0ce9936485e04a4e9ab616,low,semantic_quality,heuristic,quoted_material span has no quotation marks or sub-item markers (candidate: possible mislabel),Admittedly the above proviso provides that the suit can be filed where parties reside or last resided together but it is held by Honourable Superior Courts that the better place for filing a family su
0d0ce9936485e04a4e9ab616,low,semantic_quality,heuristic,quoted_material span has no quotation marks or sub-item markers (candidate: possible mislabel),"[a] the cause of action wholly or in part has arisen; or

[b] where the parties resided together:

Provided that in suits for dissolution of marriage or dower, the Court within the local limits of whi"
0d0ce9936485e04a4e9ab616,low,semantic_quality,heuristic,quoted_material span has no quotation marks or sub-item markers (candidate: possible mislabel),"14. Moreover, one has to also see the purpose, object and concept of West Pakistan Family Courts Act, 1964 [XXXV of 1964], which for ready reference, is reproduced herein below:-

Preamble, whereas, i"
0d49863d4eea0365d4159bfb,low,semantic_quality,heuristic,quoted_material span has no quotation marks or sub-item markers (candidate: possible mislabel),"(1) Notwithstanding anything provided in any other law for the time being in force, a decision given or a decree passed by a Family Court shall be appealable---

a. ."
0d49863d4eea0365d4159bfb,low,metadata,heuristic,provisions_cited contains variant forms of the same provision: 'S. 14' and 'S.14',
0d49863d4eea0365d4159bfb,low,metadata,heuristic,provisions_cited contains variant forms of the same provision: 'S.12' and 'section 12',
0d49863d4eea0365d4159bfb,low,metadata,heuristic,provisions_cited contains variant forms of the same provision: 'S. 14' and 'section 14',
0d49863d4eea0365d4159bfb,low,metadata,heuristic,provisions_cited contains variant forms of the same provision: 'S.12' and 'Section 12',
0d49863d4eea0365d4159bfb,low,metadata,heuristic,provisions_cited contains variant forms of the same provision: 'S.25' and 'section 25',
0dd57a6d23cc5f798605de70,low,metadata,heuristic,provisions_cited contains variant forms of the same provision: 'S. 6' and 'Section 6',
0dd57a6d23cc5f798605de70,low,metadata,heuristic,provisions_cited contains variant forms of the same provision: 'S. 6' and 'section 6',
0dd584de67fc1259cfa50724,low,semantic_quality,heuristic,"final_order span text has no recognizable disposition wording (candidate: may be a reporter tag-line fragment, not the operative sentence)",(1) P L D 1971 Kar. 118 (2) P L D 1968 Lab. 987
0dd584de67fc1259cfa50724,low,metadata,heuristic,provisions_cited contains variant forms of the same provision: 'S. 25' and 'section 25',
0dd584de67fc1259cfa50724,low,metadata,heuristic,provisions_cited contains variant forms of the same provision: 'S. 14' and 'section 14',
0dd584de67fc1259cfa50724,low,metadata,heuristic,provisions_cited contains variant forms of the same provision: 'S. 115' and 'section 115',
0dd584de67fc1259cfa50724,low,metadata,heuristic,provisions_cited contains variant forms of the same provision: 'S. 14' and 'Section 14',
0dd584de67fc1259cfa50724,low,metadata,heuristic,provisions_cited contains variant forms of the same provision: 'section 17' and 'Section 17',
0dd584de67fc1259cfa50724,low,metadata,heuristic,provisions_cited contains variant forms of the same provision: 'section 10' and 'sections 10',
0e1d9f60f4217d0266245f1d,low,semantic_quality,heuristic,"final_order span text has no recognizable disposition wording (candidate: may be a reporter tag-line fragment, not the operative sentence)",AA./G‐82/L ??????????????????????????????????????????????????????????????????????????????????????? Petition accepted.
0e362c92151953cc708f28f3,low,metadata,heuristic,provisions_cited contains variant forms of the same provision: 'S.4' and 'Section 4',
0e362c92151953cc708f28f3,low,metadata,heuristic,provisions_cited contains variant forms of the same provision: 'Section 18' and 'section 18',
0e362c92151953cc708f28f3,low,metadata,heuristic,provisions_cited contains variant forms of the same provision: 'Section 19' and 'section 19',
0e362c92151953cc708f28f3,low,metadata,heuristic,provisions_cited contains variant forms of the same provision: 'Section 10' and 'section 10',
0e72b0e71d25e5902204e3de,low,semantic_quality,heuristic,"final_order span text has no recognizable disposition wording (candidate: may be a reporter tag-line fragment, not the operative sentence)",K. B. A.
0e72b0e71d25e5902204e3de,low,metadata,heuristic,provisions_cited contains variant forms of the same provision: 'S. 14' and 'section 14',
0e72b0e71d25e5902204e3de,low,metadata,heuristic,provisions_cited contains variant forms of the same provision: 'S. 115' and 'section 115',
0f7eb25c84ca99d9c4f048e7,low,metadata,heuristic,provisions_cited contains variant forms of the same provision: 'Ss. 5' and 'S. 5',
100fcea4a7af3ece34f84bf4,low,metadata,heuristic,provisions_cited contains variant forms of the same provision: 'S. 14' and 'section 14',
100fcea4a7af3ece34f84bf4,low,metadata,heuristic,provisions_cited contains variant forms of the same provision: 'S. 14' and 'Section 14',
100fcea4a7af3ece34f84bf4,low,metadata,heuristic,provisions_cited contains variant forms of the same provision: 'section 7' and 'Section 7',
100fcea4a7af3ece34f84bf4,low,metadata,heuristic,provisions_cited contains variant forms of the same provision: 'section 13' and 'Section 13',
105b44dcba69d5c6f9124d1a,low,metadata,heuristic,provisions_cited contains variant forms of the same provision: 'S. 115' and 'section 115',
105b44dcba69d5c6f9124d1a,low,metadata,heuristic,provisions_cited contains variant forms of the same provision: 'S. 17' and 'section 17',
106fb6b43991b1988f480f6d,low,metadata,heuristic,provisions_cited contains variant forms of the same provision: 'S. 10' and 'Section 10',
106fb6b43991b1988f480f6d,low,metadata,heuristic,provisions_cited contains variant forms of the same provision: 'S. 10' and 'section 10',
106fb6b43991b1988f480f6d,low,metadata,heuristic,provisions_cited contains variant forms of the same provision: 'S. 10' and 'S.10',
10a8f43940c565a59716c743,low,metadata,heuristic,provisions_cited contains variant forms of the same provision: 'S. 7' and 'section 7',
10a8f43940c565a59716c743,low,metadata,heuristic,provisions_cited contains variant forms of the same provision: 'S.14' and 'section 14',
10a8f43940c565a59716c743,low,metadata,heuristic,provisions_cited contains variant forms of the same provision: 'S. 7' and 'Section 7',
10acf1a9e8b52c403e9de97d,low,semantic_quality,heuristic,"final_order span text has no recognizable disposition wording (candidate: may be a reporter tag-line fragment, not the operative sentence)",K. F. A.
10acf1a9e8b52c403e9de97d,low,semantic_quality,heuristic,"final_order span text has no recognizable disposition wording (candidate: may be a reporter tag-line fragment, not the operative sentence)",Petition accepted.
10acf1a9e8b52c403e9de97d,low,metadata,heuristic,provisions_cited contains variant forms of the same provision: 'S. 13' and 'section 13',
10b279bcc7fbcb0f25260d7c,low,semantic_quality,heuristic,"final_order span text has no recognizable disposition wording (candidate: may be a reporter tag-line fragment, not the operative sentence)",H.B.T./61/Sh.C.(AJ&K) Appeal accepted.
10b42df276ff294a61a23ed3,low,semantic_quality,heuristic,span labeled 'court_reasoning' contains counsel-submission phrasing (candidate: should possibly be 'arguments'),"9. Appellate court erred in law while basing its finding on the letter, merely placed on record without satisfying itself regarding the question of admissibility of the letter and proof of its authors"
10ed222cb5e8eef4f3869df6,low,semantic_quality,heuristic,quoted_material span has no quotation marks or sub-item markers (candidate: possible mislabel),"Neil B.E. Baillia in his book/digest Muhammadan Law has described as under:-

'And so also students of learning, when unable to earn anything; and their right to maintenance from their fathers does no"
10ed222cb5e8eef4f3869df6,low,semantic_quality,heuristic,quoted_material span has no quotation marks or sub-item markers (candidate: possible mislabel),Further observed as under:--
10ed222cb5e8eef4f3869df6,low,metadata,heuristic,provisions_cited contains variant forms of the same provision: 'S. 2' and 'S.2',
10ed222cb5e8eef4f3869df6,low,metadata,heuristic,provisions_cited contains variant forms of the same provision: 'S. 2' and 'Section 2',
10ed222cb5e8eef4f3869df6,low,metadata,heuristic,provisions_cited contains variant forms of the same provision: 'S. 2' and 'section 2',
10edf16a0df8f8497c5f4dc2,low,semantic_quality,heuristic,"final_order span text has no recognizable disposition wording (candidate: may be a reporter tag-line fragment, not the operative sentence)",AG/137/Isl. Petition accepted.
1114f5c506e35d0cf9e5bee2,low,metadata,heuristic,provisions_cited contains variant forms of the same provision: 'S.9' and 'section 9',
1114f5c506e35d0cf9e5bee2,low,metadata,heuristic,provisions_cited contains variant forms of the same provision: 'S.9' and 'Section 9',
112c75481247422524f8bae7,low,semantic_quality,heuristic,quoted_material span has no quotation marks or sub-item markers (candidate: possible mislabel),"(An-Nisa (4) verse 4 and Al-Baqrah (2) verses 236-7) and it is specifically recognised by the law of Pakistan, that is, section 2 of the Muslim Personal Law (Shariat) Application Act, 1962. Mehr has t"
112c75481247422524f8bae7,low,metadata,heuristic,provisions_cited contains variant forms of the same provision: 'S. 2' and 'section 2',
112c75481247422524f8bae7,low,metadata,heuristic,provisions_cited contains variant forms of the same provision: 'S. 10' and 'Section 10',
1160100a7e14d1af54c651a6,low,metadata,heuristic,provisions_cited contains variant forms of the same provision: 'S. 17' and 'section 17',
117c0468d570adcb2e904e53,low,metadata,heuristic,provisions_cited contains variant forms of the same provision: 'S. 5' and 'S.5',
117c0468d570adcb2e904e53,low,metadata,heuristic,provisions_cited contains variant forms of the same provision: 'S. 5' and 'section 5',
1197f1b67ef431adbe8a5319,low,metadata,heuristic,provisions_cited contains variant forms of the same provision: 'S.11' and 'section 11',
1197f1b67ef431adbe8a5319,low,metadata,heuristic,provisions_cited contains variant forms of the same provision: 'S.17' and 'section 17',
1197f1b67ef431adbe8a5319,low,metadata,heuristic,provisions_cited contains variant forms of the same provision: 'S. 5' and 'section 5',
11fcece10119cac4b1afd513,low,metadata,heuristic,provisions_cited contains variant forms of the same provision: 'S. 488' and 'section 488',
11fcece10119cac4b1afd513,low,metadata,heuristic,provisions_cited contains variant forms of the same provision: 'S. 13' and 'section 13',
11fcece10119cac4b1afd513,low,metadata,heuristic,provisions_cited contains variant forms of the same provision: 'S. 7' and 'section 7',
11fcece10119cac4b1afd513,low,metadata,heuristic,provisions_cited contains variant forms of the same provision: 'S. 12' and 'section 12',
1237ecf584ce2d59921c72b4,low,metadata,heuristic,provisions_cited contains variant forms of the same provision: 'S.10' and 'section 10',
123f27d7f422f95abac7800e,low,semantic_quality,heuristic,quoted_material span has no quotation marks or sub-item markers (candidate: possible mislabel),"A bare perusal of subsection (1) ibid reveals that jurisdiction of the Family Court extends to matters enumerated in Part-I of the Schedule. For convenience, Part-I of the Schedule is reproduced hereu"
123f27d7f422f95abac7800e,low,semantic_quality,heuristic,quoted_material span has no quotation marks or sub-item markers (candidate: possible mislabel),"371. Maintenance of parents. (1) Children in easy circumstances are bound to maintain their poor parents, although the latter may be able to earn something for themselves.

(2) A son though in straite"
123f27d7f422f95abac7800e,low,semantic_quality,heuristic,quoted_material span has no quotation marks or sub-item markers (candidate: possible mislabel),"17A. Suit for maintenance. (1) In a suit for maintenance, the Family Court shall, on the date of the first appearance of the defendant, fix interim monthly maintenance for wife or a child and if the d"
123f27d7f422f95abac7800e,low,semantic_quality,heuristic,"final_order span text has no recognizable disposition wording (candidate: may be a reporter tag-line fragment, not the operative sentence)","Office is directed to transmit a copy of this judgment to the Judge Family Court, Lahore, forthwith."
123f27d7f422f95abac7800e,low,metadata,heuristic,provisions_cited contains variant forms of the same provision: 'S.17' and 'Section 17',
123f27d7f422f95abac7800e,low,metadata,heuristic,provisions_cited contains variant forms of the same provision: 'Ss.5' and 'S.5',
123f27d7f422f95abac7800e,low,metadata,heuristic,provisions_cited contains variant forms of the same provision: 'Ss.5' and 'Section 5',
123f27d7f422f95abac7800e,low,metadata,heuristic,provisions_cited contains variant forms of the same provision: 'Ss.5' and 'section 5',
123f27d7f422f95abac7800e,low,metadata,heuristic,provisions_cited contains variant forms of the same provision: 'S.17' and 'section 17',
123f27d7f422f95abac7800e,low,metadata,heuristic,provisions_cited contains variant forms of the same provision: 'S.17A' and 'Section 17A',
12b901fed564866d211dc449,low,metadata,heuristic,provisions_cited contains variant forms of the same provision: 'S. 13' and 'S.13',
12b901fed564866d211dc449,low,metadata,heuristic,provisions_cited contains variant forms of the same provision: 'S. 13' and 'section 13',
12b901fed564866d211dc449,low,metadata,heuristic,provisions_cited contains variant forms of the same provision: 'S. 13' and 'Section 13',
130abd1ec971c2a07e164544,low,semantic_quality,heuristic,quoted_material span has no quotation marks or sub-item markers (candidate: possible mislabel),"The law of Lexicon with Legal Maxims and Words and phrases reprint Edition 1996 at page 1329: -

WAKIL: A person invested with authority to act for another.

Urdu English LAW DICTIONARY Edition 2000 p"
130abd1ec971c2a07e164544,low,semantic_quality,heuristic,"final_order span text has no recognizable disposition wording (candidate: may be a reporter tag-line fragment, not the operative sentence)",9. I also duly appreciate the assistance rendered by the Research Officers of this Bench to deal with the issue discussed and dealt with hereinabove.
130abd1ec971c2a07e164544,low,metadata,heuristic,provisions_cited contains variant forms of the same provision: 'S. 5' and 'Section 5',
130b3208e5ceaa8fd6b43719,low,metadata,heuristic,provisions_cited contains variant forms of the same provision: 'S. 5' and 'S.5',
132158de258b590420af82ba,low,metadata,heuristic,provisions_cited contains variant forms of the same provision: 'S. 10' and 'S.10',
132158de258b590420af82ba,low,metadata,heuristic,provisions_cited contains variant forms of the same provision: 'S. 10' and 'Section 10',
132158de258b590420af82ba,low,metadata,heuristic,provisions_cited contains variant forms of the same provision: 'S. 10' and 'section 10',
132213dc6343ee110f62525b,low,metadata,heuristic,provisions_cited contains variant forms of the same provision: 'Ss. 10 and 11' and 'sections 10 and 11',
1322a5e921225fc230ce26e5,low,semantic_quality,heuristic,"final_order span text has no recognizable disposition wording (candidate: may be a reporter tag-line fragment, not the operative sentence)",A. A./Y‐15/L Petition accepted.
1322a5e921225fc230ce26e5,low,metadata,heuristic,provisions_cited contains variant forms of the same provision: 'Ss. 5 & 14' and 'Ss.5 & 14',
1322a5e921225fc230ce26e5,low,metadata,heuristic,provisions_cited contains variant forms of the same provision: 'S.12' and 'section. 12',
1322a5e921225fc230ce26e5,low,metadata,heuristic,provisions_cited contains variant forms of the same provision: 'S.12' and 'section 12',
1322a5e921225fc230ce26e5,low,metadata,heuristic,provisions_cited contains variant forms of the same provision: 'S.14' and 'section 14',
1322a5e921225fc230ce26e5,low,metadata,heuristic,provisions_cited contains variant forms of the same provision: 'S.25' and 'section 25',
139546b6a39f4fb8d05822f9,low,semantic_quality,heuristic,"final_order span text has no recognizable disposition wording (candidate: may be a reporter tag-line fragment, not the operative sentence)",23. The instant writ petition is accepted in the light of the above mentioned observations and directions. The parties to bear their own costs.
139546b6a39f4fb8d05822f9,low,semantic_quality,heuristic,"final_order span text has no recognizable disposition wording (candidate: may be a reporter tag-line fragment, not the operative sentence)",A.R.K. /S-31/L Petition accepted.
139546b6a39f4fb8d05822f9,low,metadata,heuristic,provisions_cited contains variant forms of the same provision: 'Section 17A' and 'S. 17A',
139546b6a39f4fb8d05822f9,low,metadata,heuristic,provisions_cited contains variant forms of the same provision: 'Section 17A' and 'S.17A',
139546b6a39f4fb8d05822f9,low,metadata,heuristic,provisions_cited contains variant forms of the same provision: 'S.17B' and 'S. 17B',
139546b6a39f4fb8d05822f9,low,metadata,heuristic,provisions_cited contains variant forms of the same provision: 'S.17B' and 'Section 17B',
139546b6a39f4fb8d05822f9,low,metadata,heuristic,provisions_cited contains variant forms of the same provision: 'Section 17A' and 'section 17A',
139546b6a39f4fb8d05822f9,low,metadata,heuristic,provisions_cited contains variant forms of the same provision: 'S.17B' and 'section 17B',
13964a767de97b650369126e,low,metadata,heuristic,provisions_cited contains variant forms of the same provision: 'S. 5' and 'section 5',
139c2245b92c74b44d8593c2,low,semantic_quality,heuristic,span labeled 'court_reasoning' contains counsel-submission phrasing (candidate: should possibly be 'arguments'),"7. It has been noticed that the afore-said argument of the learned counsel does not find support from the record. In the head note of the plaint it is specifically noted haqqul mehar Rs. 2000/-, gold "
139c2245b92c74b44d8593c2,low,metadata,heuristic,provisions_cited contains variant forms of the same provision: 'S. 10' and 'S.10',
139c2245b92c74b44d8593c2,low,metadata,heuristic,provisions_cited contains variant forms of the same provision: 'S. 10' and 'Section 10',
13aad105f5747cc7f8d83291,low,semantic_quality,heuristic,"final_order span text has no recognizable disposition wording (candidate: may be a reporter tag-line fragment, not the operative sentence)",Q.M.H./Z-109/S
13dcab15dd13139178fb05dc,low,semantic_quality,heuristic,"final_order span text has no recognizable disposition wording (candidate: may be a reporter tag-line fragment, not the operative sentence)",As the respondents have not contested the matter there shall be no order as to costs.
13dcab15dd13139178fb05dc,low,semantic_quality,heuristic,"final_order span text has no recognizable disposition wording (candidate: may be a reporter tag-line fragment, not the operative sentence)",K.M.A. Constitutional petition accepted.
13dcab15dd13139178fb05dc,low,metadata,heuristic,provisions_cited contains variant forms of the same provision: 'S. 25' and 'section 25',
13dcab15dd13139178fb05dc,low,metadata,heuristic,provisions_cited contains variant forms of the same provision: 'S. 14' and 'section 14',
13f37f2c940d9f6c3e626ac6,low,semantic_quality,heuristic,"final_order span text has no recognizable disposition wording (candidate: may be a reporter tag-line fragment, not the operative sentence)",AA./G‐452/L.????????????????????????????????????????????????????????????????????????? Petition accepted.
148f07bb76656f4fab2e3a53,low,semantic_quality,heuristic,span labeled 'court_reasoning' contains counsel-submission phrasing (candidate: should possibly be 'arguments'),From the above conclusions arrived at by the respondent No.2 it is quite clear that the present petitioner who was liable to maintain the respondent No.1 and the child has failed to do so and was liab
1496e835c469a306fc3b42fa,low,semantic_quality,heuristic,"final_order span text has no recognizable disposition wording (candidate: may be a reporter tag-line fragment, not the operative sentence)",Q.M.H./M.A.K./A‐308/L
1496e835c469a306fc3b42fa,low,metadata,heuristic,provisions_cited contains variant forms of the same provision: 'Ss. 1' and 'section 1',
1496e835c469a306fc3b42fa,low,metadata,heuristic,provisions_cited contains variant forms of the same provision: 'Art. 199' and 'Art.199',
149cb0b4b47aef969ea14867,low,metadata,heuristic,provisions_cited contains variant forms of the same provision: 'S. 25' and 'Section 25',
14bdd6de27d277f69bababba,low,metadata,heuristic,provisions_cited contains variant forms of the same provision: 'S. 5' and 'S.5',
14bdd6de27d277f69bababba,low,metadata,heuristic,provisions_cited contains variant forms of the same provision: 'S. 5' and 'section 5',
14bf0ad436fce6996a78ba64,low,metadata,heuristic,provisions_cited contains variant forms of the same provision: 'S.35' and 'section 35',
14cc66774ca33f47da6a6356,low,metadata,heuristic,provisions_cited contains variant forms of the same provision: 'S.17' and 'section 17',
14d08f67afeb8920d59f8589,low,metadata,heuristic,provisions_cited contains variant forms of the same provision: 'Ss. 2' and 'Section 2',
14d08f67afeb8920d59f8589,low,metadata,heuristic,provisions_cited contains variant forms of the same provision: 'Ss. 2' and 'S.2',
14d08f67afeb8920d59f8589,low,metadata,heuristic,provisions_cited contains variant forms of the same provision: 'Ss. 2' and 'S. 2',
14d08f67afeb8920d59f8589,low,metadata,heuristic,provisions_cited contains variant forms of the same provision: 'Section 6' and 'S.6',
14d08f67afeb8920d59f8589,low,metadata,heuristic,provisions_cited contains variant forms of the same provision: 'Ss. 2' and 'section 2',
14d08f67afeb8920d59f8589,low,metadata,heuristic,provisions_cited contains variant forms of the same provision: 'Section 6' and 'S. 6',
14d08f67afeb8920d59f8589,low,metadata,heuristic,provisions_cited contains variant forms of the same provision: 'S.5' and 'S. 5',
14dc4893370daff561c0b3a5,low,semantic_quality,heuristic,"final_order span text has no recognizable disposition wording (candidate: may be a reporter tag-line fragment, not the operative sentence)",8. These are reasons of our short order dated 29-9-2010.
14dc4893370daff561c0b3a5,low,metadata,heuristic,provisions_cited contains variant forms of the same provision: 'Ss. 3' and 'Ss.3',
14dc4893370daff561c0b3a5,low,metadata,heuristic,provisions_cited contains variant forms of the same provision: 'Ss. 3' and 'section 3',
1521422e66f0e26dee0eb287,low,metadata,heuristic,provisions_cited contains variant forms of the same provision: 'S.10' and 'section 10',
1521422e66f0e26dee0eb287,low,metadata,heuristic,provisions_cited contains variant forms of the same provision: 'Ss. 5' and 'section 5',
1521422e66f0e26dee0eb287,low,metadata,heuristic,provisions_cited contains variant forms of the same provision: 'Art.199' and 'Art. 199',
1545b73b6433b9ebcdbcca05,low,metadata,heuristic,provisions_cited contains variant forms of the same provision: 'S. 491' and 'section 491',
1545b73b6433b9ebcdbcca05,low,metadata,heuristic,provisions_cited contains variant forms of the same provision: 'sections 4' and 'section 4',
1591cb82f307de637feba427,low,metadata,heuristic,provisions_cited contains variant forms of the same provision: 'S. 25' and 'Section 25',
1591cb82f307de637feba427,low,metadata,heuristic,provisions_cited contains variant forms of the same provision: 'S. 25' and 'section 25',
15b4ca5a16ef89298c560df8,low,metadata,heuristic,provisions_cited contains variant forms of the same provision: 'S. 18' and 'S.18',
15b4ca5a16ef89298c560df8,low,metadata,heuristic,provisions_cited contains variant forms of the same provision: 'S. 18' and 'section 18',
15bfa9bc1de8f7cb4a62018b,low,metadata,heuristic,provisions_cited contains variant forms of the same provision: 'S. 17' and 'S.17',
15bfa9bc1de8f7cb4a62018b,low,metadata,heuristic,provisions_cited contains variant forms of the same provision: 'S. 17' and 'section 17',
15e0969ca0f0fa564c597791,low,metadata,heuristic,provisions_cited contains variant forms of the same provision: 'S. 7' and 'section 7',
15e0969ca0f0fa564c597791,low,metadata,heuristic,provisions_cited contains variant forms of the same provision: 'S. 19' and 'section 19',
15e0969ca0f0fa564c597791,low,metadata,heuristic,provisions_cited contains variant forms of the same provision: 'S. 3' and 'Section 3',
15fea84845220a64c350fd31,low,metadata,heuristic,provisions_cited contains variant forms of the same provision: 'S.11' and 'section 11',
16120a2c2e7d033cc7f4d0b4,low,semantic_quality,heuristic,quoted_material span has no quotation marks or sub-item markers (candidate: possible mislabel),"Then, the learned Judge, simply divided the above amount. By five and has awarded Rs.34,000 as maintenance to the minor. But subject to certain conditions, which are mentioned in paragraph No.10 of th"
163267fd5d4e2c2fadc90179,low,semantic_quality,heuristic,"final_order span text has no recognizable disposition wording (candidate: may be a reporter tag-line fragment, not the operative sentence)",***
1633768cb7781b855aab2401,low,metadata,heuristic,provisions_cited contains variant forms of the same provision: 'S.11' and 'Section 11',
1633768cb7781b855aab2401,low,metadata,heuristic,provisions_cited contains variant forms of the same provision: 'S.11' and 'section 11',
1633768cb7781b855aab2401,low,metadata,heuristic,provisions_cited contains variant forms of the same provision: 'S.17' and 'section 17',
163cb65207b529b35aa4b837,low,semantic_quality,heuristic,quoted_material span has no quotation marks or sub-item markers (candidate: possible mislabel),"14. Dual citizenship or nationality not permitted. - (1) Subject to the provisions of this section if any person is a citizen of Pakistan under the provisions of this Act, and is at the same time a ci"
163cb65207b529b35aa4b837,low,semantic_quality,heuristic,quoted_material span has no quotation marks or sub-item markers (candidate: possible mislabel),"The removal or the retention of a child is to be considered wrongful where -

a) it is in breach of rights of custody attributed to a person, an institution or any other body, either jointly or alone,"
163cb65207b529b35aa4b837,low,semantic_quality,heuristic,"final_order span text has no recognizable disposition wording (candidate: may be a reporter tag-line fragment, not the operative sentence)","26. Copy of this judgment be forwarded to the Director General, Emigration and Passport, FIA, Secretary, Ministry of Interior and to the Embassy of Poland in Pakistan for reference purposes."
163cb65207b529b35aa4b837,low,metadata,heuristic,provisions_cited contains variant forms of the same provision: 'S. 491' and 'Section 491',
1656d8633251676fdc807717,low,metadata,heuristic,provisions_cited contains variant forms of the same provision: 'S.17' and 'S. 17',
1656d8633251676fdc807717,low,metadata,heuristic,provisions_cited contains variant forms of the same provision: 'S.17' and 'Section 17',
1656d8633251676fdc807717,low,metadata,heuristic,provisions_cited contains variant forms of the same provision: 'S.17' and 'section 17',
167c62d9faeea2553c63b80d,low,semantic_quality,heuristic,span labeled 'court_reasoning' contains counsel-submission phrasing (candidate: should possibly be 'arguments'),"2. Mr. Syed Hassan Asghar Rizvi, learned counsel for the petitioner submitted that an appeal is a continuation of a suit and unless there are specific provisions for payment of different court‐fees, t"
167c62d9faeea2553c63b80d,low,metadata,heuristic,provisions_cited contains variant forms of the same provision: 'S. 7' and 'section 7',
167c62d9faeea2553c63b80d,low,metadata,heuristic,provisions_cited contains variant forms of the same provision: 'S.19' and 'section 19',
167c62d9faeea2553c63b80d,low,metadata,heuristic,provisions_cited contains variant forms of the same provision: 'S.6' and 'section 6',
167c62d9faeea2553c63b80d,low,metadata,heuristic,provisions_cited contains variant forms of the same provision: 'S. 14' and 'section 14',
1721067992d7ae1a9fc55d29,low,metadata,heuristic,provisions_cited contains variant forms of the same provision: 'S. 14' and 'section 14',
1721067992d7ae1a9fc55d29,low,metadata,heuristic,provisions_cited contains variant forms of the same provision: 'S. 14' and 'Section 14',
177ad37328d142db2075b299,low,metadata,heuristic,provisions_cited contains variant forms of the same provision: 'S. 7' and 'S.7',
177ad37328d142db2075b299,low,metadata,heuristic,provisions_cited contains variant forms of the same provision: 'S. 7' and 'section 7',
177ad37328d142db2075b299,low,metadata,heuristic,provisions_cited contains variant forms of the same provision: 'S.17' and 'section 17',
177dbfa9f6115c8c4bb0cdcf,low,semantic_quality,heuristic,quoted_material span has no quotation marks or sub-item markers (candidate: possible mislabel),"7. In Black's Law Dictionary, Fifth Edition, page 748, jactitation of marriage has been defined as under:

Jactitation. ‐‐Boasting of something which is challenged by another. A false boasting; a fals"
177dbfa9f6115c8c4bb0cdcf,low,semantic_quality,heuristic,quoted_material span has no quotation marks or sub-item markers (candidate: possible mislabel),"8. In Wharton's Law Lexicon to Fourteen Edition page 53f,, 'it is stated as under:‐

Jactitation.‐‐The suit of jactitation of marriage (jactitation is matrimoni causa). When a person falsely boasts th"
177dbfa9f6115c8c4bb0cdcf,low,semantic_quality,heuristic,quoted_material span has no quotation marks or sub-item markers (candidate: possible mislabel),"Men are the protectors

And maintainers of women,

Because Allah has given

The one more (strength)

Than the other, and because

They support them

From their means.

Therefore, the righteous women

"
177dbfa9f6115c8c4bb0cdcf,low,semantic_quality,heuristic,quoted_material span has no quotation marks or sub-item markers (candidate: possible mislabel),"Unable to keep the limits

Ordained by Allah,

There is no blame on either

Of them if she give

Something for her freedom.

These are the limits Ordained by Allah;

So do not transgress them.

If any"
177dbfa9f6115c8c4bb0cdcf,low,semantic_quality,heuristic,quoted_material span has no quotation marks or sub-item markers (candidate: possible mislabel),"But solemnly rehearse

Allah's favours on you

And the fact that He

Sent down to you

The Book

And Wisdom,

For your instruction.

And fear Allah,

And know that Allah

Is well‐acquainted

With all "
177dbfa9f6115c8c4bb0cdcf,low,semantic_quality,heuristic,quoted_material span has no quotation marks or sub-item markers (candidate: possible mislabel),"On you if ye make

An offer of betrothal

Or hold it in your hearts.

Allah knows that ye

Cherish them in your hearts:

But do not make a secret contract

With them except in terms

Honourable, nor r"
177dbfa9f6115c8c4bb0cdcf,low,semantic_quality,heuristic,quoted_material span has no quotation marks or sub-item markers (candidate: possible mislabel),"And do not forget

Liberality between yourselves.

For Allah sees well

All that ye do. (11:237)

For divorce women

Maintenance (should be provided)

On a reasonable (scale).

This is a duty

On the "
177dbfa9f6115c8c4bb0cdcf,low,semantic_quality,heuristic,quoted_material span has no quotation marks or sub-item markers (candidate: possible mislabel),"Thou knowest not if

Perchance Allah will

Bring about thereafter

Some new situation. (LXV:l)

Thus, when they fulfil

Their term appointed

Either take them back

on quitable terms

And take for wit"
177dbfa9f6115c8c4bb0cdcf,low,semantic_quality,heuristic,quoted_material span has no quotation marks or sub-item markers (candidate: possible mislabel),"His reward. (LXV:5)

Let the women live

(In liddat,) in the same

Style as ye live,

According to your means

Annoy them not, So as

To

restrict them."
177dbfa9f6115c8c4bb0cdcf,low,semantic_quality,heuristic,quoted_material span has no quotation marks or sub-item markers (candidate: possible mislabel),"And if they carry (Life

In their wombs), then

Spend (your substance) on them

Until they deliver

Their burden and if

They suckle your (offspring),

Give them their recompense:

And take mutual cou"
177dbfa9f6115c8c4bb0cdcf,low,semantic_quality,heuristic,span labeled 'findings' contains counsel-submission phrasing (candidate: should possibly be 'arguments'),"110. As regards ""the presence of witnesses at the time of pronouncement of Talaq, learned counsel for the petitioner submitted that the Talaq was firstly pronounced orally in the presence of two male "
177dbfa9f6115c8c4bb0cdcf,low,metadata,heuristic,provisions_cited contains variant forms of the same provision: 'S. 7' and 'S.7',
177dbfa9f6115c8c4bb0cdcf,low,metadata,heuristic,provisions_cited contains variant forms of the same provision: 'S. 3' and 'S.3',
177dbfa9f6115c8c4bb0cdcf,low,metadata,heuristic,provisions_cited contains variant forms of the same provision: 'S. 3' and 'section 3',
177dbfa9f6115c8c4bb0cdcf,low,metadata,heuristic,provisions_cited contains variant forms of the same provision: 'S. 7' and 'Section 7',
177dbfa9f6115c8c4bb0cdcf,low,metadata,heuristic,provisions_cited contains variant forms of the same provision: 'S. 7' and 'section 7',
177dbfa9f6115c8c4bb0cdcf,low,metadata,heuristic,provisions_cited contains variant forms of the same provision: 'S. 5' and 'section 5',
177dbfa9f6115c8c4bb0cdcf,low,metadata,heuristic,provisions_cited contains variant forms of the same provision: 'S. 17' and 'section 17',
177dbfa9f6115c8c4bb0cdcf,low,metadata,heuristic,provisions_cited contains variant forms of the same provision: 'S. 2' and 'section 2',
177dbfa9f6115c8c4bb0cdcf,low,metadata,heuristic,provisions_cited contains variant forms of the same provision: 'Art. 2' and 'Art.2',
177dbfa9f6115c8c4bb0cdcf,low,metadata,heuristic,provisions_cited contains variant forms of the same provision: 'Article 2' and 'Article. 2',
1782fdc21be1d4739c9f2cce,low,semantic_quality,heuristic,"final_order span text has no recognizable disposition wording (candidate: may be a reporter tag-line fragment, not the operative sentence)",Court on 20-12-1984. In case she fails to enter appearance on the date fixed learned District Judge is directed to issue a fresh notice to her.
1782fdc21be1d4739c9f2cce,low,semantic_quality,heuristic,"final_order span text has no recognizable disposition wording (candidate: may be a reporter tag-line fragment, not the operative sentence)",M.Y.H. Petition accepted.
181a3297eac7a1afd6996ec4,low,metadata,heuristic,provisions_cited contains variant forms of the same provision: 'Art. 199' and 'Art.199',
1829a9ba474722046220baba,low,metadata,heuristic,provisions_cited contains variant forms of the same provision: 'S. 14' and 'section 14',
18598eaa4fde4ad12fa5e1af,low,metadata,heuristic,provisions_cited contains variant forms of the same provision: 'S.7' and 'section 7',
18598eaa4fde4ad12fa5e1af,low,metadata,heuristic,provisions_cited contains variant forms of the same provision: 'S.7' and 'Section 7',
185a36c3c17edbc41820c216,low,metadata,heuristic,provisions_cited contains variant forms of the same provision: 'S. 7' and 'section 7',
185a36c3c17edbc41820c216,low,metadata,heuristic,provisions_cited contains variant forms of the same provision: 'S. 21' and 'section 21',
185a36c3c17edbc41820c216,low,metadata,heuristic,provisions_cited contains variant forms of the same provision: 'S. 7' and 'Ss. 7',
185a36c3c17edbc41820c216,low,metadata,heuristic,provisions_cited contains variant forms of the same provision: 'S. 21' and 'Section 21',
185a36c3c17edbc41820c216,low,metadata,heuristic,provisions_cited contains variant forms of the same provision: 'S. 488' and 'section 488',
185a36c3c17edbc41820c216,low,metadata,heuristic,provisions_cited contains variant forms of the same provision: 'S. 11' and 'section 11',
185a36c3c17edbc41820c216,low,metadata,heuristic,provisions_cited contains variant forms of the same provision: 'S. 115' and 'section 115',
18c7145b3f4c0fd5023292ba,low,metadata,heuristic,provisions_cited contains variant forms of the same provision: 'S. 10' and 'S.10',
18c7145b3f4c0fd5023292ba,low,metadata,heuristic,provisions_cited contains variant forms of the same provision: 'S. 10' and 'section 10',
18c7145b3f4c0fd5023292ba,low,metadata,heuristic,provisions_cited contains variant forms of the same provision: 'S. 10' and 'Section 10',
18c7145b3f4c0fd5023292ba,low,metadata,heuristic,provisions_cited contains variant forms of the same provision: 'S.12' and 'Section 12',
18da378d8ddebdb73058c927,low,semantic_quality,heuristic,"final_order span text has no recognizable disposition wording (candidate: may be a reporter tag-line fragment, not the operative sentence)","JAMALUDDIN H. AHMAD, J.-I agree."
18f22bb0888418c696dc4726,low,metadata,heuristic,provisions_cited contains variant forms of the same provision: 'S. 14' and 'section 14',
19638afe7a3a8934b8f38630,low,semantic_quality,heuristic,quoted_material span has no quotation marks or sub-item markers (candidate: possible mislabel),"227. But if their intention Is firm for divorce, Allah heareth, And knoweth all things. 228. Divorced women Shall wait concerning themselves For three monthly periods. Nor is it lawful for them To hid"
19638afe7a3a8934b8f38630,low,semantic_quality,heuristic,quoted_material span has no quotation marks or sub-item markers (candidate: possible mislabel),"Further guidance in this regard can be taken from the Sunnah of Holy Prophet from hadith No. 235 of Bukhari Sharif, which h reads as under:-"
19638afe7a3a8934b8f38630,low,semantic_quality,heuristic,quoted_material span has no quotation marks or sub-item markers (candidate: possible mislabel),"Section 105 Chapter XII of the Code of Muslim Personal Law (written by Dr. Tanzil-ur-Rehman, Ex-Judge of Sindh High Court Volume 1) the Delegation of right of Divorce (Tafwid at-Talaq) is described wh"
19638afe7a3a8934b8f38630,low,semantic_quality,heuristic,quoted_material span has no quotation marks or sub-item markers (candidate: possible mislabel),"Delegation of the right of divorce: It is lawful for the husband to delegate to the wife the right of effecting divorce. In that event, however, his own right of effecting divorce shall not lapse."
19638afe7a3a8934b8f38630,low,metadata,heuristic,provisions_cited contains variant forms of the same provision: 'S.7' and 'Section 7',
19638afe7a3a8934b8f38630,low,metadata,heuristic,provisions_cited contains variant forms of the same provision: 'S.105' and 'Section 105',
19638afe7a3a8934b8f38630,low,metadata,heuristic,provisions_cited contains variant forms of the same provision: 'S.7' and 'S. 7',
19c6da49c09d2e4dec423ea1,low,metadata,heuristic,provisions_cited contains variant forms of the same provision: 'Ss. 17' and 'Section 17',
19c6da49c09d2e4dec423ea1,low,metadata,heuristic,provisions_cited contains variant forms of the same provision: 'Ss. 17' and 'section 17',
19db0f45cb4e8cd70cfb4d06,low,metadata,heuristic,provisions_cited contains variant forms of the same provision: 'S.5' and 'section 5',
19e768bdf34d0edf10e5bd12,low,metadata,heuristic,provisions_cited contains variant forms of the same provision: 'S.14' and 'section 14',
1a070cf079d233402c3a2852,low,semantic_quality,heuristic,quoted_material span has no quotation marks or sub-item markers (candidate: possible mislabel),"Finding of the Family Court

This witness also produced order dated 17--3-2006, with final minutes of settlement as Exh.P.1. Since learned counsel for the defendants had raised objection on the admiss"
1a070cf079d233402c3a2852,low,metadata,heuristic,provisions_cited contains variant forms of the same provision: 'Art. 185' and 'Art.185',
1a2f63e68a58b266b0f9a6e1,low,semantic_quality,heuristic,quoted_material span has no quotation marks or sub-item markers (candidate: possible mislabel),(Emphasis supplied)
1a2f63e68a58b266b0f9a6e1,low,semantic_quality,heuristic,quoted_material span has no quotation marks or sub-item markers (candidate: possible mislabel),(Emphasis supplied)
1a85ea8b5b5a1321f3b445c6,low,metadata,heuristic,provisions_cited contains variant forms of the same provision: 'S.5' and 'section 5',
1a85ea8b5b5a1321f3b445c6,low,metadata,heuristic,provisions_cited contains variant forms of the same provision: 'Ss. 2' and 'Sections 2',
1a85ea8b5b5a1321f3b445c6,low,metadata,heuristic,provisions_cited contains variant forms of the same provision: 'S.5' and 'Section 5',
1a85ea8b5b5a1321f3b445c6,low,metadata,heuristic,provisions_cited contains variant forms of the same provision: 'Ss. 2' and 'Section 2',
1ac33a3b14e84c63a6dc01eb,low,metadata,heuristic,provisions_cited contains variant forms of the same provision: 'S. 8' and 'section 8',
1ac33a3b14e84c63a6dc01eb,low,metadata,heuristic,provisions_cited contains variant forms of the same provision: 'S. 7' and 'section 7',
1ad6dc8578b53f77be064b94,low,semantic_quality,heuristic,"final_order span text has no recognizable disposition wording (candidate: may be a reporter tag-line fragment, not the operative sentence)",M.B.A./M‐593/L
1ad6dc8578b53f77be064b94,low,metadata,heuristic,provisions_cited contains variant forms of the same provision: 'S.9' and 'section 9',
1ad6dc8578b53f77be064b94,low,metadata,heuristic,provisions_cited contains variant forms of the same provision: 'S.9' and 'Section 9',
1af6d5942a23816edbb4d1df,low,semantic_quality,heuristic,"final_order span text has no recognizable disposition wording (candidate: may be a reporter tag-line fragment, not the operative sentence)",M.Y.H.???????????????????????
1b02aafae3712012c46c4182,low,semantic_quality,heuristic,quoted_material span has no quotation marks or sub-item markers (candidate: possible mislabel),"6. To appreciate the aforesaid proposition, it is expedient to have glance over Section 10 of the Family Courts Act, 1964. For convenience sake, the aforesaid provision is reproduced as under:-

Pre-t"
1b02aafae3712012c46c4182,low,metadata,heuristic,provisions_cited contains variant forms of the same provision: 'S. 2' and 'S.2',
1b02aafae3712012c46c4182,low,metadata,heuristic,provisions_cited contains variant forms of the same provision: 'Ss.5' and 'S.5',
1b02aafae3712012c46c4182,low,metadata,heuristic,provisions_cited contains variant forms of the same provision: 'S. 14' and 'section 14',
1b02aafae3712012c46c4182,low,metadata,heuristic,provisions_cited contains variant forms of the same provision: 'S. 2' and 'Section 2',
1b18ed5e7b159e4c64e0fb04,low,semantic_quality,heuristic,"final_order span text has no recognizable disposition wording (candidate: may be a reporter tag-line fragment, not the operative sentence)",A.A./G‐75/L Petition accepted
1b2d936e1679116e1a3cd84c,low,metadata,heuristic,provisions_cited contains variant forms of the same provision: 'S.10' and 'section 10',
1b34493b857ef30710a21e84,low,metadata,heuristic,provisions_cited contains variant forms of the same provision: 'S.7' and 'Section 7',
1b34493b857ef30710a21e84,low,metadata,heuristic,provisions_cited contains variant forms of the same provision: 'S.7' and 'section 7',
1b4134e3ed75330a8298db05,low,metadata,heuristic,provisions_cited contains variant forms of the same provision: 'S. 12' and 'Section 12',
1b4134e3ed75330a8298db05,low,metadata,heuristic,provisions_cited contains variant forms of the same provision: 'S. 12' and 'section 12',
1bcb063e6184d42e3f62c531,low,metadata,heuristic,provisions_cited contains variant forms of the same provision: 'S.10' and 'Section 10',
1be14df43ea3e32e9dd719dc,low,metadata,heuristic,provisions_cited contains variant forms of the same provision: 'S. 13' and 'Section 13',
1beb27a2e0ad6f62fb413f3d,low,semantic_quality,heuristic,quoted_material span has no quotation marks or sub-item markers (candidate: possible mislabel),"10. It is further evident from the record that previously application filed by the appellant's/applicant's was dismissed by the Honorable High Court of Balochistan, Quetta, in non-prosecution. Further"
1beb27a2e0ad6f62fb413f3d,low,semantic_quality,heuristic,quoted_material span has no quotation marks or sub-item markers (candidate: possible mislabel),[Emphasis supplied]
1beb27a2e0ad6f62fb413f3d,low,semantic_quality,heuristic,quoted_material span has no quotation marks or sub-item markers (candidate: possible mislabel),"Custody matters are always sensitive and require a great deal of care as the court has to weigh in all factors in order to determine where the welfare of the minor lies. In cases of remarriage, circum"
1beb27a2e0ad6f62fb413f3d,low,semantic_quality,heuristic,quoted_material span has no quotation marks or sub-item markers (candidate: possible mislabel),[Underline is ours]
1beb27a2e0ad6f62fb413f3d,low,semantic_quality,heuristic,quoted_material span has no quotation marks or sub-item markers (candidate: possible mislabel),"17. Provisions of Evidence Act and Code of Civil Procedure not to apply. Save as otherwise expressly provided by or under this Act, the provisions of the [Qanun-e-Shahadat, 1984 (P.O. No. 10 of 1984)]"
1beb27a2e0ad6f62fb413f3d,low,metadata,heuristic,provisions_cited contains variant forms of the same provision: 'S. 11' and 'S.11',
1beb27a2e0ad6f62fb413f3d,low,metadata,heuristic,provisions_cited contains variant forms of the same provision: 'S.17' and 'section 17',
1beb27a2e0ad6f62fb413f3d,low,metadata,heuristic,provisions_cited contains variant forms of the same provision: 'S. 11' and 'section 11',
1beb27a2e0ad6f62fb413f3d,low,metadata,heuristic,provisions_cited contains variant forms of the same provision: 'S.17' and 'Section 17',
1bee45e95a2b4565fc6651b3,low,semantic_quality,heuristic,"final_order span text has no recognizable disposition wording (candidate: may be a reporter tag-line fragment, not the operative sentence)",AA./S-917/L petition accepted
1bee45e95a2b4565fc6651b3,low,metadata,heuristic,provisions_cited contains variant forms of the same provision: 'S.9' and 'Section 9',
1bee45e95a2b4565fc6651b3,low,metadata,heuristic,provisions_cited contains variant forms of the same provision: 'S.5' and 'section 5',
1bee45e95a2b4565fc6651b3,low,metadata,heuristic,provisions_cited contains variant forms of the same provision: 'S.9' and 'section 9',
1bee45e95a2b4565fc6651b3,low,metadata,heuristic,provisions_cited contains variant forms of the same provision: 'S.5' and 'Section 5',
1c237491a1947eb3b3b503d6,low,semantic_quality,heuristic,"final_order span text has no recognizable disposition wording (candidate: may be a reporter tag-line fragment, not the operative sentence)",A.A./N‐320/L Petition
1c237491a1947eb3b3b503d6,low,semantic_quality,heuristic,"final_order span text has no recognizable disposition wording (candidate: may be a reporter tag-line fragment, not the operative sentence)",accepted.
1c37249736da8ea2c9884fd7,low,semantic_quality,heuristic,"final_order span text has no recognizable disposition wording (candidate: may be a reporter tag-line fragment, not the operative sentence)",No order about costs.
1c45979f76dff8945689946b,low,metadata,heuristic,provisions_cited contains variant forms of the same provision: 'S.7' and 'S. 7',
1c45979f76dff8945689946b,low,metadata,heuristic,provisions_cited contains variant forms of the same provision: 'S.7' and 'section 7',
1cae918b8c919f5907a7013a,low,metadata,heuristic,provisions_cited contains variant forms of the same provision: 'S.17' and 'section 17',
1cae918b8c919f5907a7013a,low,metadata,heuristic,provisions_cited contains variant forms of the same provision: 'S.9' and 'section 9',
1cc87fb6395d59796b56284c,low,metadata,heuristic,provisions_cited contains variant forms of the same provision: 'S. 17' and 'section 17',
1d0a3afecc805e3d71cb54b9,low,semantic_quality,heuristic,quoted_material span has no quotation marks or sub-item markers (candidate: possible mislabel),"5. Jurisdiction. (1) Subject to provisions of the Muslim Family Laws Ordinance, 1961, and the Conciliation Courts Ordinance, 1961, the Family Courts shall have exclusive jurisdiction to entertain, hea"
1d0a3afecc805e3d71cb54b9,low,semantic_quality,heuristic,quoted_material span has no quotation marks or sub-item markers (candidate: possible mislabel),"12. Exercise by Civil Judges of Jurisdiction of District Courts in certain proceedings. (1) Notwithstanding anything contained in the Succession Act, 1925, the High Court may, by general or special or"
1d0a3afecc805e3d71cb54b9,low,semantic_quality,heuristic,quoted_material span has no quotation marks or sub-item markers (candidate: possible mislabel),Provided that no direction issued under this section shall empower any Court to exercise any powers or deal with any business beyond the limits of its jurisdiction.
1d0a3afecc805e3d71cb54b9,low,metadata,heuristic,provisions_cited contains variant forms of the same provision: 'S. 5' and 'section 5',
1d0a3afecc805e3d71cb54b9,low,metadata,heuristic,provisions_cited contains variant forms of the same provision: 'S. 12' and 'sections 12',
1d0a3afecc805e3d71cb54b9,low,metadata,heuristic,provisions_cited contains variant forms of the same provision: 'Section 3' and 'section 3',
1d0a3afecc805e3d71cb54b9,low,metadata,heuristic,provisions_cited contains variant forms of the same provision: 'S. 12' and 'Section 12',
1d0a3afecc805e3d71cb54b9,low,metadata,heuristic,provisions_cited contains variant forms of the same provision: 'S. 12' and 'section 12',
1d0a3afecc805e3d71cb54b9,low,metadata,heuristic,provisions_cited contains variant forms of the same provision: 'S. 15' and 'Section 15',
1d0a3afecc805e3d71cb54b9,low,metadata,heuristic,provisions_cited contains variant forms of the same provision: 'S. 15' and 'section 15',
1d0dfe1f35bac9be583a70f3,low,metadata,heuristic,provisions_cited contains variant forms of the same provision: 'S. 115' and 'Section 115',
1d674ef67199dc8739211d21,low,semantic_quality,heuristic,"final_order span text has no recognizable disposition wording (candidate: may be a reporter tag-line fragment, not the operative sentence)",Above are the reasons for short order dated 4-12-2012.
1e2a2ab83719ce2fc819dea8,low,semantic_quality,heuristic,"final_order span text has no recognizable disposition wording (candidate: may be a reporter tag-line fragment, not the operative sentence)","2. It is alleged in the grounds of revision that the jurisdic tion of the ordinary Criminal Courts under section 488, Cr. P. C. is ousted by reason of the provisions of the Family Courts Act, 1964. Ac"
1e2a2ab83719ce2fc819dea8,low,semantic_quality,heuristic,"final_order span text has no recognizable disposition wording (candidate: may be a reporter tag-line fragment, not the operative sentence)",Petition accepted.
1e2a2ab83719ce2fc819dea8,low,metadata,heuristic,provisions_cited contains variant forms of the same provision: 'S. 488' and 'section 488',
1e2a2ab83719ce2fc819dea8,low,metadata,heuristic,provisions_cited contains variant forms of the same provision: 'Section 20' and 'section 20',
1e2a2ab83719ce2fc819dea8,low,metadata,heuristic,provisions_cited contains variant forms of the same provision: 'Section 5' and 'section 5',
1e5199809631a86daf1208e1,low,metadata,heuristic,provisions_cited contains variant forms of the same provision: 'S. 17' and 'section 17',
1e5199809631a86daf1208e1,low,metadata,heuristic,provisions_cited contains variant forms of the same provision: 'S. 17' and 'Section 17',
1e9f3ff3820a4914be664e9f,low,semantic_quality,heuristic,"final_order span text has no recognizable disposition wording (candidate: may be a reporter tag-line fragment, not the operative sentence)",M.Y.H./M-753/K
1ece8e94f77d989ac989f618,low,metadata,heuristic,provisions_cited contains variant forms of the same provision: 'S.14' and 'Section 14',
1ed4a1a4e0432ec3caf1fd08,low,semantic_quality,heuristic,quoted_material span has no quotation marks or sub-item markers (candidate: possible mislabel),"12. As far as status of respondent is concerned, it is transpired from the file that neither the appellant nor the respondent had appeared in person before the court and both of them had produced evid"
1ed7f4d6e06bc8fd51fa27f3,low,metadata,heuristic,provisions_cited contains variant forms of the same provision: 'Section 14' and 'section 14',
1f07ee33ec051302856e2ed7,low,metadata,heuristic,provisions_cited contains variant forms of the same provision: 'S. 5' and 'S.5',
1f07ee33ec051302856e2ed7,low,metadata,heuristic,provisions_cited contains variant forms of the same provision: 'S. 5' and 'section 5',
1f07ee33ec051302856e2ed7,low,metadata,heuristic,provisions_cited contains variant forms of the same provision: 'S.3' and 'section 3',
1f1b5e0f528a3f8353807911,low,semantic_quality,heuristic,quoted_material span has no quotation marks or sub-item markers (candidate: possible mislabel),"(27) The first case in the Islamic history is that of Sabit Bin Qais (R. A), who was having unattractive complexion and short stature, therefore, his wife Jameela Bin Abi Bin Salul (R.A) made supplica"
1f1b5e0f528a3f8353807911,low,semantic_quality,heuristic,quoted_material span has no quotation marks or sub-item markers (candidate: possible mislabel),"On hearing these words, the Holy Prophet (P. B. U.H.) asked her as to whether she is ready to return the orchard which she has received from her husband to which she expressed willingness and then the"
1f287144dd8ffc4cd877b23a,low,metadata,heuristic,provisions_cited contains variant forms of the same provision: 'S.151' and 'S. 151',
1f287144dd8ffc4cd877b23a,low,metadata,heuristic,provisions_cited contains variant forms of the same provision: 'Ss. 2' and 'section 2',
1f287144dd8ffc4cd877b23a,low,metadata,heuristic,provisions_cited contains variant forms of the same provision: 'S.151' and 'section 151',
1fdc96ab80bd00b8373facba,low,metadata,heuristic,provisions_cited contains variant forms of the same provision: 'S.12' and 'section 12',
1fdc96ab80bd00b8373facba,low,metadata,heuristic,provisions_cited contains variant forms of the same provision: 'S.12' and 'S. 12',
1fe746550e1d111e7c77cf5c,low,metadata,heuristic,provisions_cited contains variant forms of the same provision: 'S. 10' and 'S.10',
1fe746550e1d111e7c77cf5c,low,metadata,heuristic,provisions_cited contains variant forms of the same provision: 'S. 10' and 'section 10',
1fe746550e1d111e7c77cf5c,low,metadata,heuristic,provisions_cited contains variant forms of the same provision: 'S. 10' and 'section. 10',
1ffd4e96327b7fe29e63f48d,low,metadata,heuristic,provisions_cited contains variant forms of the same provision: 'Art. 120' and 'Art.120',
203e9e4de06f18063981850f,low,metadata,heuristic,provisions_cited contains variant forms of the same provision: 'S. 2' and 'section 2',
2109524028600c535197f419,low,metadata,heuristic,provisions_cited contains variant forms of the same provision: 'S.8' and 'section 8',
211a8f204d4ed5b2c99b9923,low,semantic_quality,heuristic,"final_order span text has no recognizable disposition wording (candidate: may be a reporter tag-line fragment, not the operative sentence)","10. Before parting with this case, T must appreciate the assistance rendered to me by the learned Advocate‐General and Mr. Rafiq Ahmad Khan Bangash Advocate, who, at a short notice, gave me a valuable"
211a8f204d4ed5b2c99b9923,low,metadata,heuristic,provisions_cited contains variant forms of the same provision: 'section 3' and 'Section 3',
211a8f204d4ed5b2c99b9923,low,metadata,heuristic,provisions_cited contains variant forms of the same provision: 'section 15' and 'Section 15',
211a8f204d4ed5b2c99b9923,low,metadata,heuristic,provisions_cited contains variant forms of the same provision: 'S. 17' and 'section 17',
211a8f204d4ed5b2c99b9923,low,metadata,heuristic,provisions_cited contains variant forms of the same provision: 'Section 5' and 'section 5',
211b06d36486e5b69d9befde,low,metadata,heuristic,provisions_cited contains variant forms of the same provision: 'S.14' and 'section 14',
211b06d36486e5b69d9befde,low,metadata,heuristic,provisions_cited contains variant forms of the same provision: 'Art. 199' and 'Art.199',
2182dc69539c097275cef2d5,low,metadata,heuristic,provisions_cited contains variant forms of the same provision: 'S. 4' and 'section 4',
2182dc69539c097275cef2d5,low,metadata,heuristic,provisions_cited contains variant forms of the same provision: 'S. 4' and 'Section 4',
21946a1072db966bc0eaa516,low,metadata,heuristic,provisions_cited contains variant forms of the same provision: 'S.18' and 'section 18',
21946a1072db966bc0eaa516,low,metadata,heuristic,provisions_cited contains variant forms of the same provision: 'S.18' and 'Section 18',
21ae5edfcf81fbe40bf29923,low,semantic_quality,heuristic,quoted_material span has no quotation marks or sub-item markers (candidate: possible mislabel),"8. It will be advantageous to reproduce the contents of paras Nos. 1, 6 & 7 the plaint, which read as under:--"
2208ea4c7bfa0c78de2828ef,low,semantic_quality,heuristic,quoted_material span has no quotation marks or sub-item markers (candidate: possible mislabel),"The rights or shares of each and every Muslim inheritor in the estate of his/her deceased propositus is absolutely, conclusively and finally described /determined in the Holy Quran which shares are de"
2208ea4c7bfa0c78de2828ef,low,metadata,heuristic,provisions_cited contains variant forms of the same provision: 'S.5' and 'Section 5',
2208ea4c7bfa0c78de2828ef,low,metadata,heuristic,provisions_cited contains variant forms of the same provision: 'S.2' and 'Section 2',
2208ea4c7bfa0c78de2828ef,low,metadata,heuristic,provisions_cited contains variant forms of the same provision: 'Art.227' and 'Art. 227',
22b03fef68a2773bd65455ae,low,semantic_quality,heuristic,quoted_material span has no quotation marks or sub-item markers (candidate: possible mislabel),"'18. Appearance through agents.- If a person required under this Act to appear before a Family Court, otherwise than as a witness, is a pardah nashin lady, the Family Court may permit her to be repres"
22b03fef68a2773bd65455ae,low,metadata,heuristic,provisions_cited contains variant forms of the same provision: 'S.18' and 'Section 18',
22c1c44a9b987a0c5a4f5069,low,metadata,heuristic,provisions_cited contains variant forms of the same provision: 'S.19' and 'section 19',
22c1c44a9b987a0c5a4f5069,low,metadata,heuristic,provisions_cited contains variant forms of the same provision: 'S. 5' and 'section 5',
22c1c44a9b987a0c5a4f5069,low,metadata,heuristic,provisions_cited contains variant forms of the same provision: 'S. 5' and 'Section 5',
22c2552465f6e6806283e682,low,semantic_quality,heuristic,"final_order span text has no recognizable disposition wording (candidate: may be a reporter tag-line fragment, not the operative sentence)",No order as to costs.
22c2552465f6e6806283e682,low,metadata,heuristic,provisions_cited contains variant forms of the same provision: 'S.12' and 'section 12',
22f49ac397f6f24ebaa54c55,low,semantic_quality,heuristic,"final_order span text has no recognizable disposition wording (candidate: may be a reporter tag-line fragment, not the operative sentence)",A.A. Petition party accepted.
22f49ac397f6f24ebaa54c55,low,metadata,heuristic,provisions_cited contains variant forms of the same provision: 'S. 25' and 'section 25',
22f49ac397f6f24ebaa54c55,low,metadata,heuristic,provisions_cited contains variant forms of the same provision: 'S. 14' and 'section 14',
22f49ac397f6f24ebaa54c55,low,metadata,heuristic,provisions_cited contains variant forms of the same provision: 'S. 14' and 'Section 14',
2300ac558af9a4f09b0b7ae9,low,metadata,heuristic,provisions_cited contains variant forms of the same provision: 'Ss. 7' and 'S. 7',
2300ac558af9a4f09b0b7ae9,low,metadata,heuristic,provisions_cited contains variant forms of the same provision: 'Ss. 7' and 'S.7',
2300ac558af9a4f09b0b7ae9,low,metadata,heuristic,provisions_cited contains variant forms of the same provision: 'S.17' and 'Section 17',
2300ac558af9a4f09b0b7ae9,low,metadata,heuristic,provisions_cited contains variant forms of the same provision: 'Ss.10 & 11' and 'Ss. 10 & 11',
2300ac558af9a4f09b0b7ae9,low,metadata,heuristic,provisions_cited contains variant forms of the same provision: 'Ss. 7' and 'section 7',
2300ac558af9a4f09b0b7ae9,low,metadata,heuristic,provisions_cited contains variant forms of the same provision: 'S.17' and 'section 17',
233f0bf9f0547cc0e4305251,low,metadata,heuristic,provisions_cited contains variant forms of the same provision: 'S. 10' and 'section 10',
233f0bf9f0547cc0e4305251,low,metadata,heuristic,provisions_cited contains variant forms of the same provision: 'S. 10' and 'Section 10',
233f0bf9f0547cc0e4305251,low,metadata,heuristic,provisions_cited contains variant forms of the same provision: 'S. 14' and 'Section 14',
237c319b5e2e2e21eb3a757c,low,metadata,heuristic,provisions_cited contains variant forms of the same provision: 'Art. 199' and 'Art.199',
239abbfcb666694e190751c8,low,semantic_quality,heuristic,"final_order span text has no recognizable disposition wording (candidate: may be a reporter tag-line fragment, not the operative sentence)",Q.M.H./M.A.K./A‐127/L
23cdc5265254eb0a1293d1c5,low,metadata,heuristic,provisions_cited contains variant forms of the same provision: 'S. 5' and 'section 5',
23f72452f66867486fcf6303,low,semantic_quality,heuristic,"final_order span text has no recognizable disposition wording (candidate: may be a reporter tag-line fragment, not the operative sentence)",A.A./W‐16/L Petitions accepted.
240c0a7ecfba1c04273cc8d6,low,metadata,heuristic,provisions_cited contains variant forms of the same provision: 'S. 17' and 'Section 17',
240c0a7ecfba1c04273cc8d6,low,metadata,heuristic,provisions_cited contains variant forms of the same provision: 'Arts.17' and 'Arts. 17',
2425f25e6e54a82abc3f0d53,low,metadata,heuristic,provisions_cited contains variant forms of the same provision: 'S.17' and 'S. 17',
2425f25e6e54a82abc3f0d53,low,metadata,heuristic,provisions_cited contains variant forms of the same provision: 'Ss. 2' and 'section 2',
244cc0986e9f2fc3625b5353,low,metadata,heuristic,provisions_cited contains variant forms of the same provision: 'S. 5' and 'section 5',
248fa252f064e734647183d2,low,metadata,heuristic,provisions_cited contains variant forms of the same provision: 'S.6' and 'section 6',
24ace723f06738e5de066314,low,metadata,heuristic,provisions_cited contains variant forms of the same provision: 'Ss.10' and 'S.10',
24ace723f06738e5de066314,low,metadata,heuristic,provisions_cited contains variant forms of the same provision: 'Ss.10' and 'section 10',
24b6209b1fbffcd9ae3b418a,low,semantic_quality,heuristic,"final_order span text has no recognizable disposition wording (candidate: may be a reporter tag-line fragment, not the operative sentence)",H.B.T./K‐57/L. Petition accepted.
24c12e858eae4ac29f75dad8,low,metadata,heuristic,provisions_cited contains variant forms of the same provision: 'sections 4' and 'Section 4',
24c12e858eae4ac29f75dad8,low,metadata,heuristic,provisions_cited contains variant forms of the same provision: 'section 12' and 'Section 12',
24c12e858eae4ac29f75dad8,low,metadata,heuristic,provisions_cited contains variant forms of the same provision: 'S.25' and 'section 25',
24c12e858eae4ac29f75dad8,low,metadata,heuristic,provisions_cited contains variant forms of the same provision: 'Art. 203' and 'Art.203',
24d66b142495c88aaf8c2d13,low,metadata,heuristic,provisions_cited contains variant forms of the same provision: 'section 9' and 'Section 9',
24d66b142495c88aaf8c2d13,low,metadata,heuristic,provisions_cited contains variant forms of the same provision: 'Section 12' and 'S.12',
24d66b142495c88aaf8c2d13,low,metadata,heuristic,provisions_cited contains variant forms of the same provision: 'S. 17' and 'section 17',
24d66b142495c88aaf8c2d13,low,metadata,heuristic,provisions_cited contains variant forms of the same provision: 'section 9' and 'S.9',
24d66b142495c88aaf8c2d13,low,metadata,heuristic,provisions_cited contains variant forms of the same provision: 'Section 8' and 'section 8',
24d66b142495c88aaf8c2d13,low,metadata,heuristic,provisions_cited contains variant forms of the same provision: 'Section 7' and 'S.7',
24d66b142495c88aaf8c2d13,low,metadata,heuristic,provisions_cited contains variant forms of the same provision: 'Section 7' and 'section 7',
24d66b142495c88aaf8c2d13,low,metadata,heuristic,provisions_cited contains variant forms of the same provision: 'S. 17' and 'Section 17',
254d18a806d3be91524f3c0d,low,metadata,heuristic,provisions_cited contains variant forms of the same provision: 'Ss. 29' and 'S. 29',
254d18a806d3be91524f3c0d,low,metadata,heuristic,provisions_cited contains variant forms of the same provision: 'Ss. 4' and 'S. 4',
254d18a806d3be91524f3c0d,low,metadata,heuristic,provisions_cited contains variant forms of the same provision: 'S. 12' and 'Section 12',
254d18a806d3be91524f3c0d,low,metadata,heuristic,provisions_cited contains variant forms of the same provision: 'S. 25' and 'Section 25',
254d18a806d3be91524f3c0d,low,metadata,heuristic,provisions_cited contains variant forms of the same provision: 'S. 12' and 'section 12',
254d18a806d3be91524f3c0d,low,metadata,heuristic,provisions_cited contains variant forms of the same provision: 'S. 5' and 'section 5',
254d18a806d3be91524f3c0d,low,metadata,heuristic,provisions_cited contains variant forms of the same provision: 'S. 60' and 'section 60',
254d18a806d3be91524f3c0d,low,metadata,heuristic,provisions_cited contains variant forms of the same provision: 'Ss. 29' and 'section 29',
254d18a806d3be91524f3c0d,low,metadata,heuristic,provisions_cited contains variant forms of the same provision: 'S. 14' and 'section 14',
254d18a806d3be91524f3c0d,low,metadata,heuristic,provisions_cited contains variant forms of the same provision: 'Ss. 4' and 'section 4',
254d18a806d3be91524f3c0d,low,metadata,heuristic,provisions_cited contains variant forms of the same provision: 'S. 1' and 'section 1',
254d18a806d3be91524f3c0d,low,metadata,heuristic,provisions_cited contains variant forms of the same provision: 'S. 25' and 'section 25',
254d18a806d3be91524f3c0d,low,metadata,heuristic,provisions_cited contains variant forms of the same provision: 'Ss. 29' and 'Section 29',
254d18a806d3be91524f3c0d,low,metadata,heuristic,provisions_cited contains variant forms of the same provision: 'Ss. 29' and 'sections 29',
2599934c4e38e5f2b7757755,low,metadata,heuristic,provisions_cited contains variant forms of the same provision: 'Ss.25' and 'section 25',
2648fbeca29a575686c8ad97,low,semantic_quality,heuristic,"final_order span text has no recognizable disposition wording (candidate: may be a reporter tag-line fragment, not the operative sentence)","19. I also duly appreciate the assistance rendered by Mr. Muhammad Shafiq, Research Officer/Civil Judge 1st Class, Lahore High Court Multan Bench, Multan to deal with the issue discussed and dealt wit"
2648fbeca29a575686c8ad97,low,metadata,heuristic,provisions_cited contains variant forms of the same provision: 'S. 2' and 'Section 2',
2648fbeca29a575686c8ad97,low,metadata,heuristic,provisions_cited contains variant forms of the same provision: 'S.5' and 'Section 5',
2648fbeca29a575686c8ad97,low,metadata,heuristic,provisions_cited contains variant forms of the same provision: 'S.5' and 'section 5',
2660dce1ae7f699f93f0a0da,low,metadata,heuristic,provisions_cited contains variant forms of the same provision: 'S.14' and 'section 14',
2660dce1ae7f699f93f0a0da,low,metadata,heuristic,provisions_cited contains variant forms of the same provision: 'Art.199' and 'Art. 199',
2670965d45ebe56747d554ff,low,semantic_quality,heuristic,span labeled 'procedural_history' contains counsel-submission phrasing (candidate: should possibly be 'arguments'),"4. On appeal before the District Judge by Mst. Nasim Akhtar, the learned counsel for Noor Rehman respondent submitted that appeal was not competent and in this respect he referred to an unreported jud"
2670965d45ebe56747d554ff,low,semantic_quality,heuristic,"final_order span text has no recognizable disposition wording (candidate: may be a reporter tag-line fragment, not the operative sentence)",Petition accepted.
2670965d45ebe56747d554ff,low,metadata,heuristic,provisions_cited contains variant forms of the same provision: 'S. 14' and 'Section 14',
2670965d45ebe56747d554ff,low,metadata,heuristic,provisions_cited contains variant forms of the same provision: 'S. 2' and 'section 2',
2670965d45ebe56747d554ff,low,metadata,heuristic,provisions_cited contains variant forms of the same provision: 'S. 14' and 'section 14',
2696f4666a63ea4a032315b4,low,metadata,heuristic,provisions_cited contains variant forms of the same provision: 'S.9' and 'section 9',
2696f4666a63ea4a032315b4,low,metadata,heuristic,provisions_cited contains variant forms of the same provision: 'S.9' and 'S. 9',
2696f4666a63ea4a032315b4,low,metadata,heuristic,provisions_cited contains variant forms of the same provision: 'S.9' and 'SECTION 9',
2696f4666a63ea4a032315b4,low,metadata,heuristic,provisions_cited contains variant forms of the same provision: 'Section 5' and 'SECTION 5',
2696f4666a63ea4a032315b4,low,metadata,heuristic,provisions_cited contains variant forms of the same provision: 'section 21' and 'SECTION 21',
2696f4666a63ea4a032315b4,low,metadata,heuristic,provisions_cited contains variant forms of the same provision: 'S.8' and 'section 8',
2696f4666a63ea4a032315b4,low,metadata,heuristic,provisions_cited contains variant forms of the same provision: 'Art.199' and 'Art. 199',
2706fab190d64be6b9ce5e2b,low,metadata,heuristic,provisions_cited contains variant forms of the same provision: 'S. 5' and 'S.5',
271e7125df86baebc57dc205,low,metadata,heuristic,provisions_cited contains variant forms of the same provision: 'S.14' and 'S. 14',
271e7125df86baebc57dc205,low,metadata,heuristic,provisions_cited contains variant forms of the same provision: 'S.14' and 'Section 14',
271e7125df86baebc57dc205,low,metadata,heuristic,provisions_cited contains variant forms of the same provision: 'S.14' and 'section 14',
271e7125df86baebc57dc205,low,metadata,heuristic,provisions_cited contains variant forms of the same provision: 'Art.199' and 'Art. 199',
274662bb545e6f8ff927f112,low,semantic_quality,heuristic,"final_order span text has no recognizable disposition wording (candidate: may be a reporter tag-line fragment, not the operative sentence)","32. In order to ascertain as to what is the position in District Faisalabad with regard to the Community Development Program, which is a part of the Bait-ul-Maal Scheme, report was solicited from Dist"
274662bb545e6f8ff927f112,low,metadata,heuristic,provisions_cited contains variant forms of the same provision: 'S. 5' and 'Section 5',
274662bb545e6f8ff927f112,low,metadata,heuristic,provisions_cited contains variant forms of the same provision: 'S. 5' and 'section 5',
27c27fda0894011b02f798e1,low,metadata,heuristic,provisions_cited contains variant forms of the same provision: 'S.1' and 'Sections 1',
27c27fda0894011b02f798e1,low,metadata,heuristic,provisions_cited contains variant forms of the same provision: 'Section 14B' and 'section 14B',
27c27fda0894011b02f798e1,low,metadata,heuristic,provisions_cited contains variant forms of the same provision: 'S.1' and 'Section 1',
27c27fda0894011b02f798e1,low,metadata,heuristic,provisions_cited contains variant forms of the same provision: 'S. 5' and 'section 5',
27c27fda0894011b02f798e1,low,metadata,heuristic,provisions_cited contains variant forms of the same provision: 'S. 14' and 'section 14',
27c27fda0894011b02f798e1,low,metadata,heuristic,provisions_cited contains variant forms of the same provision: 'S. 14' and 'Section 14',
27e9ba73c5cb14d49ff5871e,low,semantic_quality,heuristic,"final_order span text has no recognizable disposition wording (candidate: may be a reporter tag-line fragment, not the operative sentence)",S. A. H. Reference and revision petition accepted.
27e9ba73c5cb14d49ff5871e,low,metadata,heuristic,provisions_cited contains variant forms of the same provision: 'S. 488' and 'section 488',
27e9ba73c5cb14d49ff5871e,low,metadata,heuristic,provisions_cited contains variant forms of the same provision: 'Section 5' and 'section 5',
27e9ba73c5cb14d49ff5871e,low,metadata,heuristic,provisions_cited contains variant forms of the same provision: 'Ss. 1' and 'section 1',
27e9ba73c5cb14d49ff5871e,low,metadata,heuristic,provisions_cited contains variant forms of the same provision: 'S. 488' and 'S.488',
27fa9958672a5f2602e56b1b,low,semantic_quality,heuristic,"final_order span text has no recognizable disposition wording (candidate: may be a reporter tag-line fragment, not the operative sentence)",The above are the reasons for the short order passed on 23‐2‐1986.
2823af6daeb4fcfdee351cd9,low,metadata,heuristic,provisions_cited contains variant forms of the same provision: 'S. 5' and 'Ss. 5',
2823af6daeb4fcfdee351cd9,low,metadata,heuristic,provisions_cited contains variant forms of the same provision: 'Art.199' and 'Art. 199',
2844bf4b73886745fac0557e,low,metadata,heuristic,provisions_cited contains variant forms of the same provision: 'Ss. 5' and 'Ss.5',
2844bf4b73886745fac0557e,low,metadata,heuristic,provisions_cited contains variant forms of the same provision: 'S. 14' and 'section 14',
2864345baceac1e973224393,low,metadata,heuristic,provisions_cited contains variant forms of the same provision: 'section 10' and 'Section 10',
2864345baceac1e973224393,low,metadata,heuristic,provisions_cited contains variant forms of the same provision: 'S. 19' and 'section 19',
28e67be6419c572946c31480,low,metadata,heuristic,provisions_cited contains variant forms of the same provision: 'Art.199' and 'Art. 199',
28f6c642a59317f2e1bf4706,low,metadata,heuristic,provisions_cited contains variant forms of the same provision: 'S.10' and 'S. 10',
28f6c642a59317f2e1bf4706,low,metadata,heuristic,provisions_cited contains variant forms of the same provision: 'S.10' and 'section 10',
28f6c642a59317f2e1bf4706,low,metadata,heuristic,provisions_cited contains variant forms of the same provision: 'S. 5' and 'section 5',
292b23772e65dc82cdcc71a9,low,metadata,heuristic,provisions_cited contains variant forms of the same provision: 'S.9' and 'section 9',
292b23772e65dc82cdcc71a9,low,metadata,heuristic,provisions_cited contains variant forms of the same provision: 'Ss. 5' and 'S. 5',
292b23772e65dc82cdcc71a9,low,metadata,heuristic,provisions_cited contains variant forms of the same provision: 'S.25' and 'section 25',
292ea7bf84a69d469a97cbd6,low,metadata,heuristic,provisions_cited contains variant forms of the same provision: 'S.5' and 'S. 5',
292ea7bf84a69d469a97cbd6,low,metadata,heuristic,provisions_cited contains variant forms of the same provision: 'S.13' and 'section 13',
294b0fdd655dca098967ff2a,low,semantic_quality,heuristic,"final_order span text has no recognizable disposition wording (candidate: may be a reporter tag-line fragment, not the operative sentence)",M.B.A./N-288/L????????????????????????????????????????????????????????????????????????????????? Petition accepted.
294b0fdd655dca098967ff2a,low,semantic_quality,heuristic,"final_order span text has no recognizable disposition wording (candidate: may be a reporter tag-line fragment, not the operative sentence)",?
29b530db3e553bf032a1b130,low,metadata,heuristic,provisions_cited contains variant forms of the same provision: 'S. 5' and 'S.5',
29b530db3e553bf032a1b130,low,metadata,heuristic,provisions_cited contains variant forms of the same provision: 'S. 5' and 'section 5',
29bfcc6f527f802fc7a821ec,low,semantic_quality,heuristic,"final_order span text has no recognizable disposition wording (candidate: may be a reporter tag-line fragment, not the operative sentence)",S. Q. Petition accepted.
29bfcc6f527f802fc7a821ec,low,metadata,heuristic,provisions_cited contains variant forms of the same provision: 'S. 488' and 'section 488',
29bfcc6f527f802fc7a821ec,low,metadata,heuristic,provisions_cited contains variant forms of the same provision: 'S. 14' and 'section 14',
29bfcc6f527f802fc7a821ec,low,metadata,heuristic,provisions_cited contains variant forms of the same provision: 'S. 151' and 'section 151',
2a2366d359bbc2e66e81d624,low,metadata,heuristic,provisions_cited contains variant forms of the same provision: 'Art.120' and 'Art. 120',
2a381e8c918e39a0d3b416d2,low,semantic_quality,heuristic,"final_order span text has no recognizable disposition wording (candidate: may be a reporter tag-line fragment, not the operative sentence)",S. Q. Petition accepted.
2a381e8c918e39a0d3b416d2,low,metadata,heuristic,provisions_cited contains variant forms of the same provision: 'Ss. 6' and 'section 6',
2a381e8c918e39a0d3b416d2,low,metadata,heuristic,provisions_cited contains variant forms of the same provision: 'Ss. 6' and 'Section 6',
2a381e8c918e39a0d3b416d2,low,metadata,heuristic,provisions_cited contains variant forms of the same provision: 'Section 7' and 'section 7',
2a381e8c918e39a0d3b416d2,low,metadata,heuristic,provisions_cited contains variant forms of the same provision: 'section 9' and 'Section 9',
2a610037b9e1d26c136bd2c7,low,metadata,heuristic,provisions_cited contains variant forms of the same provision: 'S. 5' and 'section 5',
2a63f98f32836c97e2d07725,low,metadata,heuristic,provisions_cited contains variant forms of the same provision: 'S. 5' and 'S.5',
2a63f98f32836c97e2d07725,low,metadata,heuristic,provisions_cited contains variant forms of the same provision: 'S. 5' and 'section 5',
2a63f98f32836c97e2d07725,low,metadata,heuristic,provisions_cited contains variant forms of the same provision: 'S. 5' and 'Section 5',
2a894a431ab0b9588a933172,low,metadata,heuristic,provisions_cited contains variant forms of the same provision: 'S. 9' and 'S.9',
2a894a431ab0b9588a933172,low,metadata,heuristic,provisions_cited contains variant forms of the same provision: 'S. 9' and 'Section 9',
2b0a70a1bcea245f3790a0dd,low,metadata,heuristic,provisions_cited contains variant forms of the same provision: 'S.5' and 'section 5',
2b0a70a1bcea245f3790a0dd,low,metadata,heuristic,provisions_cited contains variant forms of the same provision: 'S.9' and 'section 9',
2b1c265dd1f5237fa0fc2894,low,semantic_quality,heuristic,"final_order span text has no recognizable disposition wording (candidate: may be a reporter tag-line fragment, not the operative sentence)",SAK/380/P Order accordingl
2b1c265dd1f5237fa0fc2894,low,metadata,heuristic,provisions_cited contains variant forms of the same provision: 'S.10' and 'section 10',
2b1c265dd1f5237fa0fc2894,low,metadata,heuristic,provisions_cited contains variant forms of the same provision: 'S. 2' and 'Section 2',
2b1c265dd1f5237fa0fc2894,low,metadata,heuristic,provisions_cited contains variant forms of the same provision: 'S.10' and 'Section 10',
2b25d8496d8a9fa2b8df559b,low,metadata,heuristic,provisions_cited contains variant forms of the same provision: 'S. 14' and 'section 14',
2b25d8496d8a9fa2b8df559b,low,metadata,heuristic,provisions_cited contains variant forms of the same provision: 'S. 12' and 'section 12',
2b25d8496d8a9fa2b8df559b,low,metadata,heuristic,provisions_cited contains variant forms of the same provision: 'S. 9' and 'section 9',
2ba75a092fe78172597cb974,low,metadata,heuristic,provisions_cited contains variant forms of the same provision: 'S.278' and 'Section 278',
2ba75a092fe78172597cb974,low,metadata,heuristic,provisions_cited contains variant forms of the same provision: 'S.376' and 'Section 376',
2ba75a092fe78172597cb974,low,metadata,heuristic,provisions_cited contains variant forms of the same provision: 'S.383' and 'Section 383',
2bd51418a87a05d875f740a6,low,metadata,heuristic,provisions_cited contains variant forms of the same provision: 'S. 9' and 'S.9',
2bd51418a87a05d875f740a6,low,metadata,heuristic,provisions_cited contains variant forms of the same provision: 'S. 9' and 'section 9',
2bed0fa9000ecc9bd77dd356,low,semantic_quality,heuristic,"final_order span text has no recognizable disposition wording (candidate: may be a reporter tag-line fragment, not the operative sentence)",The parties to bear their own costs.
2bed0fa9000ecc9bd77dd356,low,semantic_quality,heuristic,"final_order span text has no recognizable disposition wording (candidate: may be a reporter tag-line fragment, not the operative sentence)",K. B. A. Appeal accepted.
2bed0fa9000ecc9bd77dd356,low,metadata,heuristic,provisions_cited contains variant forms of the same provision: 'S. 25' and 'section 25',
2bed0fa9000ecc9bd77dd356,low,metadata,heuristic,provisions_cited contains variant forms of the same provision: 'S. 488' and 'section 488',
2bed0fa9000ecc9bd77dd356,low,metadata,heuristic,provisions_cited contains variant forms of the same provision: 'S. 25' and 'Section 25',
2bed0fa9000ecc9bd77dd356,low,metadata,heuristic,provisions_cited contains variant forms of the same provision: 'section 14' and 'Section 14',
2bed0fa9000ecc9bd77dd356,low,metadata,heuristic,provisions_cited contains variant forms of the same provision: 'S. 47' and 'section 47',
2bed0fa9000ecc9bd77dd356,low,metadata,heuristic,provisions_cited contains variant forms of the same provision: 'S. 17' and 'section 17',
2c16ef552d60dd8fa98080c3,low,semantic_quality,heuristic,"final_order span text has no recognizable disposition wording (candidate: may be a reporter tag-line fragment, not the operative sentence)",AA./M-981/L
2c195e104eb72333c6eca05d,low,metadata,heuristic,provisions_cited contains variant forms of the same provision: 'S. 13' and 'section 13',
2c28c52015626ae6ae4aa087,low,metadata,heuristic,provisions_cited contains variant forms of the same provision: 'S.17' and 'Section 17',
2c3af65ed7c7ae13fe924636,low,metadata,heuristic,provisions_cited contains variant forms of the same provision: 'S.12' and 'section 12',
2c8a4179344826c9bc38ee2d,low,metadata,heuristic,provisions_cited contains variant forms of the same provision: 'Section 9' and 'S.9',
2c8d82f38c9f4921c3453122,low,metadata,heuristic,provisions_cited contains variant forms of the same provision: 'S. 5' and 'section 5',
2cbfc8ed5e33cdb830043f2e,low,metadata,heuristic,provisions_cited contains variant forms of the same provision: 'Ss.7' and 'section 7',
2cd83a10e82ff38c1a2f4729,low,metadata,heuristic,provisions_cited contains variant forms of the same provision: 'S.10' and 'S. 10',
2cd83a10e82ff38c1a2f4729,low,metadata,heuristic,provisions_cited contains variant forms of the same provision: 'S.10' and 'Section 10',
2cd83a10e82ff38c1a2f4729,low,metadata,heuristic,provisions_cited contains variant forms of the same provision: 'S. 5' and 'Section 5',
2d1aa2eea1b56094e4308817,low,metadata,heuristic,provisions_cited contains variant forms of the same provision: 'S. 10' and 'section 10',
2d1aa2eea1b56094e4308817,low,metadata,heuristic,provisions_cited contains variant forms of the same provision: 'S. 17' and 'section 17',
2d2f1b88a88a5a779dd724a8,low,metadata,heuristic,provisions_cited contains variant forms of the same provision: 'Ss. 10' and 'S.10',
2d2f1b88a88a5a779dd724a8,low,metadata,heuristic,provisions_cited contains variant forms of the same provision: 'Ss. 10' and 'section 10',
2d2f1b88a88a5a779dd724a8,low,metadata,heuristic,provisions_cited contains variant forms of the same provision: 'S.14' and 'section 14',
2d8f6a0fa0431f197db5e002,low,semantic_quality,heuristic,"final_order span text has no recognizable disposition wording (candidate: may be a reporter tag-line fragment, not the operative sentence)",H.B.T./76/Sh.C(AJK)
2d8f6a0fa0431f197db5e002,low,semantic_quality,heuristic,"final_order span text has no recognizable disposition wording (candidate: may be a reporter tag-line fragment, not the operative sentence)",Appeal accepted.
2d8f6a0fa0431f197db5e002,low,metadata,heuristic,provisions_cited contains variant forms of the same provision: 'S.5' and 'Section 5',
2ddb1053b38355cde861bd1b,low,semantic_quality,heuristic,"final_order span text has no recognizable disposition wording (candidate: may be a reporter tag-line fragment, not the operative sentence)",13. These are reasons for short order already announced on 1‐3‐1995.
2e20a7c3b6527e36ca44f5c5,low,semantic_quality,heuristic,"final_order span text has no recognizable disposition wording (candidate: may be a reporter tag-line fragment, not the operative sentence)",9. These are the reasons of our Short Order dated 16.04.2015.
2e20a7c3b6527e36ca44f5c5,low,metadata,heuristic,provisions_cited contains variant forms of the same provision: 'S. 5' and 'section 5',
2e4e9b54d52dfb7795dbd726,low,metadata,heuristic,provisions_cited contains variant forms of the same provision: 'S.5' and 'S. 5',
2e921e4c1081c16e06b7f355,low,metadata,heuristic,provisions_cited contains variant forms of the same provision: 'S.17' and 'section 17',
2ebba223953fa8919e43fd5f,low,metadata,heuristic,provisions_cited contains variant forms of the same provision: 'S. 2' and 'section 2',
2eeae27c6d7d532fe18a576b,low,semantic_quality,heuristic,quoted_material span has no quotation marks or sub-item markers (candidate: possible mislabel),"13. Hearing of evidence before making of order.

(1) On the day fixed for the hearing of the application, or as soon afterwards as may be, the Court shall hear such evidence as may be adduced in suppo"
2eeae27c6d7d532fe18a576b,low,semantic_quality,heuristic,quoted_material span has no quotation marks or sub-item markers (candidate: possible mislabel),"25. Family Court deemed to be a District Court for purposes of Guardians and Wards Act, 1890.

A Family Court shall be deemed to be a District Court for the purposes of the Guardians and Wards Act, 18"
2eeae27c6d7d532fe18a576b,low,metadata,heuristic,provisions_cited contains variant forms of the same provision: 'S.9' and 'S. 9',
2eeae27c6d7d532fe18a576b,low,metadata,heuristic,provisions_cited contains variant forms of the same provision: 'S. 13' and 'S.13',
2eeae27c6d7d532fe18a576b,low,metadata,heuristic,provisions_cited contains variant forms of the same provision: 'S. 13' and 'Section 13',
2eeae27c6d7d532fe18a576b,low,metadata,heuristic,provisions_cited contains variant forms of the same provision: 'S. 25' and 'section 25',
2eeae27c6d7d532fe18a576b,low,metadata,heuristic,provisions_cited contains variant forms of the same provision: 'S.9' and 'section 9',
2eeae27c6d7d532fe18a576b,low,metadata,heuristic,provisions_cited contains variant forms of the same provision: 'S. 13' and 'section 13',
2eeae27c6d7d532fe18a576b,low,metadata,heuristic,provisions_cited contains variant forms of the same provision: 'S. 25' and 'Section 25',
2eeae27c6d7d532fe18a576b,low,metadata,heuristic,provisions_cited contains variant forms of the same provision: 'S.9' and 'Section 9',
2ef911f0d2da18c03ef4c640,low,metadata,heuristic,provisions_cited contains variant forms of the same provision: 'S.25' and 'section 25',
2f058e72ef3a0956934e5436,low,semantic_quality,heuristic,quoted_material span has no quotation marks or sub-item markers (candidate: possible mislabel),"7. The aforesaid judgments clearly dispel the stance taken by the father that on account of the mother's second marriage, she has lost the right of custody over her four children. Time and again, this"
2f058e72ef3a0956934e5436,low,semantic_quality,heuristic,quoted_material span has no quotation marks or sub-item markers (candidate: possible mislabel),6. The basic issue is with reference to the custody sought by the mother for her four children. The emphasis by the father is on the mother's second marriage which it is argued disentitles her to cust
2f058e72ef3a0956934e5436,low,semantic_quality,heuristic,quoted_material span has no quotation marks or sub-item markers (candidate: possible mislabel),The Courts below while determining welfare of the Minor on the basis of evidence on record discarded the agreement qua custody of the Minor on the ground that custody of the Minor cannot be settled th
2f058e72ef3a0956934e5436,low,semantic_quality,heuristic,quoted_material span has no quotation marks or sub-item markers (candidate: possible mislabel),"Perusal of record reveals that the minor remained with her mother from her childhood; therefore, she is more familiar and akin to her mother as compared to her father. It transpires from the evidence "
2f058e72ef3a0956934e5436,low,metadata,heuristic,provisions_cited contains variant forms of the same provision: 'S. 17' and 'S.17',
2f058e72ef3a0956934e5436,low,metadata,heuristic,provisions_cited contains variant forms of the same provision: 'section 25' and 'Section 25',
2f058e72ef3a0956934e5436,low,metadata,heuristic,provisions_cited contains variant forms of the same provision: 'S. 17' and 'section 17',
2f058e72ef3a0956934e5436,low,metadata,heuristic,provisions_cited contains variant forms of the same provision: 'S. 17' and 'Section 17',
2f30b99727bf041976835e91,low,metadata,heuristic,provisions_cited contains variant forms of the same provision: 'S. 12' and 'section 12',
2f30b99727bf041976835e91,low,metadata,heuristic,provisions_cited contains variant forms of the same provision: 'S. 12' and 'SECTION 12',
2f30b99727bf041976835e91,low,metadata,heuristic,provisions_cited contains variant forms of the same provision: 'S. 12' and 'Section 12',
2f917efbb41817f786abfa84,low,semantic_quality,heuristic,"final_order span text has no recognizable disposition wording (candidate: may be a reporter tag-line fragment, not the operative sentence)",F.B./K-19/L???????????????????????????????????????????????????????????????????????????????????????? Petition accepted.
2f917efbb41817f786abfa84,low,metadata,heuristic,provisions_cited contains variant forms of the same provision: 'S.9' and 'section 9',
2fa2524cf3577e206faf9146,low,semantic_quality,heuristic,quoted_material span has no quotation marks or sub-item markers (candidate: possible mislabel),"5. The perusal of plaint revels that in Para No.3, the petitioner has stated as under:--

That the father of plaintiff belongs to well off family of the town and is an industrialist, thus the parents "
2fa2524cf3577e206faf9146,low,semantic_quality,heuristic,"final_order span text has no recognizable disposition wording (candidate: may be a reporter tag-line fragment, not the operative sentence)","As this is a family dispute therefore, a direction is given to the learned Judge Family Court to decide the matter within 4 months from the date of receipt of copy of order of this court without fail "
2fa2524cf3577e206faf9146,low,metadata,heuristic,provisions_cited contains variant forms of the same provision: 'Ss. 2' and 'Section 2',
2fa2524cf3577e206faf9146,low,metadata,heuristic,provisions_cited contains variant forms of the same provision: 'Ss. 2' and 'S. 2',
2fed9940e1ff84f420824ff6,low,metadata,heuristic,provisions_cited contains variant forms of the same provision: 'S.7' and 'section 7',
30069e5d1b96e11b7bb650d7,low,semantic_quality,heuristic,"final_order span text has no recognizable disposition wording (candidate: may be a reporter tag-line fragment, not the operative sentence)",F.B./M-122/L Petition accepted.
303463b1faf4c95135f9a486,low,metadata,heuristic,provisions_cited contains variant forms of the same provision: 'S. 10' and 'section 10',
303f06a2f00bb5281e498bc4,low,metadata,heuristic,provisions_cited contains variant forms of the same provision: 'S. 2' and 'section 2',
304d884414bc993a3301bcc6,low,semantic_quality,heuristic,span labeled 'procedural_history' contains counsel-submission phrasing (candidate: should possibly be 'arguments'),"2. Perusal of order dated 06.05.2016 passed by this Court in the instant petition reveals that on the said date, learned counsel for the petitioner contended that respondent No.1 had filed an applicat"
304d884414bc993a3301bcc6,low,metadata,heuristic,provisions_cited contains variant forms of the same provision: 'Ss.14' and 'section 14',
304d884414bc993a3301bcc6,low,metadata,heuristic,provisions_cited contains variant forms of the same provision: 'Ss.14' and 'sections 14',
304d884414bc993a3301bcc6,low,metadata,heuristic,provisions_cited contains variant forms of the same provision: 'Ss.14' and 'Section 14',
304d884414bc993a3301bcc6,low,metadata,heuristic,provisions_cited contains variant forms of the same provision: 'Section 17' and 'S.17',
30b7983e253ac024f2fa0c6f,low,semantic_quality,heuristic,quoted_material span has no quotation marks or sub-item markers (candidate: possible mislabel),"4. Qualifications of Judge: No person shall be appointed as a Judge of a Family Court unless he is or has been [10][or is qualified to be appointed as] a District Judge, an Additional District Judge, "
30b7983e253ac024f2fa0c6f,low,semantic_quality,heuristic,quoted_material span has no quotation marks or sub-item markers (candidate: possible mislabel),"2. The Government of Balochistan is further pleased to appoint the District and Sessions Judge of Kalat, Turbat, Khuzdar, Jaffarabad and Sibi to be Presidents of Court of Kalat, Turbat, Khuzdar, Jaffa"
30b7983e253ac024f2fa0c6f,low,semantic_quality,heuristic,quoted_material span has no quotation marks or sub-item markers (candidate: possible mislabel),"2. The Government of Balochistan is further pleased to appoint the District and Sessions Judges of Kalat, Turbat, Khuzdar, Jaffarabad and Sibi to be Presidents of Courts of Majlis-e-Shura, Kalat, Turb"
30b7983e253ac024f2fa0c6f,low,metadata,heuristic,provisions_cited contains variant forms of the same provision: 'S. 24' and 'Section 24',
30b7983e253ac024f2fa0c6f,low,metadata,heuristic,provisions_cited contains variant forms of the same provision: 'Section 14' and 'S. 14',
30b7983e253ac024f2fa0c6f,low,metadata,heuristic,provisions_cited contains variant forms of the same provision: 'Section 14' and 'S.14',
30b7983e253ac024f2fa0c6f,low,metadata,heuristic,provisions_cited contains variant forms of the same provision: 'Ss. 5' and 'S. 5',
30b7983e253ac024f2fa0c6f,low,metadata,heuristic,provisions_cited contains variant forms of the same provision: 'S. 2' and 'S.2',
30b7983e253ac024f2fa0c6f,low,metadata,heuristic,provisions_cited contains variant forms of the same provision: 'Section 14' and 'section 14',
30b7983e253ac024f2fa0c6f,low,metadata,heuristic,provisions_cited contains variant forms of the same provision: 'S. 2' and 'section 2',
30b7983e253ac024f2fa0c6f,low,metadata,heuristic,provisions_cited contains variant forms of the same provision: 'S. 24' and 'section 24',
30b7983e253ac024f2fa0c6f,low,metadata,heuristic,provisions_cited contains variant forms of the same provision: 'Ss. 5' and 'section 5',
30b7983e253ac024f2fa0c6f,low,metadata,heuristic,provisions_cited contains variant forms of the same provision: 'Art. 199' and 'Art.199',
312ba2bfaf8cc3dbb6d8eabc,low,metadata,heuristic,provisions_cited contains variant forms of the same provision: 'S.5' and 'S. 5',
313c86be2cfc62b06c3d768d,low,semantic_quality,heuristic,span labeled 'procedural_history' contains counsel-submission phrasing (candidate: should possibly be 'arguments'),"2. That on 24-10-2009, the above case was fixed for cross-examination of witnesses of respondent No.1. The clerk of the counsel for the petitioner informed the Court that the learned counsel is unable"
313c86be2cfc62b06c3d768d,low,semantic_quality,heuristic,"final_order span text has no recognizable disposition wording (candidate: may be a reporter tag-line fragment, not the operative sentence)",A.R.K./S-51/L Petition accepted.
313c86be2cfc62b06c3d768d,low,metadata,heuristic,provisions_cited contains variant forms of the same provision: 'S. 11' and 'section 11',
314dba383e666f87acd03726,low,metadata,heuristic,provisions_cited contains variant forms of the same provision: 'S. 5' and 'S.5',
3151947d207ce64c70f10582,low,metadata,heuristic,provisions_cited contains variant forms of the same provision: 'Art.79' and 'Art. 79',
3151947d207ce64c70f10582,low,metadata,heuristic,provisions_cited contains variant forms of the same provision: 'Art.129' and 'Art. 129',
31c77c34af749de5aeb1bc3d,low,metadata,heuristic,provisions_cited contains variant forms of the same provision: 'S.2' and 'S. 2',
31c77c34af749de5aeb1bc3d,low,metadata,heuristic,provisions_cited contains variant forms of the same provision: 'S.2' and 'section 2',
31ee2bab1526ad539edb13e7,low,semantic_quality,heuristic,"final_order span text has no recognizable disposition wording (candidate: may be a reporter tag-line fragment, not the operative sentence)","8. With these observations, this petition is accepted."
31ee2bab1526ad539edb13e7,low,semantic_quality,heuristic,"final_order span text has no recognizable disposition wording (candidate: may be a reporter tag-line fragment, not the operative sentence)",H.B.T./F-54/L Petition accepted.
31fe1643b1f03ba0829634bf,low,metadata,heuristic,provisions_cited contains variant forms of the same provision: 'S. 11' and 'S.11',
31fe1643b1f03ba0829634bf,low,metadata,heuristic,provisions_cited contains variant forms of the same provision: 'S. 5' and 'S.5',
31fe1643b1f03ba0829634bf,low,metadata,heuristic,provisions_cited contains variant forms of the same provision: 'S.14' and 'section 14',
31fe1643b1f03ba0829634bf,low,metadata,heuristic,provisions_cited contains variant forms of the same provision: 'S. 11' and 'section 11',
31fe1643b1f03ba0829634bf,low,metadata,heuristic,provisions_cited contains variant forms of the same provision: 'S.17' and 'section 17',
322f0dc75f932d420494a0a5,low,semantic_quality,heuristic,"final_order span text has no recognizable disposition wording (candidate: may be a reporter tag-line fragment, not the operative sentence)","The above are the reasons for my short order, dated 3‐8‐1998"
322f0dc75f932d420494a0a5,low,metadata,heuristic,provisions_cited contains variant forms of the same provision: 'S. 9' and 'section 9',
3275650945c9f79e6435806b,low,metadata,heuristic,provisions_cited contains variant forms of the same provision: 'Ss.19' and 'S.19',
3275650945c9f79e6435806b,low,metadata,heuristic,provisions_cited contains variant forms of the same provision: 'Ss.19' and 'section 19',
3275650945c9f79e6435806b,low,metadata,heuristic,provisions_cited contains variant forms of the same provision: 'Ss.19' and 'Section 19',
3275650945c9f79e6435806b,low,metadata,heuristic,provisions_cited contains variant forms of the same provision: 'Art. 17' and 'Art.17',
32d38781b8e2cef2f56e7e21,low,semantic_quality,heuristic,"final_order span text has no recognizable disposition wording (candidate: may be a reporter tag-line fragment, not the operative sentence)","6. However, before parting with the judgment, both the parents who are still tied in the martial bond are supposed to behave wisely just in the interest and welfare of the minor. Custody of minor to t"
332e5ba3cec580aeb2872b67,low,metadata,heuristic,provisions_cited contains variant forms of the same provision: 'S. 14' and 'Section 14',
332e5ba3cec580aeb2872b67,low,metadata,heuristic,provisions_cited contains variant forms of the same provision: 'S. 14' and 'section 14',
3349d9be2b1609062f93d654,low,semantic_quality,heuristic,span labeled 'court_reasoning' contains counsel-submission phrasing (candidate: should possibly be 'arguments'),"NAZAR AKBAR, J.---This constitution petition was entertained by this Court only on the ground of misuse of the jurisdiction by the Family Judge, Malir, Karachi in which a fraud has been committed by R"
33b124727f036020940e470f,low,metadata,heuristic,provisions_cited contains variant forms of the same provision: 'S.491' and 'section 491',
343b64da21a5fa78ddf13e87,low,metadata,heuristic,provisions_cited contains variant forms of the same provision: 'S.7' and 'Section 7',
347b12afc8a0c85870525487,low,semantic_quality,heuristic,"final_order span text has no recognizable disposition wording (candidate: may be a reporter tag-line fragment, not the operative sentence)",H.B.T./T-28/L Petition accepted.
34909d8e421ecef1f14db422,low,semantic_quality,heuristic,"final_order span text has no recognizable disposition wording (candidate: may be a reporter tag-line fragment, not the operative sentence)","Before parting with the judgment I wish to acknowledge with gratitude the assistance rendered by M/S Mr. Ahmad Khan and Amad-ud-Din Fazil, Research Officers/Civil Judges, Lahore High Court, Multan Ben"
34909d8e421ecef1f14db422,low,metadata,heuristic,provisions_cited contains variant forms of the same provision: 'S.21' and 'Section 21',
34909d8e421ecef1f14db422,low,metadata,heuristic,provisions_cited contains variant forms of the same provision: 'S.17' and 'Section 17',
34909d8e421ecef1f14db422,low,metadata,heuristic,provisions_cited contains variant forms of the same provision: 'S.21' and 'section 21',
34909d8e421ecef1f14db422,low,metadata,heuristic,provisions_cited contains variant forms of the same provision: 'S.17' and 'section 17',
3543840aeaad04007135b143,low,metadata,heuristic,provisions_cited contains variant forms of the same provision: 'S. 5' and 'S.5',
3543840aeaad04007135b143,low,metadata,heuristic,provisions_cited contains variant forms of the same provision: 'S. 5' and 'section 5',
35b11a58a1729ddd2249c827,low,semantic_quality,heuristic,span labeled 'court_reasoning' contains counsel-submission phrasing (candidate: should possibly be 'arguments'),5. Learned counsel for the petitioner has argued that the custody of the minors could not have been given to the mother unless it was proved that father was unfit to be the guardian of the children. T
35b11a58a1729ddd2249c827,low,metadata,heuristic,provisions_cited contains variant forms of the same provision: 'S. 14' and 'section 14',
35d04894b03833bc43a76e3e,low,metadata,heuristic,provisions_cited contains variant forms of the same provision: 'S. 14' and 'S.14',
35d04894b03833bc43a76e3e,low,metadata,heuristic,provisions_cited contains variant forms of the same provision: 'S. 14' and 'section 14',
35d04894b03833bc43a76e3e,low,metadata,heuristic,provisions_cited contains variant forms of the same provision: 'Art.199' and 'Art. 199',
35ec2fe456346541752afb33,low,metadata,heuristic,provisions_cited contains variant forms of the same provision: 'Ss.5' and 'S.5',
35ec2fe456346541752afb33,low,metadata,heuristic,provisions_cited contains variant forms of the same provision: 'S.10' and 'Section 10',
35ec2fe456346541752afb33,low,metadata,heuristic,provisions_cited contains variant forms of the same provision: 'S.10' and 'section 10',
3649fcfb345c7783def245c5,low,semantic_quality,heuristic,"final_order span text has no recognizable disposition wording (candidate: may be a reporter tag-line fragment, not the operative sentence)",10. The learned trial Court shall summon the parties by fixing any date and proceed with the matter in accordance with law.
364bc6dd352c426a7701ed63,low,semantic_quality,heuristic,quoted_material span has no quotation marks or sub-item markers (candidate: possible mislabel),"5. Jurisdiction.-- [1] Subject to the provisions of the Muslim Family Laws Ordinance, 1961, and the Conciliation Courts Ordinance, 1961, the Family Courts shall have exclusive jurisdiction to entertai"
364bc6dd352c426a7701ed63,low,metadata,heuristic,provisions_cited contains variant forms of the same provision: 'S.12' and 'Section 12',
364bc6dd352c426a7701ed63,low,metadata,heuristic,provisions_cited contains variant forms of the same provision: 'S.14' and 'Section 14',
364bc6dd352c426a7701ed63,low,metadata,heuristic,provisions_cited contains variant forms of the same provision: 'S.47' and 'Section 47',
364bc6dd352c426a7701ed63,low,metadata,heuristic,provisions_cited contains variant forms of the same provision: 'S.5' and 'Section 5',
36a94f7a58af438aafa17582,low,metadata,heuristic,provisions_cited contains variant forms of the same provision: 'S. 5' and 'S.5',
36a94f7a58af438aafa17582,low,metadata,heuristic,provisions_cited contains variant forms of the same provision: 'Art.199' and 'Art. 199',
36b3d610f14488e65c621899,low,metadata,heuristic,provisions_cited contains variant forms of the same provision: 'S. 2' and 'Section 2',
36e5392150bf9939d51d4b16,low,metadata,heuristic,provisions_cited contains variant forms of the same provision: 'S. 13' and 'S.13',
36e5392150bf9939d51d4b16,low,metadata,heuristic,provisions_cited contains variant forms of the same provision: 'S. 13' and 'section 13',
372b6ba5c00b9eebcbb73b6a,low,metadata,heuristic,provisions_cited contains variant forms of the same provision: 'S. 25' and 'S.25',
372b6ba5c00b9eebcbb73b6a,low,metadata,heuristic,provisions_cited contains variant forms of the same provision: 'S. 25' and 'section 25',
3753f5f0b7472b479fd34254,low,semantic_quality,heuristic,"final_order span text has no recognizable disposition wording (candidate: may be a reporter tag-line fragment, not the operative sentence)",Q.M.H./M.A.K./152/P
3753f5f0b7472b479fd34254,low,metadata,heuristic,provisions_cited contains variant forms of the same provision: 'S.47' and 'section 47',
3753f5f0b7472b479fd34254,low,metadata,heuristic,provisions_cited contains variant forms of the same provision: 'S.47' and 'Section 47',
3753f5f0b7472b479fd34254,low,metadata,heuristic,provisions_cited contains variant forms of the same provision: 'S. 14' and 'section 14',
375d7610c872fe0606b6c7be,low,metadata,heuristic,provisions_cited contains variant forms of the same provision: 'S.10' and 'section 10',
375da8fc5c8e8a56d97a0c82,low,semantic_quality,heuristic,"final_order span text has no recognizable disposition wording (candidate: may be a reporter tag-line fragment, not the operative sentence)","7. In view of the above discussion, this writ petition is accepted. The learned District Judge, Khushab shall entertain the appeal of the petitioner. The memorandum of appeal is available on the file "
375da8fc5c8e8a56d97a0c82,low,semantic_quality,heuristic,"final_order span text has no recognizable disposition wording (candidate: may be a reporter tag-line fragment, not the operative sentence)",H.B.T./K-169/L Petition accepted.
375da8fc5c8e8a56d97a0c82,low,metadata,heuristic,provisions_cited contains variant forms of the same provision: 'S.14' and 'Section 14',
375da8fc5c8e8a56d97a0c82,low,metadata,heuristic,provisions_cited contains variant forms of the same provision: 'S.14' and 'section 14',
37e2daf9caf230327ab99765,low,semantic_quality,heuristic,"final_order span text has no recognizable disposition wording (candidate: may be a reporter tag-line fragment, not the operative sentence)",Q.M.H./M.A.K./M‐210/L
37e2daf9caf230327ab99765,low,metadata,heuristic,provisions_cited contains variant forms of the same provision: 'S.7' and 'section 7',
37e5c1e7f767754baa77d4cc,low,metadata,heuristic,provisions_cited contains variant forms of the same provision: 'S.17' and 'section 17',
37e5c1e7f767754baa77d4cc,low,metadata,heuristic,provisions_cited contains variant forms of the same provision: 'S.17' and 'sections 17',
37e5c1e7f767754baa77d4cc,low,metadata,heuristic,provisions_cited contains variant forms of the same provision: 'S.17' and 'Section 17',
37f01c1ac0fc814d41a5d2cd,low,semantic_quality,heuristic,quoted_material span has no quotation marks or sub-item markers (candidate: possible mislabel),"Likewise, appellant's witness, Muhammad Raziq Qureshi, in cross-examination deposed that:--"
37f01c1ac0fc814d41a5d2cd,low,metadata,heuristic,provisions_cited contains variant forms of the same provision: 'Ss. 2' and 'Section 2',
37f3f1b0888f7aeaa1759736,low,semantic_quality,heuristic,"final_order span text has no recognizable disposition wording (candidate: may be a reporter tag-line fragment, not the operative sentence)",AA./425/Q
37f3f1b0888f7aeaa1759736,low,metadata,heuristic,provisions_cited contains variant forms of the same provision: 'S. 10' and 'S.10',
37f3f1b0888f7aeaa1759736,low,metadata,heuristic,provisions_cited contains variant forms of the same provision: 'S. 10' and 'section 10',
37f3f1b0888f7aeaa1759736,low,metadata,heuristic,provisions_cited contains variant forms of the same provision: 'S. 10' and 'Section 10',
38a6c2f3330a158664db24de,low,semantic_quality,heuristic,"final_order span text has no recognizable disposition wording (candidate: may be a reporter tag-line fragment, not the operative sentence)",18. Respondents Nos.3 and 4 are at liberty to approach the family/guardian court for chalking out a plan for meeting with the minor.
38a6c2f3330a158664db24de,low,metadata,heuristic,provisions_cited contains variant forms of the same provision: 'S.17' and 'Section 17',
394981832914776fe2348ecb,low,semantic_quality,heuristic,"final_order span text has no recognizable disposition wording (candidate: may be a reporter tag-line fragment, not the operative sentence)",***
394981832914776fe2348ecb,low,metadata,heuristic,provisions_cited contains variant forms of the same provision: 'S.25' and 'Section 25',
395fbdbbb63881b9395b247a,low,metadata,heuristic,provisions_cited contains variant forms of the same provision: 'S.17' and 'S. 17',
395fbdbbb63881b9395b247a,low,metadata,heuristic,provisions_cited contains variant forms of the same provision: 'S.17' and 'Section 17',
39753544d7a220d3f7ac4952,low,semantic_quality,heuristic,quoted_material span has no quotation marks or sub-item markers (candidate: possible mislabel),"Bashir Arain who has no good reputation wants to desert her and it is likely be appeared true (sic) that he has illicit relations with her. Therefore, plaintiff has not come in the Court with clean ha"
39753544d7a220d3f7ac4952,low,semantic_quality,heuristic,quoted_material span has no quotation marks or sub-item markers (candidate: possible mislabel),Respondent No.1 has stated that he has great love and affection for his wife. He is ready to obey her each and every condition (sic). In these circumstances defendant has fully proved (his case).
39753544d7a220d3f7ac4952,low,semantic_quality,heuristic,quoted_material span has no quotation marks or sub-item markers (candidate: possible mislabel),"The appellant had spent prime‐time of her life with the respondent. There are seven children from the parties. After lapse of 17/18 years, in my view personal life of the spouses becomes of little imp"
39976baeba10446f70190192,low,semantic_quality,heuristic,"final_order span text has no recognizable disposition wording (candidate: may be a reporter tag-line fragment, not the operative sentence)","10. For the reasons aforesaid this petition succeeds. The impugned judgment of the Addl District Judge, Sargodha dated 4th of February, 1989 is declared to be without lawful authority and of no legal "
39976baeba10446f70190192,low,semantic_quality,heuristic,"final_order span text has no recognizable disposition wording (candidate: may be a reporter tag-line fragment, not the operative sentence)",A.A./N-443/L Petition accepted.
39976baeba10446f70190192,low,metadata,heuristic,provisions_cited contains variant forms of the same provision: 'S. 14' and 'Section 14',
39976baeba10446f70190192,low,metadata,heuristic,provisions_cited contains variant forms of the same provision: 'S. 14' and 'section 14',
3a35fc71dfcec760c03ebf02,low,semantic_quality,heuristic,span labeled 'court_reasoning' contains counsel-submission phrasing (candidate: should possibly be 'arguments'),"6. Counsel for the appellant Ch. Zahid Hussain, Advocate staunchly contended that suit for recovery of ornaments before Family Court, Dadyal was filed and proper recourse available to the Family Court"
3a35fc71dfcec760c03ebf02,low,semantic_quality,heuristic,quoted_material span has no quotation marks or sub-item markers (candidate: possible mislabel),"9. Jurisdictional spheres of Family Court have been indicated in schedule of Section 5 are tabulated as infra:

1. Dissolution of marriage.

2. Dower.

3. Maintenance.

4. Restitution of conjugal righ"
3a35fc71dfcec760c03ebf02,low,semantic_quality,heuristic,"final_order span text has no recognizable disposition wording (candidate: may be a reporter tag-line fragment, not the operative sentence)",File be kept in arrive.
3a35fc71dfcec760c03ebf02,low,metadata,heuristic,provisions_cited contains variant forms of the same provision: 'S.5' and 'Section 5',
3a35fc71dfcec760c03ebf02,low,metadata,heuristic,provisions_cited contains variant forms of the same provision: 'S.5' and 'section 5',
3a6ef6ef5428efbb3c0741a4,low,semantic_quality,heuristic,span labeled 'court_reasoning' contains counsel-submission phrasing (candidate: should possibly be 'arguments'),"5. I have carefully heard learned Counsel for the parties and perused the relevant record. It appears that Mst. Asma has filed Family Suit No.16 of 2021 before learned Family Judge-I, Sehwan for maint"
3addf9d53c5c00f7b7ba1572,low,semantic_quality,heuristic,quoted_material span has no quotation marks or sub-item markers (candidate: possible mislabel),The same view was affirmed in a case titled Muhammad Sadiq v. Mst. Bashiran and others 1991 CLC 1647 in the following manner:‐‐
3b1c7ac88a2d481d84f4fbc6,low,metadata,heuristic,provisions_cited contains variant forms of the same provision: 'Ss. 10' and 'section 10',
3b45199994bafbba51878113,low,semantic_quality,heuristic,"final_order span text has no recognizable disposition wording (candidate: may be a reporter tag-line fragment, not the operative sentence)",S. A. H.
3b45199994bafbba51878113,low,metadata,heuristic,provisions_cited contains variant forms of the same provision: 'S. 5' and 'section 5',
3b45199994bafbba51878113,low,metadata,heuristic,provisions_cited contains variant forms of the same provision: 'S. 285' and 'Section 285',
3b544101f765592181cd8dc3,low,metadata,heuristic,provisions_cited contains variant forms of the same provision: 'S.47' and 'section 47',
3b544101f765592181cd8dc3,low,metadata,heuristic,provisions_cited contains variant forms of the same provision: 'S. 9' and 'section 9',
3b544101f765592181cd8dc3,low,metadata,heuristic,provisions_cited contains variant forms of the same provision: 'S.25' and 'section 25',
3b544101f765592181cd8dc3,low,metadata,heuristic,provisions_cited contains variant forms of the same provision: 'section 14' and 'Section 14',
3b71e246b92658978f1058e6,low,metadata,heuristic,provisions_cited contains variant forms of the same provision: 'S. 491' and 'section 491',
3bdc1bcbe5c77957059ba7c2,low,semantic_quality,heuristic,"final_order span text has no recognizable disposition wording (candidate: may be a reporter tag-line fragment, not the operative sentence)","The operation of the impugned order of the High Court shall in the meanwhile, remain suspended."
3bf617f5dfe7a4b3f595ec99,low,semantic_quality,heuristic,quoted_material span has no quotation marks or sub-item markers (candidate: possible mislabel),"Further, Allah Ta'la has elaborately described this issue in Surah tul Nisa, Ayat Nos.11, 12 and 176, the Urdu translation of the said verses whereof by Molana Fateh Muhammad Jalandhri as well as inte"
3bf617f5dfe7a4b3f595ec99,low,semantic_quality,heuristic,quoted_material span has no quotation marks or sub-item markers (candidate: possible mislabel),(Emphasis supplied)
3bf617f5dfe7a4b3f595ec99,low,semantic_quality,heuristic,quoted_material span has no quotation marks or sub-item markers (candidate: possible mislabel),"Another guidance is taken from Hadith No.2018 of Sunan Tirmizi Vol.II at page 92 [Zia-ul-Quran Publications, Lahore, Edition: May, 2013]; its translation whereof is as under:"
3bf617f5dfe7a4b3f595ec99,low,semantic_quality,heuristic,quoted_material span has no quotation marks or sub-item markers (candidate: possible mislabel),(emphasis supplied)
3c0d14d5d3ff25e35e58b328,low,metadata,heuristic,provisions_cited contains variant forms of the same provision: 'Art.199' and 'Art. 199',
3c2036e4cd5bdf09ddc6d09f,low,semantic_quality,heuristic,"final_order span text has no recognizable disposition wording (candidate: may be a reporter tag-line fragment, not the operative sentence)",24. The Registrar of this Court is directed to transmit a copy of this Judgment to all District Judges of the Province of Punjab for its circulation to all Family Courts within the jurisdiction of res
3c2036e4cd5bdf09ddc6d09f,low,metadata,heuristic,provisions_cited contains variant forms of the same provision: 'S. 17' and 'S.17',
3c2036e4cd5bdf09ddc6d09f,low,metadata,heuristic,provisions_cited contains variant forms of the same provision: 'S. 17' and 'Section 17',
3c285bd30ea33f4280ac5fbd,low,semantic_quality,heuristic,quoted_material span has no quotation marks or sub-item markers (candidate: possible mislabel),"13. In the case of denial of the inheritance to an heir, the cause of action to sue accrues to him, when the co-sharer[s]/legal heir[s] in actual possession of the inherited property denies (actually)"
3c285bd30ea33f4280ac5fbd,low,metadata,heuristic,provisions_cited contains variant forms of the same provision: 'S. 18' and 'Section 18',
3c285bd30ea33f4280ac5fbd,low,metadata,heuristic,provisions_cited contains variant forms of the same provision: 'S. 3' and 'section 3',
3c285bd30ea33f4280ac5fbd,low,metadata,heuristic,provisions_cited contains variant forms of the same provision: 'S. 18' and 'section 18',
3c2b59a663c48713f8cd818f,low,metadata,heuristic,provisions_cited contains variant forms of the same provision: 'S. 5' and 'Section 5',
3c2b59a663c48713f8cd818f,low,metadata,heuristic,provisions_cited contains variant forms of the same provision: 'Ss. 2' and 'Section 2',
3c34a5630eeebd5f8c4a7703,low,metadata,heuristic,provisions_cited contains variant forms of the same provision: 'Art. 199' and 'Art.199',
3c38628ddd300c44b7ff18f3,low,metadata,heuristic,provisions_cited contains variant forms of the same provision: 'S. 14' and 'Section 14',
3c38628ddd300c44b7ff18f3,low,metadata,heuristic,provisions_cited contains variant forms of the same provision: 'S. 14' and 'S.14',
3c38628ddd300c44b7ff18f3,low,metadata,heuristic,provisions_cited contains variant forms of the same provision: 'S.12' and 'section 12',
3c38628ddd300c44b7ff18f3,low,metadata,heuristic,provisions_cited contains variant forms of the same provision: 'S. 14' and 'section 14',
3c90233ee0c80e830a12b6a2,low,metadata,heuristic,provisions_cited contains variant forms of the same provision: 'S. 19' and 'Section 19',
3c90233ee0c80e830a12b6a2,low,metadata,heuristic,provisions_cited contains variant forms of the same provision: 'S. 7' and 'section 7',
3c90233ee0c80e830a12b6a2,low,metadata,heuristic,provisions_cited contains variant forms of the same provision: 'S. 19' and 'section 19',
3ca0862be026b64f97a1c5d3,low,metadata,heuristic,provisions_cited contains variant forms of the same provision: 'S. 5' and 'Section 5',
3ca10bb5de49c94551666e65,low,metadata,heuristic,provisions_cited contains variant forms of the same provision: 'S.14' and 'section 14',
3cc421e9daea9bf08d060bd3,low,metadata,heuristic,provisions_cited contains variant forms of the same provision: 'sections 4' and 'S. 4',
3cc421e9daea9bf08d060bd3,low,metadata,heuristic,provisions_cited contains variant forms of the same provision: 'S.25' and 'section 25',
3d081770d29a72db5a3c3a73,low,semantic_quality,heuristic,quoted_material span has no quotation marks or sub-item markers (candidate: possible mislabel),"This constitutional petition is arising out of order dated 25th June, 2019, whereby the appeal preferred by the petitioner under Section 14 of the Family Courts Act, 1964 was dismissed for non-prosecu"
3d081770d29a72db5a3c3a73,low,semantic_quality,heuristic,quoted_material span has no quotation marks or sub-item markers (candidate: possible mislabel),"3. As regard other pleas, all these are relating to the merits of the judgments and decrees of the Family Court and the Appellate Court, which cannot be considered in the circumstances when the petiti"
3d081770d29a72db5a3c3a73,low,metadata,heuristic,provisions_cited contains variant forms of the same provision: 'S. 17' and 'S.17',
3d081770d29a72db5a3c3a73,low,metadata,heuristic,provisions_cited contains variant forms of the same provision: 'S. 14' and 'Section 14',
3d081770d29a72db5a3c3a73,low,metadata,heuristic,provisions_cited contains variant forms of the same provision: 'S. 26' and 'Section 26',
3d081770d29a72db5a3c3a73,low,metadata,heuristic,provisions_cited contains variant forms of the same provision: 'S. 17' and 'Section 17',
3d081770d29a72db5a3c3a73,low,metadata,heuristic,provisions_cited contains variant forms of the same provision: 'Sections 10 and 11' and 'sections 10 and 11',
3d081770d29a72db5a3c3a73,low,metadata,heuristic,provisions_cited contains variant forms of the same provision: 'Art.199' and 'Art. 199',
3d1d25c5ae6c76543d175154,low,metadata,heuristic,provisions_cited contains variant forms of the same provision: 'S.14' and 'Section 14',
3d1d25c5ae6c76543d175154,low,metadata,heuristic,provisions_cited contains variant forms of the same provision: 'S.14' and 'section 14',
3d1fb31295604445a90548da,low,semantic_quality,heuristic,"final_order span text has no recognizable disposition wording (candidate: may be a reporter tag-line fragment, not the operative sentence)",11. The parties are left to bear their own costs.
3d942953ba46eaa9bba137d4,low,metadata,heuristic,provisions_cited contains variant forms of the same provision: 'S.5' and 'Section 5',
3d942953ba46eaa9bba137d4,low,metadata,heuristic,provisions_cited contains variant forms of the same provision: 'S.5' and 'section 5',
3d942953ba46eaa9bba137d4,low,metadata,heuristic,provisions_cited contains variant forms of the same provision: 'S.9' and 'section 9',
3d96993ba91d46411b763e5a,low,metadata,heuristic,provisions_cited contains variant forms of the same provision: 'S.5' and 'section 5',
3ddef9006ffc688995090747,low,semantic_quality,heuristic,"final_order span text has no recognizable disposition wording (candidate: may be a reporter tag-line fragment, not the operative sentence)",AA/M-933/L
3ddef9006ffc688995090747,low,metadata,heuristic,provisions_cited contains variant forms of the same provision: 'S.291' and 'section 291',
3ddef9006ffc688995090747,low,metadata,heuristic,provisions_cited contains variant forms of the same provision: 'S.291' and 'Section 291',
3df002b6f591f060a46ef236,low,metadata,heuristic,provisions_cited contains variant forms of the same provision: 'S. 25' and 'S.25',
3df002b6f591f060a46ef236,low,metadata,heuristic,provisions_cited contains variant forms of the same provision: 'S. 25' and 'section 25',
3e0426886f6264f11dbc60db,low,metadata,heuristic,provisions_cited contains variant forms of the same provision: 'section 7' and 'Section 7',
3e0426886f6264f11dbc60db,low,metadata,heuristic,provisions_cited contains variant forms of the same provision: 'section 19' and 'Section 19',
3e0aab5b37cdf0be775c7e12,low,metadata,heuristic,provisions_cited contains variant forms of the same provision: 'S. 5' and 'section 5',
3e0aab5b37cdf0be775c7e12,low,metadata,heuristic,provisions_cited contains variant forms of the same provision: 'S. 488' and 'section 488',
3e7479e75cc40822047cf242,low,metadata,heuristic,provisions_cited contains variant forms of the same provision: 'S.25' and 'section 25',
3e8c94eb6e20bc7a81124a38,low,metadata,heuristic,provisions_cited contains variant forms of the same provision: 'S. 5' and 'Section 5',
3ebe1e86de756077fb70c9b7,low,metadata,heuristic,provisions_cited contains variant forms of the same provision: 'Ss.5' and 'S. 5',
3ed11b1a0b608d040a4b9343,low,metadata,heuristic,provisions_cited contains variant forms of the same provision: 'S.5' and 'Section 5',
3ee9f13f9244a32754a7e95f,low,semantic_quality,heuristic,"final_order span text has no recognizable disposition wording (candidate: may be a reporter tag-line fragment, not the operative sentence)",H.B.T./177/P Petition accepted.
3ee9f13f9244a32754a7e95f,low,metadata,heuristic,provisions_cited contains variant forms of the same provision: 'S. 5' and 'S.5',
3ee9f13f9244a32754a7e95f,low,metadata,heuristic,provisions_cited contains variant forms of the same provision: 'S. 5' and 'section 5',
3ee9f13f9244a32754a7e95f,low,metadata,heuristic,provisions_cited contains variant forms of the same provision: 'S. 5' and 'Section 5',
3efa9323406be104cdb19337,low,semantic_quality,heuristic,"final_order span text has no recognizable disposition wording (candidate: may be a reporter tag-line fragment, not the operative sentence)",There shall be no order as to costs.
3efa9323406be104cdb19337,low,semantic_quality,heuristic,"final_order span text has no recognizable disposition wording (candidate: may be a reporter tag-line fragment, not the operative sentence)",H.B.T./S‐933/L Petition accepted.
3efa9323406be104cdb19337,low,metadata,heuristic,provisions_cited contains variant forms of the same provision: 'S.14' and 'section 14',
3f05c5c660b0107ffbfeafef,low,semantic_quality,heuristic,quoted_material span has no quotation marks or sub-item markers (candidate: possible mislabel),"10. In the case of Muhammad Aslam (1969 SCMR 818), Mst. Fateh Khatoon respondent had filed a suit for recovery of Rs.2,000 as damages for breach of contract executed at the time of marriage including "
3f05c5c660b0107ffbfeafef,low,semantic_quality,heuristic,quoted_material span has no quotation marks or sub-item markers (candidate: possible mislabel),"11. In the case of Nasrullah (PLD 2004 Lahore 588), wife lodged a suit for recovery of Rs.200,000 under the terms of Nikahnama as compensation for divorce pronounced by her husband Nasrullah without a"
3f05c5c660b0107ffbfeafef,low,semantic_quality,heuristic,quoted_material span has no quotation marks or sub-item markers (candidate: possible mislabel),"12. In the case of Muhammad Masood Abbasi (2004 YLR 482), it was held as follows:--"
3f05c5c660b0107ffbfeafef,low,metadata,heuristic,provisions_cited contains variant forms of the same provision: 'S. 5' and 'S.5',
3f05c5c660b0107ffbfeafef,low,metadata,heuristic,provisions_cited contains variant forms of the same provision: 'S. 5' and 'section 5',
3f05c5c660b0107ffbfeafef,low,metadata,heuristic,provisions_cited contains variant forms of the same provision: 'S. 5' and 'Section 5',
3f05c5c660b0107ffbfeafef,low,metadata,heuristic,provisions_cited contains variant forms of the same provision: 'section 130' and 'sections 130',
3f57e45ad85f624d5749b14b,low,metadata,heuristic,provisions_cited contains variant forms of the same provision: 'S.17' and 'section 17',
3fc977701d175a3a8e5972f5,low,semantic_quality,heuristic,"final_order span text has no recognizable disposition wording (candidate: may be a reporter tag-line fragment, not the operative sentence)",M.B.A./39/Q Petition accepted.
3fc977701d175a3a8e5972f5,low,metadata,heuristic,provisions_cited contains variant forms of the same provision: 'S.3' and 'section 3',
3fc977701d175a3a8e5972f5,low,metadata,heuristic,provisions_cited contains variant forms of the same provision: 'section 21' and 'S. 21',
4001c2ce05f25c130303a446,low,metadata,heuristic,provisions_cited contains variant forms of the same provision: 'S.7' and 'section 7',
4033359af1272d63c75d72df,low,semantic_quality,heuristic,quoted_material span has no quotation marks or sub-item markers (candidate: possible mislabel),The main stance of petitioner/ defendant is that present suit is not maintainable because suit for maintenance of minor has already been decreed and fresh suit is barred by law. I relied upon judgment
4033359af1272d63c75d72df,low,metadata,heuristic,provisions_cited contains variant forms of the same provision: 'S.14' and 'section 14',
40822e4c08aadd72cea459b1,low,semantic_quality,heuristic,quoted_material span has no quotation marks or sub-item markers (candidate: possible mislabel),The welfare of a minor would be presumed with the person who is entitled to the custody under Muslim Law. The said presumption is rebuttable and if the circumstances are brought on record which tend t
4082419577d66e0ca2299203,low,semantic_quality,heuristic,quoted_material span has no quotation marks or sub-item markers (candidate: possible mislabel),Narrated Ibn Abbas (RA):--
40e561bb47ed72ba5edeba5a,low,semantic_quality,heuristic,quoted_material span has no quotation marks or sub-item markers (candidate: possible mislabel),"4. In order to properly appreciate submission of the learned counsel for the petitioner, it would be advantageous to reproduce the provision of subsection (3) of Section 17A of the Act as substituted "
40e561bb47ed72ba5edeba5a,low,metadata,heuristic,provisions_cited contains variant forms of the same provision: 'S.17A' and 'Section 17A',
40e561bb47ed72ba5edeba5a,low,metadata,heuristic,provisions_cited contains variant forms of the same provision: 'Arts.9' and 'Arts. 9',
412559ac4a8767ec9859ddd1,low,semantic_quality,heuristic,"final_order span text has no recognizable disposition wording (candidate: may be a reporter tag-line fragment, not the operative sentence)","7. For the reasons stated above, by accepting this writ petition the impugned judgments/orders of the learned courts below are modified and the learned Executing Court is directed to put the property "
41300f4ca826c633ee1be27f,low,semantic_quality,heuristic,"final_order span text has no recognizable disposition wording (candidate: may be a reporter tag-line fragment, not the operative sentence)","H B.T,/F-145/L Petition accepted."
41886dcfd29786390dc14d43,low,metadata,heuristic,provisions_cited contains variant forms of the same provision: 'S.14' and 'section 14',
41919aceafe8dd382c3c727f,low,semantic_quality,heuristic,quoted_material span has no quotation marks or sub-item markers (candidate: possible mislabel),"8. Further as per Verse No.15, Surrah-Ahqaf (Part XXVI) period for carrying child and his weaning is 30 months. The verse is quoted as under:--

A reference from Majmooa-e-Owaneen-e-Islam edited by Dr"
41919aceafe8dd382c3c727f,low,semantic_quality,heuristic,quoted_material span has no quotation marks or sub-item markers (candidate: possible mislabel),"Restraining women in order to tease them or enhance their agony is strictly prohibited in Islam. Relevant part of Verse No.231, Sura Al-Baqra Part-2 is quoted below:-"
41919aceafe8dd382c3c727f,low,metadata,heuristic,provisions_cited contains variant forms of the same provision: 'Sections 146 and 149' and 'sections 146 and 149',
41c196529a0e5c602319214e,low,metadata,heuristic,provisions_cited contains variant forms of the same provision: 'Section 13' and 'section 13',
41d0dd9ab258d92649d9f869,low,metadata,heuristic,provisions_cited contains variant forms of the same provision: 'S.25' and 'section 25',
41d236fc8f41b93b564fedde,low,semantic_quality,heuristic,"final_order span text has no recognizable disposition wording (candidate: may be a reporter tag-line fragment, not the operative sentence)",A.R.K./S-138/L Petition accepted.
4215810540d2d9ecca8757ad,low,semantic_quality,heuristic,quoted_material span has no quotation marks or sub-item markers (candidate: possible mislabel),"(11) Recording of evidence.---

(1) -------------

(2) The Court shall not issue any summons for the appearance of any witness unless, within three days of the framing of issues, any party intimates t"
4215810540d2d9ecca8757ad,low,semantic_quality,heuristic,quoted_material span has no quotation marks or sub-item markers (candidate: possible mislabel),"(1) Dissolution of marriage.

(2) Dower.

(3) Maintenance.

(4) Restitution of conjugal rights.

(5) Custody of Children.

(6) Guardianship.

(7) [Jactition of marriage]

[Amdt. Act XXIV of 1971]

(8)"
4215810540d2d9ecca8757ad,low,metadata,heuristic,provisions_cited contains variant forms of the same provision: 'S. 5' and 'S.5',
4215810540d2d9ecca8757ad,low,metadata,heuristic,provisions_cited contains variant forms of the same provision: 'section 11' and 'Section 11',
4215810540d2d9ecca8757ad,low,metadata,heuristic,provisions_cited contains variant forms of the same provision: 'S. 5' and 'section 5',
42443bfb8163248e3db18497,low,metadata,heuristic,provisions_cited contains variant forms of the same provision: 'section 9' and 'Section 9',
42443bfb8163248e3db18497,low,metadata,heuristic,provisions_cited contains variant forms of the same provision: 'S. 7' and 'Section 7',
425dfcc1de10d919c3f5a880,low,semantic_quality,heuristic,span labeled 'court_reasoning' contains counsel-submission phrasing (candidate: should possibly be 'arguments'),5. The respondent/plaintiff also successfully proved that .she being orphan child was given in marriage during the minority and she owns certain property from her deceased father who had no male issue
425dfcc1de10d919c3f5a880,low,metadata,heuristic,provisions_cited contains variant forms of the same provision: 'S. 7' and 'S.7',
425dfcc1de10d919c3f5a880,low,metadata,heuristic,provisions_cited contains variant forms of the same provision: 'S. 7' and 'Section 7',
425dfcc1de10d919c3f5a880,low,metadata,heuristic,provisions_cited contains variant forms of the same provision: 'S. 7' and 'section 7',
427676b4e3b4a7a5823d44ff,low,metadata,heuristic,provisions_cited contains variant forms of the same provision: 'S.10' and 'S. 10',
427676b4e3b4a7a5823d44ff,low,metadata,heuristic,provisions_cited contains variant forms of the same provision: 'S. 5' and 'S.5',
427676b4e3b4a7a5823d44ff,low,metadata,heuristic,provisions_cited contains variant forms of the same provision: 'S.10' and 'section 10',
427676b4e3b4a7a5823d44ff,low,metadata,heuristic,provisions_cited contains variant forms of the same provision: 'S.17' and 'section 17',
427676b4e3b4a7a5823d44ff,low,metadata,heuristic,provisions_cited contains variant forms of the same provision: 'S.12' and 'section 12',
42b490e27e7b408d746caa78,low,metadata,heuristic,provisions_cited contains variant forms of the same provision: 'S.115' and 'S. 115',
42b490e27e7b408d746caa78,low,metadata,heuristic,provisions_cited contains variant forms of the same provision: 'S.25' and 'S. 25',
42b490e27e7b408d746caa78,low,metadata,heuristic,provisions_cited contains variant forms of the same provision: 'S. 17' and 'section 17',
42b490e27e7b408d746caa78,low,metadata,heuristic,provisions_cited contains variant forms of the same provision: 'S.25' and 'section 25',
42c76f67496debbec7f13e91,low,metadata,heuristic,provisions_cited contains variant forms of the same provision: 'S. 5' and 'Section 5',
4310707a2103e9185072e9fb,low,metadata,heuristic,provisions_cited contains variant forms of the same provision: 'Art.199' and 'Art. 199',
4339db10e6244f0d33639a13,low,metadata,heuristic,provisions_cited contains variant forms of the same provision: 'S.5' and 'S. 5',
433f5d7df19b1da65bf4f42a,low,semantic_quality,heuristic,"final_order span text has no recognizable disposition wording (candidate: may be a reporter tag-line fragment, not the operative sentence)",Q.M.H./M.A.K./M‐873/L `Petition accepted.
4353aaaf8d30bfb4be5e79d0,low,metadata,heuristic,provisions_cited contains variant forms of the same provision: 'S. 14' and 'S.14',
4353aaaf8d30bfb4be5e79d0,low,metadata,heuristic,provisions_cited contains variant forms of the same provision: 'S. 14' and 'section 14',
4363a7e0b9eba674c98f15dd,low,metadata,heuristic,provisions_cited contains variant forms of the same provision: 'S.14' and 'section 14',
43906238d461e2c23c9af6a8,low,semantic_quality,heuristic,"final_order span text has no recognizable disposition wording (candidate: may be a reporter tag-line fragment, not the operative sentence)",H.B.T.
4393abb4587e80c6b20d37d4,low,metadata,heuristic,provisions_cited contains variant forms of the same provision: 'Ss. 3' and 'S.3',
4393abb4587e80c6b20d37d4,low,metadata,heuristic,provisions_cited contains variant forms of the same provision: 'Ss. 3' and 'section 3',
4393abb4587e80c6b20d37d4,low,metadata,heuristic,provisions_cited contains variant forms of the same provision: 'sections 14' and 'section 14',
4393abb4587e80c6b20d37d4,low,metadata,heuristic,provisions_cited contains variant forms of the same provision: 'Ss. 3' and 'Section 3',
4393abb4587e80c6b20d37d4,low,metadata,heuristic,provisions_cited contains variant forms of the same provision: 'Art.199' and 'Art. 199',
43cc3204d9d5b31479aaa94b,low,semantic_quality,heuristic,span labeled 'court_reasoning' contains counsel-submission phrasing (candidate: should possibly be 'arguments'),6. I have given anxious consideration to the arguments advanced by both sides. It is settled law that when a factual controversy has been settled by the two courts below unless and until there are com
43cc3204d9d5b31479aaa94b,low,semantic_quality,heuristic,quoted_material span has no quotation marks or sub-item markers (candidate: possible mislabel),"---Mere facts that plaintiff did not formally prove specified documents was of no legal consequence, particularly when no objection was raised by petitioner-defendant when said documents were in evide"
43cc3204d9d5b31479aaa94b,low,metadata,heuristic,provisions_cited contains variant forms of the same provision: 'S. 5' and 'S.5',
43cc3204d9d5b31479aaa94b,low,metadata,heuristic,provisions_cited contains variant forms of the same provision: 'S.17' and 'Section 17',
43cc3204d9d5b31479aaa94b,low,metadata,heuristic,provisions_cited contains variant forms of the same provision: 'S.18' and 'section 18',
43cc3204d9d5b31479aaa94b,low,metadata,heuristic,provisions_cited contains variant forms of the same provision: 'S.17' and 'section 17',
43cfc4d03897e87917306f33,low,semantic_quality,heuristic,quoted_material span has no quotation marks or sub-item markers (candidate: possible mislabel),4. Both the learned courts below have dismissed the application of the petitioner on the basis of the statement made by the surety Salabat before the court on 7-1-2012. The statement is reproduced bel
43cfc4d03897e87917306f33,low,semantic_quality,heuristic,"final_order span text has no recognizable disposition wording (candidate: may be a reporter tag-line fragment, not the operative sentence)",AG/G-37/L Petition accepted.
43cfc4d03897e87917306f33,low,metadata,heuristic,provisions_cited contains variant forms of the same provision: 'S.43' and 'section 43',
43d87b3848336a51d43faa78,low,metadata,heuristic,provisions_cited contains variant forms of the same provision: 'S. 2' and 'section 2',
43db50b761379a233a13ad24,low,semantic_quality,heuristic,"final_order span text has no recognizable disposition wording (candidate: may be a reporter tag-line fragment, not the operative sentence)","25. Before parting with this judgment, I must appreciate the efforts of Mr. Qaiser Abbas, Research Officer who has rendered valuable assistance to ascertain the case- law on the subject."
43db50b761379a233a13ad24,low,metadata,heuristic,provisions_cited contains variant forms of the same provision: 'Ss. 17' and 'S. 17',
43db50b761379a233a13ad24,low,metadata,heuristic,provisions_cited contains variant forms of the same provision: 'Ss. 17' and 'section 17',
43db50b761379a233a13ad24,low,metadata,heuristic,provisions_cited contains variant forms of the same provision: 'S.24' and 'S. 24',
43db50b761379a233a13ad24,low,metadata,heuristic,provisions_cited contains variant forms of the same provision: 'Ss. 17' and 'Section 17',
43db50b761379a233a13ad24,low,metadata,heuristic,provisions_cited contains variant forms of the same provision: 'S.24' and 'Section 24',
43db50b761379a233a13ad24,low,metadata,heuristic,provisions_cited contains variant forms of the same provision: 'Section 12' and 'section 12',
441e320b5531a1217fddf655,low,metadata,heuristic,provisions_cited contains variant forms of the same provision: 'S.14' and 'Section 14',
441e320b5531a1217fddf655,low,metadata,heuristic,provisions_cited contains variant forms of the same provision: 'S.25' and 'section 25',
441e320b5531a1217fddf655,low,metadata,heuristic,provisions_cited contains variant forms of the same provision: 'S.14' and 'section 14',
441e320b5531a1217fddf655,low,metadata,heuristic,provisions_cited contains variant forms of the same provision: 'S.17' and 'section 17',
44810cc3d390a5c7faab799e,low,semantic_quality,heuristic,"final_order span text has no recognizable disposition wording (candidate: may be a reporter tag-line fragment, not the operative sentence)",H.B:T./M‐284/L
449cb69b290757a36add36c4,low,metadata,heuristic,provisions_cited contains variant forms of the same provision: 'Ss.5' and 'S. 5',
44a5ac8ec50fb37b1135e69b,low,semantic_quality,heuristic,quoted_material span has no quotation marks or sub-item markers (candidate: possible mislabel),"Order XXI Rule (2). Payment out of Court to decree-holder.---(1) Where any money payable under a decree of any kind is paid out of Court, or the decree is otherwise adjusted in whole or in part to the"
44a5ac8ec50fb37b1135e69b,low,metadata,heuristic,provisions_cited contains variant forms of the same provision: 'S.47' and 'Section 47',
44bbc229961afeed57d2718d,low,metadata,heuristic,provisions_cited contains variant forms of the same provision: 'S. 10' and 'S.10',
44bbc229961afeed57d2718d,low,metadata,heuristic,provisions_cited contains variant forms of the same provision: 'S. 10' and 'section 10',
44bc8834a0f5014ff31f7db7,low,semantic_quality,heuristic,"final_order span text has no recognizable disposition wording (candidate: may be a reporter tag-line fragment, not the operative sentence)","22. For the foregoing reasons, this writ petition is accepted and all the proceedings conducted by respondents Nos.1 and 2 determining the genuineness/ingenuineness of Nikahnama of the petitioner with"
44bc8834a0f5014ff31f7db7,low,semantic_quality,heuristic,"final_order span text has no recognizable disposition wording (candidate: may be a reporter tag-line fragment, not the operative sentence)",H.B.T./A-990/L Petition accepted.
44bc8834a0f5014ff31f7db7,low,metadata,heuristic,provisions_cited contains variant forms of the same provision: 'S.6' and 'section 6',
44bc8834a0f5014ff31f7db7,low,metadata,heuristic,provisions_cited contains variant forms of the same provision: 'Ss. 2' and 'section 2',
44bc8834a0f5014ff31f7db7,low,metadata,heuristic,provisions_cited contains variant forms of the same provision: 'S.6' and 'Section 6',
44bc8834a0f5014ff31f7db7,low,metadata,heuristic,provisions_cited contains variant forms of the same provision: 'S.5' and 'section 5',
44bca0a557b84b71f89662a1,low,metadata,heuristic,provisions_cited contains variant forms of the same provision: 'S. 5' and 'section 5',
44bca0a557b84b71f89662a1,low,metadata,heuristic,provisions_cited contains variant forms of the same provision: 'S. 5' and 'Section 5',
44bd83252c82dc96721b211b,low,semantic_quality,heuristic,"final_order span text has no recognizable disposition wording (candidate: may be a reporter tag-line fragment, not the operative sentence)","12. However, I deem it appropriate in view of the nature of the matter to issue directions to the learned trial Court/Family Judge to decide the matter on merits preferably within a period of two mont"
44bd83252c82dc96721b211b,low,metadata,heuristic,provisions_cited contains variant forms of the same provision: 'Ss. 14' and 'S.14',
44bd83252c82dc96721b211b,low,metadata,heuristic,provisions_cited contains variant forms of the same provision: 'S. 17' and 'section 17',
44bd83252c82dc96721b211b,low,metadata,heuristic,provisions_cited contains variant forms of the same provision: 'Ss. 14' and 'section 14',
44d230928dab6db34d3fb0ef,low,metadata,heuristic,provisions_cited contains variant forms of the same provision: 'S.370' and 'Section 370',
44d230928dab6db34d3fb0ef,low,metadata,heuristic,provisions_cited contains variant forms of the same provision: 'S.370' and 'section 370',
44d437c4666e68280c3a9753,low,semantic_quality,heuristic,"final_order span text has no recognizable disposition wording (candidate: may be a reporter tag-line fragment, not the operative sentence)",H.B.T./S‐766/L Petition accepted.
44fb3e6b8afb9b5a750e69be,low,metadata,heuristic,provisions_cited contains variant forms of the same provision: 'S. 7' and 'S.7',
44fb3e6b8afb9b5a750e69be,low,metadata,heuristic,provisions_cited contains variant forms of the same provision: 'S. 3' and 'section 3',
44fb3e6b8afb9b5a750e69be,low,metadata,heuristic,provisions_cited contains variant forms of the same provision: 'S.491' and 'section 491',
44fb3e6b8afb9b5a750e69be,low,metadata,heuristic,provisions_cited contains variant forms of the same provision: 'S. 7' and 'section 7',
44fb3e6b8afb9b5a750e69be,low,metadata,heuristic,provisions_cited contains variant forms of the same provision: 'S.491' and 'Section 491',
451b940e7b027fa9107c7697,low,metadata,heuristic,provisions_cited contains variant forms of the same provision: 'S.7' and 'section 7',
451b940e7b027fa9107c7697,low,metadata,heuristic,provisions_cited contains variant forms of the same provision: 'Art.103' and 'Art. 103',
4561a5ccbf1e731c1865018c,low,metadata,heuristic,provisions_cited contains variant forms of the same provision: 'S.5' and 'section 5',
456a1d83e6c67bbcc68c6904,low,semantic_quality,heuristic,span labeled 'authorities_cited' contains counsel-submission phrasing (candidate: should possibly be 'arguments'),"The second authority referred to by the learned counsel (i.e. P L D 1969 Lah. 636), relates to a suit for possession through pre‐emption, which is governed by the provisions of the C. P. C. In that ca"
456a1d83e6c67bbcc68c6904,low,metadata,heuristic,provisions_cited contains variant forms of the same provision: 'S. 17' and 'Section 17',
456a1d83e6c67bbcc68c6904,low,metadata,heuristic,provisions_cited contains variant forms of the same provision: 'S. 100' and 'section 100',
456a1d83e6c67bbcc68c6904,low,metadata,heuristic,provisions_cited contains variant forms of the same provision: 'S. 5' and 'section 5',
456a1d83e6c67bbcc68c6904,low,metadata,heuristic,provisions_cited contains variant forms of the same provision: 'S. 17' and 'section 17',
456a4ea5e71fea12c0ec72f9,low,metadata,heuristic,provisions_cited contains variant forms of the same provision: 'S.14' and 'S. 14',
456a4ea5e71fea12c0ec72f9,low,metadata,heuristic,provisions_cited contains variant forms of the same provision: 'Ss.9' and 'section 9',
456a4ea5e71fea12c0ec72f9,low,metadata,heuristic,provisions_cited contains variant forms of the same provision: 'S.14' and 'section 14',
45a38ee4eaabccdace61d3a5,low,metadata,heuristic,provisions_cited contains variant forms of the same provision: 'S.17' and 'section 17',
45b2cae8af935d75a3d9e21e,low,semantic_quality,heuristic,quoted_material span has no quotation marks or sub-item markers (candidate: possible mislabel),"2-A: The Principles and provisions set out in the Objective Resolution reproduced in the Annex are hereby made substantive part of the Constitution and shall have effect accordingly.

Objective Resolu"
45b2cae8af935d75a3d9e21e,low,semantic_quality,heuristic,"final_order span text has no recognizable disposition wording (candidate: may be a reporter tag-line fragment, not the operative sentence)",S.A.K./M-590/L
45b2cae8af935d75a3d9e21e,low,metadata,heuristic,provisions_cited contains variant forms of the same provision: 'S.10' and 'S. 10',
45b2cae8af935d75a3d9e21e,low,metadata,heuristic,provisions_cited contains variant forms of the same provision: 'S.10' and 'section 10',
45b2cae8af935d75a3d9e21e,low,metadata,heuristic,provisions_cited contains variant forms of the same provision: 'S.10' and 'Section 10',
45b2cae8af935d75a3d9e21e,low,metadata,heuristic,provisions_cited contains variant forms of the same provision: 'Art.199' and 'Art. 199',
45c247d7ef78950725beb99f,low,semantic_quality,heuristic,"final_order span text has no recognizable disposition wording (candidate: may be a reporter tag-line fragment, not the operative sentence)","I, however, place on record my appreciations for the industry exhibited by Mr. Nazeer Durrani Advocate in the arguments before me."
45c247d7ef78950725beb99f,low,metadata,heuristic,provisions_cited contains variant forms of the same provision: 'section 4' and 'Section 4',
45c247d7ef78950725beb99f,low,metadata,heuristic,provisions_cited contains variant forms of the same provision: 'section 102' and 'Section 102',
45e5375d32c3b6fa184cbf76,low,semantic_quality,heuristic,"final_order span text has no recognizable disposition wording (candidate: may be a reporter tag-line fragment, not the operative sentence)",M.Y. H. Petition accepted.
463d789d9022d9474fa941cf,low,semantic_quality,heuristic,quoted_material span has no quotation marks or sub-item markers (candidate: possible mislabel),"Para 14. In view of the above, it is found that the Defendant admitted that no dower was fixed. As per contentions of the defendant that five tolas gold ornaments were given to the plaintiff would be "
468a5bb080e38794e1b79377,low,semantic_quality,heuristic,quoted_material span has no quotation marks or sub-item markers (candidate: possible mislabel),"Thus, the consensus of judicial opinion is that restitution of dower is not an indispensable condition for the grant of Khula' and non-restoration of dower and other benefits will not have any effect "
471e8f4185a6fec2e7f19013,low,semantic_quality,heuristic,quoted_material span has no quotation marks or sub-item markers (candidate: possible mislabel),"5. With regard to a non-appealable order, a full Bench of the apex Court of the country in a case reported as Syed Saghir Ahmed Naqvi v. Province of Sindh through Chief Secretary and another (1996 SCM"
471e8f4185a6fec2e7f19013,low,semantic_quality,heuristic,quoted_material span has no quotation marks or sub-item markers (candidate: possible mislabel),The statute excluding a right of appeal from the interim order cannot be passed by bringing under attack such interim orders in Constitutional jurisdiction. The party affected has to wait till it matu
471e8f4185a6fec2e7f19013,low,semantic_quality,heuristic,quoted_material span has no quotation marks or sub-item markers (candidate: possible mislabel),"As the said Ordinance has taken away the right of petitioner to interim relief, learned counsel submitted that this was a ground which entitled the petitioner to prosecute a writ petition despite the "
471e8f4185a6fec2e7f19013,low,metadata,heuristic,provisions_cited contains variant forms of the same provision: 'S.12' and 'section 12',
471e8f4185a6fec2e7f19013,low,metadata,heuristic,provisions_cited contains variant forms of the same provision: 'S.14' and 'section 14',
471e8f4185a6fec2e7f19013,low,metadata,heuristic,provisions_cited contains variant forms of the same provision: 'S.47' and 'section 47',
471e8f4185a6fec2e7f19013,low,metadata,heuristic,provisions_cited contains variant forms of the same provision: 'S.14' and 'Section 14',
4761468a4fd86edde8485be1,low,metadata,heuristic,provisions_cited contains variant forms of the same provision: 'S.48' and 'section 48',
4761468a4fd86edde8485be1,low,metadata,heuristic,provisions_cited contains variant forms of the same provision: 'Ss. 5' and 'section 5',
4761468a4fd86edde8485be1,low,metadata,heuristic,provisions_cited contains variant forms of the same provision: 'Ss. 5' and 'Section 5',
4761468a4fd86edde8485be1,low,metadata,heuristic,provisions_cited contains variant forms of the same provision: 'section 14' and 'Section 14',
4761468a4fd86edde8485be1,low,metadata,heuristic,provisions_cited contains variant forms of the same provision: 'section 25' and 'Section 25',
4761468a4fd86edde8485be1,low,metadata,heuristic,provisions_cited contains variant forms of the same provision: 'Section 47' and 'section 47',
479b402430f14cda94042757,low,metadata,heuristic,provisions_cited contains variant forms of the same provision: 'S.10' and 'section 10',
479b402430f14cda94042757,low,metadata,heuristic,provisions_cited contains variant forms of the same provision: 'S.2' and 'section 2',
47f275d52099272785a5c4de,low,metadata,heuristic,provisions_cited contains variant forms of the same provision: 'S. 14' and 'section 14',
47f2bb3b12197db34b54dd15,low,semantic_quality,heuristic,"final_order span text has no recognizable disposition wording (candidate: may be a reporter tag-line fragment, not the operative sentence)","Nub of the above discussion is that by accepting the instant writ petition, the impugned order dated 20.10.2020 passed by the learned Additional District Judge /Judge Family Court Hajira is hereby set"
47f2bb3b12197db34b54dd15,low,metadata,heuristic,provisions_cited contains variant forms of the same provision: 'Art.44' and 'Art. 44',
47fb21984574728132ad3b56,low,semantic_quality,heuristic,"final_order span text has no recognizable disposition wording (candidate: may be a reporter tag-line fragment, not the operative sentence)","8. For what has been discussed above, these appeals are partly accepted. The orders dated 4-1-2010, passed by the learned Judge Family Court in both the suits are maintained. The observation of the le"
47fb21984574728132ad3b56,low,metadata,heuristic,provisions_cited contains variant forms of the same provision: 'Section 14' and 'S.14',
47fb21984574728132ad3b56,low,metadata,heuristic,provisions_cited contains variant forms of the same provision: 'S.3' and 'S. 3',
47fb21984574728132ad3b56,low,metadata,heuristic,provisions_cited contains variant forms of the same provision: 'Section 14' and 'S. 14',
47fb21984574728132ad3b56,low,metadata,heuristic,provisions_cited contains variant forms of the same provision: 'S.17' and 'section 17',
47fb21984574728132ad3b56,low,metadata,heuristic,provisions_cited contains variant forms of the same provision: 'S.3' and 'section 3',
47fb21984574728132ad3b56,low,metadata,heuristic,provisions_cited contains variant forms of the same provision: 'Section 14' and 'section 14',
48609df3b3af141897eef158,low,semantic_quality,heuristic,quoted_material span has no quotation marks or sub-item markers (candidate: possible mislabel),"21-A. Interim order pending suit.---The Family Court may pass an interim order to preserve and protect any property in dispute in a suit and any other property of a party to the suit, the preservation"
48609df3b3af141897eef158,low,metadata,heuristic,provisions_cited contains variant forms of the same provision: 'S.21' and 'S. 21',
48609df3b3af141897eef158,low,metadata,heuristic,provisions_cited contains variant forms of the same provision: 'S.21' and 'section 21',
48609df3b3af141897eef158,low,metadata,heuristic,provisions_cited contains variant forms of the same provision: 'S.21' and 'Section 21',
4872383f7d76fd60662e16d4,low,metadata,heuristic,provisions_cited contains variant forms of the same provision: 'S.561' and 'Ss. 561',
4872383f7d76fd60662e16d4,low,metadata,heuristic,provisions_cited contains variant forms of the same provision: 'S.491' and 'Section 491',
4872383f7d76fd60662e16d4,low,metadata,heuristic,provisions_cited contains variant forms of the same provision: 'S.561' and 'Section 561',
4872383f7d76fd60662e16d4,low,metadata,heuristic,provisions_cited contains variant forms of the same provision: 'S.491' and 'section 491',
4873bec78a6f71be7c678163,low,metadata,heuristic,provisions_cited contains variant forms of the same provision: 'S.2' and 'section 2',
48d9fb02ce6e688e2f8a9cee,low,metadata,heuristic,provisions_cited contains variant forms of the same provision: 'S.7' and 'section 7',
48d9fb02ce6e688e2f8a9cee,low,metadata,heuristic,provisions_cited contains variant forms of the same provision: 'S.7' and 'Section 7',
48f5291ac2389d56e82e2774,low,semantic_quality,heuristic,quoted_material span has no quotation marks or sub-item markers (candidate: possible mislabel),"17. Section 15 of the Guardians Act contemplates appointment of several guardians in relation to a minor at the same time. Section 15 states the following:

15. Appointment or declaration of several g"
48f5291ac2389d56e82e2774,low,semantic_quality,heuristic,quoted_material span has no quotation marks or sub-item markers (candidate: possible mislabel),"25. Title of guardian to custody of ward. (1) If a ward leaves or is removed from the custody of a guardian of his person, the Court, if it is of opinion that it will be for the welfare of the ward to"
48f5291ac2389d56e82e2774,low,semantic_quality,heuristic,quoted_material span has no quotation marks or sub-item markers (candidate: possible mislabel),"25. Section 24 of the Guardians Act identifies duties of the guardian and states the following:

24. Duties of guardian of the person. A guardian of the person of a ward is charged with the custody of"
48f5291ac2389d56e82e2774,low,semantic_quality,heuristic,"final_order span text has no recognizable disposition wording (candidate: may be a reporter tag-line fragment, not the operative sentence)","7. Till such time that Child Protection Institutions are rendered functional and services of experts are made available at such Child Protection Institutions, the Chief Commissioner in his capacity as"
48f5291ac2389d56e82e2774,low,metadata,heuristic,provisions_cited contains variant forms of the same provision: 'Ss. 2' and 'S. 2',
48f5291ac2389d56e82e2774,low,metadata,heuristic,provisions_cited contains variant forms of the same provision: 'Section 7' and 'section 7',
48f5291ac2389d56e82e2774,low,metadata,heuristic,provisions_cited contains variant forms of the same provision: 'Section 15' and 'section 15',
48f5291ac2389d56e82e2774,low,metadata,heuristic,provisions_cited contains variant forms of the same provision: 'Ss. 19' and 'Section 19',
48f5291ac2389d56e82e2774,low,metadata,heuristic,provisions_cited contains variant forms of the same provision: 'Ss. 19' and 'section 19',
48f5291ac2389d56e82e2774,low,metadata,heuristic,provisions_cited contains variant forms of the same provision: 'section 25' and 'Section 25',
48f5291ac2389d56e82e2774,low,metadata,heuristic,provisions_cited contains variant forms of the same provision: 'Ss. 2' and 'Section 2',
48f5291ac2389d56e82e2774,low,metadata,heuristic,provisions_cited contains variant forms of the same provision: 'S. 16' and 'section 16',
48f5291ac2389d56e82e2774,low,metadata,heuristic,provisions_cited contains variant forms of the same provision: 'Ss. 19' and 'sections 19',
48f5291ac2389d56e82e2774,low,metadata,heuristic,provisions_cited contains variant forms of the same provision: 'Ss. 2' and 'section 2',
4906834e757c0db2786b1da1,low,semantic_quality,heuristic,span labeled 'evidence' contains counsel-submission phrasing (candidate: should possibly be 'arguments'),The learned counsel for the petitioner has vehemently contended that there is no evidence on record to show that the petitioner did not ordinarily reside within the territorial jurisdiction of Police 
4906834e757c0db2786b1da1,low,semantic_quality,heuristic,"final_order span text has no recognizable disposition wording (candidate: may be a reporter tag-line fragment, not the operative sentence)",AA./T‐173/K Petition accepted. .
4933226623e43c0c77183189,low,semantic_quality,heuristic,quoted_material span has no quotation marks or sub-item markers (candidate: possible mislabel),"16. In light of the proceedings held by this Court and while relying upon the statement of the plaintiff recorded as PW-1 it is ordered that the plaintiff has validly presented her claim for khula, as"
4933226623e43c0c77183189,low,metadata,heuristic,provisions_cited contains variant forms of the same provision: 'S.10' and 'section 10',
4933226623e43c0c77183189,low,metadata,heuristic,provisions_cited contains variant forms of the same provision: 'S.10' and 'Section10',
4933226623e43c0c77183189,low,metadata,heuristic,provisions_cited contains variant forms of the same provision: 'S.10' and 'Section 10',
4933226623e43c0c77183189,low,metadata,heuristic,provisions_cited contains variant forms of the same provision: 'Art.199' and 'Art. 199',
493c10c50c64d0b2f73e67b1,low,semantic_quality,heuristic,"final_order span text has no recognizable disposition wording (candidate: may be a reporter tag-line fragment, not the operative sentence)",2. Mr. Warsi for Mr. Padhiar requests for adjournment on the ground that the latter is not well. Adjourned to a date in office.
493c10c50c64d0b2f73e67b1,low,metadata,heuristic,provisions_cited contains variant forms of the same provision: 'S. 5' and 'section 5',
493c10c50c64d0b2f73e67b1,low,metadata,heuristic,provisions_cited contains variant forms of the same provision: 'S. 9' and 'section 9',
494064d282360d8d1275767c,low,semantic_quality,heuristic,quoted_material span has no quotation marks or sub-item markers (candidate: possible mislabel),'The Executing Court through its order dated 14.05.2011 declared such Hiba to be unlawful and such order of the Executing Court appears to have been maintained by the revisional Court. Once the Hiba i
497a976da01c09774eb05517,low,metadata,heuristic,provisions_cited contains variant forms of the same provision: 'S. 14' and 'S.14',
497a976da01c09774eb05517,low,metadata,heuristic,provisions_cited contains variant forms of the same provision: 'S. 14' and 'section 14',
497a976da01c09774eb05517,low,metadata,heuristic,provisions_cited contains variant forms of the same provision: 'S. 14' and 'Section 14',
499bd000cc11210294753920,low,semantic_quality,heuristic,quoted_material span has no quotation marks or sub-item markers (candidate: possible mislabel),"103. By a Muslim for exigible dower (mu'ajjal)

Three years Three years

When the dower is demanded and refused or (where, during the continuance of the marriage no such demand has been made, when the"
499bd000cc11210294753920,low,semantic_quality,heuristic,quoted_material span has no quotation marks or sub-item markers (candidate: possible mislabel),'According to Article 103 of Limitation Act all suits for the decree of prompt dower can be instituted within three years from its demand whereas time prescribed for the suit of deferred dower is thre
49ad68865178b3c4a33fa99e,low,semantic_quality,heuristic,quoted_material span has no quotation marks or sub-item markers (candidate: possible mislabel),"10. The Holy Quran being a Code itself provides that it is a simple Deen and anybody, who makes it complicated will stand ostracized. The provisions of Islam in respect of divorce are very simple and "
49ad68865178b3c4a33fa99e,low,metadata,heuristic,provisions_cited contains variant forms of the same provision: 'Ss. 7 & 8' and 'Ss.7 & 8',
49ad68865178b3c4a33fa99e,low,metadata,heuristic,provisions_cited contains variant forms of the same provision: 'Section 7' and 'section 7',
49ad68865178b3c4a33fa99e,low,metadata,heuristic,provisions_cited contains variant forms of the same provision: 'Section 8' and 'S.8',
49ad68865178b3c4a33fa99e,low,metadata,heuristic,provisions_cited contains variant forms of the same provision: 'Section 7' and 'S.7',
49ad68865178b3c4a33fa99e,low,metadata,heuristic,provisions_cited contains variant forms of the same provision: 'sections 7 and 8' and 'Sections 7 and 8',
49ce92a0290c078434cf6656,low,semantic_quality,heuristic,"final_order span text has no recognizable disposition wording (candidate: may be a reporter tag-line fragment, not the operative sentence)","As to the prayer for stay, it has been urged by the learned counsel for the caveator, respondent No. 3, that although the orders in the field so far, entitle her to the custody of the minor, the petit"
49ce92a0290c078434cf6656,low,metadata,heuristic,provisions_cited contains variant forms of the same provision: 'Section 14' and 'S. 14',
49ce92a0290c078434cf6656,low,metadata,heuristic,provisions_cited contains variant forms of the same provision: 'S. 12' and 'section 12',
49ce92a0290c078434cf6656,low,metadata,heuristic,provisions_cited contains variant forms of the same provision: 'Section 14' and 'section 14',
49ce92a0290c078434cf6656,low,metadata,heuristic,provisions_cited contains variant forms of the same provision: 'S. 47' and 'section 47',
49cfb817304b407ff57abcac,low,metadata,heuristic,provisions_cited contains variant forms of the same provision: 'S.12' and 'S. 12',
49cfb817304b407ff57abcac,low,metadata,heuristic,provisions_cited contains variant forms of the same provision: 'S.12' and 'section 12',
49cfb817304b407ff57abcac,low,metadata,heuristic,provisions_cited contains variant forms of the same provision: 'S.14' and 'section 14',
4a5004d99f2bc109024a24c2,low,semantic_quality,heuristic,"final_order span text has no recognizable disposition wording (candidate: may be a reporter tag-line fragment, not the operative sentence)",K.M.Z./A-67/L Petition partly accepted.
4ac7d96a4e6d64f74e74f186,low,metadata,heuristic,provisions_cited contains variant forms of the same provision: 'S.14' and 'section 14',
4ac9bd13931974e7a816db16,low,semantic_quality,heuristic,"final_order span text has no recognizable disposition wording (candidate: may be a reporter tag-line fragment, not the operative sentence)","A.A./A‐1245/L Petition accepted,"
4b23347269467d6a246031af,low,metadata,heuristic,provisions_cited contains variant forms of the same provision: 'section 25' and 'S. 25',
4b23347269467d6a246031af,low,metadata,heuristic,provisions_cited contains variant forms of the same provision: 'S. 25A' and 'section 25A',
4b23347269467d6a246031af,low,metadata,heuristic,provisions_cited contains variant forms of the same provision: 'section 4A' and 'Section 4A',
4b23347269467d6a246031af,low,metadata,heuristic,provisions_cited contains variant forms of the same provision: 'S. 5' and 'Section 5',
4b23347269467d6a246031af,low,metadata,heuristic,provisions_cited contains variant forms of the same provision: 'section 25' and 'Section 25',
4b23347269467d6a246031af,low,metadata,heuristic,provisions_cited contains variant forms of the same provision: 'S. 5' and 'section 5',
4bb3d8e2e5c4ef8283fab3c0,low,semantic_quality,heuristic,"final_order span text has no recognizable disposition wording (candidate: may be a reporter tag-line fragment, not the operative sentence)",H.B.T./F‐181/L Petition accepted.
4bd1434759d204fe2e27cd77,low,metadata,heuristic,provisions_cited contains variant forms of the same provision: 'Art.199' and 'Art. 199',
4c0643231d4126de7631b30f,low,metadata,heuristic,provisions_cited contains variant forms of the same provision: 'S. 5' and 'section 5',
4c4d37c54351d9f0417baef2,low,metadata,heuristic,provisions_cited contains variant forms of the same provision: 'S. 2' and 'section 2',
4c4d37c54351d9f0417baef2,low,metadata,heuristic,provisions_cited contains variant forms of the same provision: 'S. 6' and 'section 6',
4c4d37c54351d9f0417baef2,low,metadata,heuristic,provisions_cited contains variant forms of the same provision: 'S. 2' and 'Section 2',
4c4d37c54351d9f0417baef2,low,metadata,heuristic,provisions_cited contains variant forms of the same provision: 'S. 6' and 'Section 6',
4c4d37c54351d9f0417baef2,low,metadata,heuristic,provisions_cited contains variant forms of the same provision: 'Section 7' and 'section 7',
4c7bf57ceba9960643af7989,low,metadata,heuristic,provisions_cited contains variant forms of the same provision: 'S. 14' and 'section 14',
4cab313d3cd791db62094e4f,low,semantic_quality,heuristic,span labeled 'court_reasoning' contains counsel-submission phrasing (candidate: should possibly be 'arguments'),10. The learned counsel for the petitioner has vehemently argued that in any event the entry in column No.16 of the Nikahnama relating to dower clearly shows that the dower is deferred and not prompt.
4cab313d3cd791db62094e4f,low,metadata,heuristic,provisions_cited contains variant forms of the same provision: 'S. 6' and 'S.6',
4cab313d3cd791db62094e4f,low,metadata,heuristic,provisions_cited contains variant forms of the same provision: 'S. 6' and 'Section 6',
4cab313d3cd791db62094e4f,low,metadata,heuristic,provisions_cited contains variant forms of the same provision: 'Art.199' and 'Art. 199',
4d151107f4c8c18b55c0dc4f,low,semantic_quality,heuristic,"final_order span text has no recognizable disposition wording (candidate: may be a reporter tag-line fragment, not the operative sentence)",H.B.T./J‐69/L
4d151107f4c8c18b55c0dc4f,low,semantic_quality,heuristic,"final_order span text has no recognizable disposition wording (candidate: may be a reporter tag-line fragment, not the operative sentence)",Petition accepted.
4d71a3be6bdf95906ddf0064,low,metadata,heuristic,provisions_cited contains variant forms of the same provision: 'S. 151' and 'section 151',
4d71a3be6bdf95906ddf0064,low,metadata,heuristic,provisions_cited contains variant forms of the same provision: 'S. 17' and 'section 17',
4d71a3be6bdf95906ddf0064,low,metadata,heuristic,provisions_cited contains variant forms of the same provision: 'S. 151' and 'Section 151',
4dd838d6aa1ae2d03ef3c7b0,low,metadata,heuristic,provisions_cited contains variant forms of the same provision: 'Art.199' and 'Art. 199',
4e13e8237eced39ee735847b,low,metadata,heuristic,provisions_cited contains variant forms of the same provision: 'S.12' and 'S. 12',
4e13e8237eced39ee735847b,low,metadata,heuristic,provisions_cited contains variant forms of the same provision: 'S.25' and 'section 25',
4e13e8237eced39ee735847b,low,metadata,heuristic,provisions_cited contains variant forms of the same provision: 'S.12' and 'section 12',
4e13e8237eced39ee735847b,low,metadata,heuristic,provisions_cited contains variant forms of the same provision: 'S. 47' and 'section 47',
4e13e8237eced39ee735847b,low,metadata,heuristic,provisions_cited contains variant forms of the same provision: 'S.14' and 'section 14',
4e378004513d20dda9486057,low,semantic_quality,heuristic,"final_order span text has no recognizable disposition wording (candidate: may be a reporter tag-line fragment, not the operative sentence)","20. For what has been discussed above, this writ petition is partially accepted leaving the parties to bear their own cost."
4e378004513d20dda9486057,low,metadata,heuristic,provisions_cited contains variant forms of the same provision: 'S.7' and 'section 7',
4e378004513d20dda9486057,low,metadata,heuristic,provisions_cited contains variant forms of the same provision: 'S. 5' and 'section 5',
4e378004513d20dda9486057,low,metadata,heuristic,provisions_cited contains variant forms of the same provision: 'Sections 130' and 'section 130',
4eb4b14e80ec5c55cca05177,low,metadata,heuristic,provisions_cited contains variant forms of the same provision: 'S. 7' and 'Section 7',
4eb4b14e80ec5c55cca05177,low,metadata,heuristic,provisions_cited contains variant forms of the same provision: 'S. 7' and 'section 7',
4f00588f636f531ea3e41aaa,low,semantic_quality,heuristic,span labeled 'court_reasoning' contains counsel-submission phrasing (candidate: should possibly be 'arguments'),"15. The learned counsel for the respondents Nos.1 and 2 has argued that the petitioner has filed a suit for possession of immovable property and the learned Judge Family Court, Jand has no jurisdictio"
4f00588f636f531ea3e41aaa,low,semantic_quality,heuristic,span labeled 'court_reasoning' contains counsel-submission phrasing (candidate: should possibly be 'arguments'),16. The learned counsel for the respondents Nos.1 and 2 has further argued that the suit of the petitioner could not be decreed because immovable property of the value more than Rs.100 cannot be trans
4f00588f636f531ea3e41aaa,low,semantic_quality,heuristic,span labeled 'court_reasoning' contains counsel-submission phrasing (candidate: should possibly be 'arguments'),"18. The learned counsel for the respondents Nos.1 and 2 has argued that as the husband of the petitioner was not owner of the land in question against therefore, the suit filed by father-in-law (defen"
4f00588f636f531ea3e41aaa,low,semantic_quality,heuristic,"final_order span text has no recognizable disposition wording (candidate: may be a reporter tag-line fragment, not the operative sentence)",S.A.K./R-51/L Petition accepted.
4f00588f636f531ea3e41aaa,low,metadata,heuristic,provisions_cited contains variant forms of the same provision: 'S. 5' and 'section 5',
4f00588f636f531ea3e41aaa,low,metadata,heuristic,provisions_cited contains variant forms of the same provision: 'S. 5' and 'Section 5',
4f00588f636f531ea3e41aaa,low,metadata,heuristic,provisions_cited contains variant forms of the same provision: 'S. 5' and 'S.5',
4f66c70d00a52c6d55b72f3f,low,semantic_quality,heuristic,"final_order span text has no recognizable disposition wording (candidate: may be a reporter tag-line fragment, not the operative sentence)",S.A.K./N-62/L??????????????????????????????????????????????????????????????????????????????????????????????? Petition accepted.
4f66c70d00a52c6d55b72f3f,low,metadata,heuristic,provisions_cited contains variant forms of the same provision: 'S.17' and 'section 17',
4f66c70d00a52c6d55b72f3f,low,metadata,heuristic,provisions_cited contains variant forms of the same provision: 'S.11' and 'section 11',
4f66c70d00a52c6d55b72f3f,low,metadata,heuristic,provisions_cited contains variant forms of the same provision: 'S.12' and 'section 12',
4f66c70d00a52c6d55b72f3f,low,metadata,heuristic,provisions_cited contains variant forms of the same provision: 'S. 5' and 'section 5',
4fbbd207e168a422091e5066,low,semantic_quality,heuristic,quoted_material span has no quotation marks or sub-item markers (candidate: possible mislabel),"Similarly, in the case of Mst. Shehnaz Mai v. Ghulam Abbas and 2 others (2018 CLC Note 104), column 17 of the Nikah Nama was also interpreted in the same way and the property mentioned therein was dec"
4fbbd207e168a422091e5066,low,metadata,heuristic,provisions_cited contains variant forms of the same provision: 'S.5' and 'S. 5',
4fbbd207e168a422091e5066,low,metadata,heuristic,provisions_cited contains variant forms of the same provision: 'S.5' and 'Section 5',
4fbbd207e168a422091e5066,low,metadata,heuristic,provisions_cited contains variant forms of the same provision: 'Section 15' and 'section 15',
4fbbd207e168a422091e5066,low,metadata,heuristic,provisions_cited contains variant forms of the same provision: 'S.16' and 'section 16',
4fc31bcf0a334741e3fd75ca,low,semantic_quality,heuristic,"final_order span text has no recognizable disposition wording (candidate: may be a reporter tag-line fragment, not the operative sentence)",5. The parties are directed to appear before the learned appellate Court on 17.5.2017.
4fc31bcf0a334741e3fd75ca,low,metadata,heuristic,provisions_cited contains variant forms of the same provision: 'S. 14' and 'section 14',
4fc31bcf0a334741e3fd75ca,low,metadata,heuristic,provisions_cited contains variant forms of the same provision: 'S. 14' and 'S.14',
50350907be3734121f08b8da,low,metadata,heuristic,provisions_cited contains variant forms of the same provision: 'S. 2' and 'section 2',
50350907be3734121f08b8da,low,metadata,heuristic,provisions_cited contains variant forms of the same provision: 'S. 5' and 'section 5',
50350907be3734121f08b8da,low,metadata,heuristic,provisions_cited contains variant forms of the same provision: 'S. 2' and 'sections 2',
50350907be3734121f08b8da,low,metadata,heuristic,provisions_cited contains variant forms of the same provision: 'S. 2' and 'Section 2',
50350907be3734121f08b8da,low,metadata,heuristic,provisions_cited contains variant forms of the same provision: 'S. 5' and 'Section 5',
5097ba56b1a01df781e1c7b8,low,semantic_quality,heuristic,quoted_material span has no quotation marks or sub-item markers (candidate: possible mislabel),"In presence of the Code, need was felt to have a forum for resolution of family disputes, wherein instead of cumbersome procedure, a short and simple methodology shall be provided for settlement and d"
5097ba56b1a01df781e1c7b8,low,semantic_quality,heuristic,quoted_material span has no quotation marks or sub-item markers (candidate: possible mislabel),34. Conduct of a party before a Court of law is always taken as relevant. The Court has to take exception to the conduct of a party like' in the case in hand. The respondent-husband voluntarily opted 
5097ba56b1a01df781e1c7b8,low,semantic_quality,heuristic,quoted_material span has no quotation marks or sub-item markers (candidate: possible mislabel),"---------. We are not persuaded to hold, that the ex parte decree dated 4-7-2008 was void, for the reason that there is no provision in the West Pakistan Family Courts Act, 1964 to strike off the defe"
5097ba56b1a01df781e1c7b8,low,metadata,heuristic,provisions_cited contains variant forms of the same provision: 'S. 14' and 'Section 14',
5097ba56b1a01df781e1c7b8,low,metadata,heuristic,provisions_cited contains variant forms of the same provision: 'S. 17' and 'section 17',
50eae847db85b2aac1f83848,low,metadata,heuristic,provisions_cited contains variant forms of the same provision: 'S. 5' and 'S.5',
5114836790107329161990eb,low,semantic_quality,heuristic,"final_order span text has no recognizable disposition wording (candidate: may be a reporter tag-line fragment, not the operative sentence)","4. The petitioner shall appear before the learned Family Court on 25th February, 1984."
5114836790107329161990eb,low,semantic_quality,heuristic,"final_order span text has no recognizable disposition wording (candidate: may be a reporter tag-line fragment, not the operative sentence)",M.Z.M. Petition accepted.
5114836790107329161990eb,low,metadata,heuristic,provisions_cited contains variant forms of the same provision: 'S. 9' and 'section 9',
518f5f29cb60fb5c69202889,low,metadata,heuristic,provisions_cited contains variant forms of the same provision: 'S. 5' and 'section 5',
519cd8f32d547dea24c9897e,low,semantic_quality,heuristic,"final_order span text has no recognizable disposition wording (candidate: may be a reporter tag-line fragment, not the operative sentence)",Q.M.H./M.A.K./R‐22/L
519cd8f32d547dea24c9897e,low,metadata,heuristic,provisions_cited contains variant forms of the same provision: 'S.10' and 'S. 10',
51c911d408018c460325b0c2,low,semantic_quality,heuristic,"final_order span text has no recognizable disposition wording (candidate: may be a reporter tag-line fragment, not the operative sentence)",SA/32/P Petition accepted.
51f88129833fa1f633ea5f46,low,semantic_quality,heuristic,"final_order span text has no recognizable disposition wording (candidate: may be a reporter tag-line fragment, not the operative sentence)","15. Since it is a family matter, therefore, both the parties shall appear before the learned District Judge concerned on 19-6-2009, who shall entrust to the same to any competent Court of law to decid"
51f88129833fa1f633ea5f46,low,metadata,heuristic,provisions_cited contains variant forms of the same provision: 'S.18' and 'Section 18',
5205db95298faab38db0608c,low,metadata,heuristic,provisions_cited contains variant forms of the same provision: 'S. 2' and 'Ss. 2',
5205db95298faab38db0608c,low,metadata,heuristic,provisions_cited contains variant forms of the same provision: 'S. 2' and 'sections 2',
5205db95298faab38db0608c,low,metadata,heuristic,provisions_cited contains variant forms of the same provision: 'S. 2' and 'S.2',
5205db95298faab38db0608c,low,metadata,heuristic,provisions_cited contains variant forms of the same provision: 'S.5' and 'Section 5',
5205db95298faab38db0608c,low,metadata,heuristic,provisions_cited contains variant forms of the same provision: 'S.5' and 'section 5',
5205db95298faab38db0608c,low,metadata,heuristic,provisions_cited contains variant forms of the same provision: 'S. 2' and 'section 2',
52137e9b79861cb43555eca1,low,semantic_quality,heuristic,"final_order span text has no recognizable disposition wording (candidate: may be a reporter tag-line fragment, not the operative sentence)",AG/78/Bal. Petition accepte
52137e9b79861cb43555eca1,low,metadata,heuristic,provisions_cited contains variant forms of the same provision: 'Section 47' and 'section 47',
52137e9b79861cb43555eca1,low,metadata,heuristic,provisions_cited contains variant forms of the same provision: 'S.14' and 'section 14',
52137e9b79861cb43555eca1,low,metadata,heuristic,provisions_cited contains variant forms of the same provision: 'S.25' and 'section 25',
52137e9b79861cb43555eca1,low,metadata,heuristic,provisions_cited contains variant forms of the same provision: 'Section 4' and 'section 4',
52137e9b79861cb43555eca1,low,metadata,heuristic,provisions_cited contains variant forms of the same provision: 'S.14' and 'Section 14',
52578a47216059aafd07d163,low,metadata,heuristic,provisions_cited contains variant forms of the same provision: 'S.25' and 'section 25',
52578a47216059aafd07d163,low,metadata,heuristic,provisions_cited contains variant forms of the same provision: 'S.25' and 'Section 25',
525e48cc431415f2b552907f,low,semantic_quality,heuristic,span labeled 'court_reasoning' contains counsel-submission phrasing (candidate: should possibly be 'arguments'),4. I have heard the learned counsel for the petitioner at quite some length and with his able assistance perused the record as well as the impugned judgments minutely. The impugned order was passed as
525e48cc431415f2b552907f,low,semantic_quality,heuristic,"final_order span text has no recognizable disposition wording (candidate: may be a reporter tag-line fragment, not the operative sentence)",5. A copy of this order shall be sent to the learned executing Court for favour of information.
52725cb44a97ff50f700ea8b,low,semantic_quality,heuristic,"final_order span text has no recognizable disposition wording (candidate: may be a reporter tag-line fragment, not the operative sentence)",H. B.T./1969/P Petition accepted.
5281897430ee2ab5341120fd,low,semantic_quality,heuristic,quoted_material span has no quotation marks or sub-item markers (candidate: possible mislabel),"8. A reference from Majmoo-e-Qwaneen-e-Islam edited by Dr. Tanzeel ur Rehman is quoted for ready reference, wherein the following Hadith has been narrated at Page 870:"
52fab4f072d367213be4fcdd,low,semantic_quality,heuristic,span labeled 'final_order' contains counsel-submission phrasing (candidate: should possibly be 'arguments'),5. Learned counsel for respondent No. l also contended that in writ jurisdiction this Court would not interfere with the impugned judgment which has been passed in accordance with law. This contention
52fab4f072d367213be4fcdd,low,semantic_quality,heuristic,"final_order span text has no recognizable disposition wording (candidate: may be a reporter tag-line fragment, not the operative sentence)",H.B.T./T‐73/L
531763556dc4bc00e7e656a8,low,semantic_quality,heuristic,"final_order span text has no recognizable disposition wording (candidate: may be a reporter tag-line fragment, not the operative sentence)",H. B. T.
532ae786221aca49ea577aba,low,semantic_quality,heuristic,span labeled 'court_reasoning' contains counsel-submission phrasing (candidate: should possibly be 'arguments'),2-A. I have heard learned counsel for the parties. The fact that emerges from record and which is not denied by the parties is that the petitioner was unfortunate in not bearing a child from the respo
532ae786221aca49ea577aba,low,semantic_quality,heuristic,"final_order span text has no recognizable disposition wording (candidate: may be a reporter tag-line fragment, not the operative sentence)",5. The net result of the above discussion is that the impugned judgments of the learned Judge Family Court and learned Additional District Judge are hereby declared to have been passed without lawful 
532ae786221aca49ea577aba,low,semantic_quality,heuristic,"final_order span text has no recognizable disposition wording (candidate: may be a reporter tag-line fragment, not the operative sentence)",M. I. Petitions accepted.
533f44d7fcf5bc9cf1fd80fd,low,semantic_quality,heuristic,quoted_material span has no quotation marks or sub-item markers (candidate: possible mislabel),"Ordinance XXVII of 1981

Preamble

Whereas it is expedient that certain laws, which are spent or have otherwise become unnecessary or have ceased to be in force otherwise than by express or specific r"
533f44d7fcf5bc9cf1fd80fd,low,semantic_quality,heuristic,quoted_material span has no quotation marks or sub-item markers (candidate: possible mislabel),"Item No.18 of Second Schedule to the Ordinance XXVII of 1981

18. The Muslim Family Laws Ordinance, VIII of 1961.

Sections 12 and 13 shall be omitted."
533f44d7fcf5bc9cf1fd80fd,low,semantic_quality,heuristic,quoted_material span has no quotation marks or sub-item markers (candidate: possible mislabel),"Section 6-A of the General Clauses Act, 1897

6-A. Repeal of Act making textual amendment in Act or Regulation. Where any Central Act or Regulation made after the commencement of this Act repeals any "
533f44d7fcf5bc9cf1fd80fd,low,semantic_quality,heuristic,quoted_material span has no quotation marks or sub-item markers (candidate: possible mislabel),"12. The plain effect of section 6-A of the General Clauses Act is that the repeal of an amending Act does not affect the continuance of the amendment which, in fact, becomes a part and parcel of the m"
533f44d7fcf5bc9cf1fd80fd,low,semantic_quality,heuristic,quoted_material span has no quotation marks or sub-item markers (candidate: possible mislabel),"9. undoubtedly the observation of the learned Magistrate that after the repeal of Ordinance No.XXVII of 1981, section 249-A, Cr.P.C stood omitted is fallacious on the face of it. Ordinance No.XXVII of"
533f44d7fcf5bc9cf1fd80fd,low,metadata,heuristic,provisions_cited contains variant forms of the same provision: 'S.2' and 'Section 2',
533f44d7fcf5bc9cf1fd80fd,low,metadata,heuristic,provisions_cited contains variant forms of the same provision: 'S.2' and 'section 2',
533f44d7fcf5bc9cf1fd80fd,low,metadata,heuristic,provisions_cited contains variant forms of the same provision: 'S.13' and 'Section 13',
533f44d7fcf5bc9cf1fd80fd,low,metadata,heuristic,provisions_cited contains variant forms of the same provision: 'Section 6' and 'section 6',
533f44d7fcf5bc9cf1fd80fd,low,metadata,heuristic,provisions_cited contains variant forms of the same provision: 'Section 54' and 'section 54',
5376c39cc3c7b922ee6c1475,low,metadata,heuristic,provisions_cited contains variant forms of the same provision: 'S.10' and 'section 10',
5396a0b1fa8139a31a456d0b,low,semantic_quality,heuristic,quoted_material span has no quotation marks or sub-item markers (candidate: possible mislabel),"SECTION-5

Jurisdiction.---[1] Subject to the provisions of the Muslim Family Laws Ordinance, 1961, and the Conciliation Courts Ordinance, 1961, the Family Courts shall have exclusive jurisdiction to "
5396a0b1fa8139a31a456d0b,low,metadata,heuristic,provisions_cited contains variant forms of the same provision: 'S. 9' and 'Section 9',
5396a0b1fa8139a31a456d0b,low,metadata,heuristic,provisions_cited contains variant forms of the same provision: 'S. 9' and 'section 9',
53ba3a6b6db7eee4ac6e36f5,low,semantic_quality,heuristic,"final_order span text has no recognizable disposition wording (candidate: may be a reporter tag-line fragment, not the operative sentence)",H.B.T./S-168/L Petition accepted.
53ba3a6b6db7eee4ac6e36f5,low,metadata,heuristic,provisions_cited contains variant forms of the same provision: 'S. 9' and 'section 9',
53d4e01a02d7be33df7d9ba2,low,metadata,heuristic,provisions_cited contains variant forms of the same provision: 'S. 14' and 'section 14',
53da9b198973f615af28245a,low,semantic_quality,heuristic,quoted_material span has no quotation marks or sub-item markers (candidate: possible mislabel),13. In Miskhat there are several traditions which show that the consent of an adult virgin for her Nikah validates the marriage and that such consent may be given by a girl remaining silent. These tra
53da9b198973f615af28245a,low,semantic_quality,heuristic,quoted_material span has no quotation marks or sub-item markers (candidate: possible mislabel),The difference of view and particularly the Hanafi view on the subject will be clear from the following translation of the relevant passage from p. 117 of Vol. II of Tabeenul Haqaiq Commentary of Kanz
53da9b198973f615af28245a,low,semantic_quality,heuristic,span labeled 'court_reasoning' contains counsel-submission phrasing (candidate: should possibly be 'arguments'),12. Learned counsel for the petitioner argued with vehemence that time and place of performance of Nikah was not disclosed by respondent No.3. The said assertion of the petitioner stands negated from 
53da9b198973f615af28245a,low,metadata,heuristic,provisions_cited contains variant forms of the same provision: 'S.5' and 'section 5',
53da9b198973f615af28245a,low,metadata,heuristic,provisions_cited contains variant forms of the same provision: 'section 18' and 'Section 18',
53f5f8e48a70f6a7c5cf87a0,low,metadata,heuristic,provisions_cited contains variant forms of the same provision: 'S. 17' and 'section 17',
5430b45d2b1885bcf7cbf468,low,metadata,heuristic,provisions_cited contains variant forms of the same provision: 'S.5' and 'section 5',
54493c54b276a4ebc421d6ed,low,semantic_quality,heuristic,quoted_material span has no quotation marks or sub-item markers (candidate: possible mislabel),"If 'having it all' means having the same lives that men have traditionally had, then this is very hard for us to do. But if it means having a productive balance between professional and family respons"
54493c54b276a4ebc421d6ed,low,semantic_quality,heuristic,quoted_material span has no quotation marks or sub-item markers (candidate: possible mislabel),"Section 7: Court to act on principles of English Divorce Court. Subject to the provisions contained in this Act, the Courts shall, in all suits and proceedings hereunder, act and give relief on princi"
54493c54b276a4ebc421d6ed,low,semantic_quality,heuristic,quoted_material span has no quotation marks or sub-item markers (candidate: possible mislabel),"8. Admittedly, a husband can file a petition for dissolution of marriage on the grounds of adultery as mentioned in section 10 ibid Act but the right of husband to file a petition for dissolution of m"
54493c54b276a4ebc421d6ed,low,semantic_quality,heuristic,quoted_material span has no quotation marks or sub-item markers (candidate: possible mislabel),"Rule 1. Judgment when pronounced.

(1) On completion of evidence, the Court shall fix a date, not exceeding fifteen days, for hearing of arguments of parties.

(2) The Court shall, after the case has "
54493c54b276a4ebc421d6ed,low,semantic_quality,heuristic,quoted_material span has no quotation marks or sub-item markers (candidate: possible mislabel),The bond of marriage between Christian husband and wife is of a permanent nature and as such the wife has to prove her case on the concrete facts after leading reliable and cogent evidence to the fact
54493c54b276a4ebc421d6ed,low,semantic_quality,heuristic,quoted_material span has no quotation marks or sub-item markers (candidate: possible mislabel),"Undeniably, under Section 10 of the Act ibid, it is clear from bare reading that unless and until anyone of the grounds as mentioned above is not proved marriage cannot be dissolved meaning thereby to"
54493c54b276a4ebc421d6ed,low,semantic_quality,heuristic,quoted_material span has no quotation marks or sub-item markers (candidate: possible mislabel),There is no doubt that the petitioner was at liberty to verify his case in whole or in part by affidavit as provided in section 51 of the Act. Ordinarily such affidavit should not be accepted without 
54493c54b276a4ebc421d6ed,low,semantic_quality,heuristic,quoted_material span has no quotation marks or sub-item markers (candidate: possible mislabel),"10. When husband may petition for dissolution. Any husband may present a petition to the 1 [Court of Civil Judge] praying that his marriage may be dissolved on the ground that this wife has, since the"
54493c54b276a4ebc421d6ed,low,semantic_quality,heuristic,"final_order span text has no recognizable disposition wording (candidate: may be a reporter tag-line fragment, not the operative sentence)","24. A copy of this judgment shall also be transmitted to the Director General, Punjab Judicial Academy, to start an appropriate training and workshop for the subordinate judiciary on the interpretatio"
54493c54b276a4ebc421d6ed,low,metadata,heuristic,provisions_cited contains variant forms of the same provision: 'Ss. 10 & 22' and 'Ss.10 & 22',
54493c54b276a4ebc421d6ed,low,metadata,heuristic,provisions_cited contains variant forms of the same provision: 'S.10' and 'Section 10',
54493c54b276a4ebc421d6ed,low,metadata,heuristic,provisions_cited contains variant forms of the same provision: 'S.10' and 'section 10',
54493c54b276a4ebc421d6ed,low,metadata,heuristic,provisions_cited contains variant forms of the same provision: 'Section 51' and 'section 51',
54493c54b276a4ebc421d6ed,low,metadata,heuristic,provisions_cited contains variant forms of the same provision: 'section 11' and 'Section 11',
54493c54b276a4ebc421d6ed,low,metadata,heuristic,provisions_cited contains variant forms of the same provision: 'Ss.3' and 'Section 3',
54493c54b276a4ebc421d6ed,low,metadata,heuristic,provisions_cited contains variant forms of the same provision: 'section 22' and 'Section 22',
54493c54b276a4ebc421d6ed,low,metadata,heuristic,provisions_cited contains variant forms of the same provision: 'Art.20' and 'Art. 20',
54637758d110384cbbf5590b,low,metadata,heuristic,provisions_cited contains variant forms of the same provision: 'Ss. 7 & 17' and 'Ss.7 & 17',
54676dd6d44852126dd930c6,low,semantic_quality,heuristic,"final_order span text has no recognizable disposition wording (candidate: may be a reporter tag-line fragment, not the operative sentence)",SA/M-51/L Order accordingl
546d8b11944203c4c61ade1f,low,metadata,heuristic,provisions_cited contains variant forms of the same provision: 'S.14' and 'section 14',
54780cc587bb15f41a3bb6d1,low,semantic_quality,heuristic,"final_order span text has no recognizable disposition wording (candidate: may be a reporter tag-line fragment, not the operative sentence)",A.A./A‐358/L Petition accepted.
54780cc587bb15f41a3bb6d1,low,metadata,heuristic,provisions_cited contains variant forms of the same provision: 'S. 14' and 'S.14',
54780cc587bb15f41a3bb6d1,low,metadata,heuristic,provisions_cited contains variant forms of the same provision: 'S. 14' and 'section 14',
54780cc587bb15f41a3bb6d1,low,metadata,heuristic,provisions_cited contains variant forms of the same provision: 'S. 14' and 'Section 14',
54bf9839c28bd1d315b2b643,low,metadata,heuristic,provisions_cited contains variant forms of the same provision: 'S. 24' and 'section 24',
54bf9839c28bd1d315b2b643,low,metadata,heuristic,provisions_cited contains variant forms of the same provision: 'S. 151' and 'section 151',
54bf9839c28bd1d315b2b643,low,metadata,heuristic,provisions_cited contains variant forms of the same provision: 'S. 17' and 'section 17',
54bf9839c28bd1d315b2b643,low,metadata,heuristic,provisions_cited contains variant forms of the same provision: 'S. 24' and 'Section 24',
54bf9839c28bd1d315b2b643,low,metadata,heuristic,provisions_cited contains variant forms of the same provision: 'S. 151' and 'Section 151',
54ca53b142a62c922c4f8e12,low,semantic_quality,heuristic,"final_order span text has no recognizable disposition wording (candidate: may be a reporter tag-line fragment, not the operative sentence)","16. Before parting with this order, it is observed that if in future respondent No.1 considers the quantum of maintenance insufficient to cater for the needs of the minor, she would be at liberty to i"
54ca53b142a62c922c4f8e12,low,metadata,heuristic,provisions_cited contains variant forms of the same provision: 'S. 5' and 'Ss.5',
54ca53b142a62c922c4f8e12,low,metadata,heuristic,provisions_cited contains variant forms of the same provision: 'S. 5' and 'section 5',
54ca53b142a62c922c4f8e12,low,metadata,heuristic,provisions_cited contains variant forms of the same provision: 'Section 9' and 'section 9',
550a36dd4dd0ceda118cf8ec,low,semantic_quality,heuristic,span labeled 'facts' contains counsel-submission phrasing (candidate: should possibly be 'arguments'),"Mst. Imtiaz Begum was married to petitioner. Out of this union, Mst. Imtiaz Begum gave birth to four daughters namely, Mumtaz Kausar, Robina Khalid, Farah Deeba and Tubassam Khalid. Imtiaz Begum on he"
550a36dd4dd0ceda118cf8ec,low,metadata,heuristic,provisions_cited contains variant forms of the same provision: 'S. 11' and 'section 11',
553af134bfe95e89edf9504f,low,metadata,heuristic,provisions_cited contains variant forms of the same provision: 'S. 5' and 'S.5',
553cd1a4f1bbbb1c1bed5722,low,semantic_quality,heuristic,"final_order span text has no recognizable disposition wording (candidate: may be a reporter tag-line fragment, not the operative sentence)",12. Foregoing are the reasons for short order dated 17.07.2017.
553cd1a4f1bbbb1c1bed5722,low,metadata,heuristic,provisions_cited contains variant forms of the same provision: 'S.14' and 'Section 14',
553d063f5cfe50d5197aef70,low,semantic_quality,heuristic,"final_order span text has no recognizable disposition wording (candidate: may be a reporter tag-line fragment, not the operative sentence)",A copy of this judgment be sent to the Government of Sind.
553d063f5cfe50d5197aef70,low,metadata,heuristic,provisions_cited contains variant forms of the same provision: 'S.25' and 'section 25',
553d063f5cfe50d5197aef70,low,metadata,heuristic,provisions_cited contains variant forms of the same provision: 'section 151' and 'Section 151',
553f8daa28578c8dcc28771f,low,semantic_quality,heuristic,"final_order span text has no recognizable disposition wording (candidate: may be a reporter tag-line fragment, not the operative sentence)","Nasir ul Mulk, J"
553f8daa28578c8dcc28771f,low,metadata,heuristic,provisions_cited contains variant forms of the same provision: 'S.5' and 'S. 5',
553f8daa28578c8dcc28771f,low,metadata,heuristic,provisions_cited contains variant forms of the same provision: 'S. 17' and 'S.17',
553f8daa28578c8dcc28771f,low,metadata,heuristic,provisions_cited contains variant forms of the same provision: 'S. 17' and 'section 17',
554ac94ee384b0a31b83e86c,low,metadata,heuristic,provisions_cited contains variant forms of the same provision: 'S.9' and 'S. 9',
554ac94ee384b0a31b83e86c,low,metadata,heuristic,provisions_cited contains variant forms of the same provision: 'S.12' and 'S. 12',
554ac94ee384b0a31b83e86c,low,metadata,heuristic,provisions_cited contains variant forms of the same provision: 'Ss.7 & 17' and 'Ss. 7 & 17',
554ac94ee384b0a31b83e86c,low,metadata,heuristic,provisions_cited contains variant forms of the same provision: 'section 488' and 'Section 488',
554ac94ee384b0a31b83e86c,low,metadata,heuristic,provisions_cited contains variant forms of the same provision: 'S.290' and 'section 290',
554ac94ee384b0a31b83e86c,low,metadata,heuristic,provisions_cited contains variant forms of the same provision: 'S.9' and 'Section 9',
554ac94ee384b0a31b83e86c,low,metadata,heuristic,provisions_cited contains variant forms of the same provision: 'S. 17' and 'Section 17',
554ac94ee384b0a31b83e86c,low,metadata,heuristic,provisions_cited contains variant forms of the same provision: 'S.12' and 'Section 12',
554ac94ee384b0a31b83e86c,low,metadata,heuristic,provisions_cited contains variant forms of the same provision: 'Art.199' and 'Art. 199',
555fce3cc17a5ac49de53d85,low,metadata,heuristic,provisions_cited contains variant forms of the same provision: 'S. 3' and 'S.3',
555fce3cc17a5ac49de53d85,low,metadata,heuristic,provisions_cited contains variant forms of the same provision: 'S. 3' and 'Section 3',
5565654605d7920ca5283c68,low,metadata,heuristic,provisions_cited contains variant forms of the same provision: 'S.17' and 'section 17',
557b227e647ea3f47cd4a895,low,metadata,heuristic,provisions_cited contains variant forms of the same provision: 'S. 5' and 'section 5',
557b227e647ea3f47cd4a895,low,metadata,heuristic,provisions_cited contains variant forms of the same provision: 'Art.163' and 'Art. 163',
559a4b18e1f3ff96c4960b56,low,semantic_quality,heuristic,quoted_material span has no quotation marks or sub-item markers (candidate: possible mislabel),'It is inconceivable that elements of fraud and misrepresentation may anywise be involved in the exercise of lawful authority conferred on a counsel by means of Wakalatnama. This appointment is made a
559a4b18e1f3ff96c4960b56,low,semantic_quality,heuristic,quoted_material span has no quotation marks or sub-item markers (candidate: possible mislabel),"'13. It is by now well-settled that an Advocate has authority to make statement on behalf of his client, which is binding upon the client, unless there is any thing contrary in the Vakalatnama putting"
559a4b18e1f3ff96c4960b56,low,metadata,heuristic,provisions_cited contains variant forms of the same provision: 'section 9' and 'Section 9',
560f2aa1e8b15bfc093c5604,low,metadata,heuristic,provisions_cited contains variant forms of the same provision: 'S.12' and 'section 12',
562b3cd76fab6cbeeb9892e4,low,metadata,heuristic,provisions_cited contains variant forms of the same provision: 'S.10' and 'section 10',
562b3cd76fab6cbeeb9892e4,low,metadata,heuristic,provisions_cited contains variant forms of the same provision: 'S.10' and 'Section 10',
56360a5c11cfeaf2ce9e32c6,low,semantic_quality,heuristic,span labeled 'findings' contains counsel-submission phrasing (candidate: should possibly be 'arguments'),"7. On 2‐1‐2002, when the impugned order was passed, the learned counsel for the petitioner had submitted to the Court that he had nothing to say as to why the Court‐fee was not paid. From the aforesai"
566d1fd4bb729039cf429b6f,low,semantic_quality,heuristic,"final_order span text has no recognizable disposition wording (candidate: may be a reporter tag-line fragment, not the operative sentence)",s. A. H. Petition accepted.
566d1fd4bb729039cf429b6f,low,metadata,heuristic,provisions_cited contains variant forms of the same provision: 'S. 3' and 'section 3',
56947dcdb245e57cf4a4191b,low,semantic_quality,heuristic,"final_order span text has no recognizable disposition wording (candidate: may be a reporter tag-line fragment, not the operative sentence)",H . B . T .
56b2d7a6f83d3ee0373f8f14,low,semantic_quality,heuristic,"final_order span text has no recognizable disposition wording (candidate: may be a reporter tag-line fragment, not the operative sentence)","The above are the reasons‐ foamy short order, dated 12‐3‐2001"
56d9f16ea88503e09e428202,low,semantic_quality,heuristic,"final_order span text has no recognizable disposition wording (candidate: may be a reporter tag-line fragment, not the operative sentence)",H.B.T./A‐704/L Petition accepted.
56d9f16ea88503e09e428202,low,metadata,heuristic,provisions_cited contains variant forms of the same provision: 'S.14' and 'section 14',
56d9f16ea88503e09e428202,low,metadata,heuristic,provisions_cited contains variant forms of the same provision: 'S.11' and 'section 11',
56d9f16ea88503e09e428202,low,metadata,heuristic,provisions_cited contains variant forms of the same provision: 'S.17' and 'section 17',
577217f7e44e2408694b69b4,low,semantic_quality,heuristic,quoted_material span has no quotation marks or sub-item markers (candidate: possible mislabel),"16. To resolve the controversy and the 'legal proposition, which had been put before this Court by the learned counsel for the respondent in this regard recourse to the Family Courts Act, 1964 and par"
577217f7e44e2408694b69b4,low,metadata,heuristic,provisions_cited contains variant forms of the same provision: 'S.2' and 'S. 2',
577217f7e44e2408694b69b4,low,metadata,heuristic,provisions_cited contains variant forms of the same provision: 'S.10' and 'section 10',
577217f7e44e2408694b69b4,low,metadata,heuristic,provisions_cited contains variant forms of the same provision: 'S.10' and 'Section 10',
577217f7e44e2408694b69b4,low,metadata,heuristic,provisions_cited contains variant forms of the same provision: 'Art. 247' and 'Art.247',
5816efa9297184a599e6e40b,low,metadata,heuristic,provisions_cited contains variant forms of the same provision: 'Section 488' and 'section 488',
5869198eb7e1feb568179159,low,semantic_quality,heuristic,"final_order span text has no recognizable disposition wording (candidate: may be a reporter tag-line fragment, not the operative sentence)","As the question of custody and welfare of a minor of tender age is involved, the Family Court is directed to dispose of the case by 30th November, 1982. Parties are directed to appear before the conce"
5869198eb7e1feb568179159,low,metadata,heuristic,provisions_cited contains variant forms of the same provision: 'S. 25' and 'section 25',
5869198eb7e1feb568179159,low,metadata,heuristic,provisions_cited contains variant forms of the same provision: 'S. 115' and 'section 115',
5889041728f3edbc940bc4fe,low,metadata,heuristic,provisions_cited contains variant forms of the same provision: 'S. 14' and 'S.14',
5889041728f3edbc940bc4fe,low,metadata,heuristic,provisions_cited contains variant forms of the same provision: 'S. 14' and 'Section 14',
5889041728f3edbc940bc4fe,low,metadata,heuristic,provisions_cited contains variant forms of the same provision: 'S.17' and 'Section 17',
5889041728f3edbc940bc4fe,low,metadata,heuristic,provisions_cited contains variant forms of the same provision: 'S. 14' and 'section 14',
58c632824b2b69cfd3e9d52d,low,metadata,heuristic,provisions_cited contains variant forms of the same provision: 'S.12' and 'Section 12',
58e12fb56ff42768517bf6e9,low,metadata,heuristic,provisions_cited contains variant forms of the same provision: 'S. 6' and 'section 6',
5961df8e1ddaeba020c8e16b,low,semantic_quality,heuristic,quoted_material span has no quotation marks or sub-item markers (candidate: possible mislabel),In the case of Nagendar Nath De v. Suresh Chandra De (59 I A 283) the question as to what amounted to 'an appeal' under Article 182 (2) of the Limitation Act arose. The following observations of their
5961df8e1ddaeba020c8e16b,low,semantic_quality,heuristic,quoted_material span has no quotation marks or sub-item markers (candidate: possible mislabel),This view also finds support from the observation of the Judicial Committee in Raja of Ramnad v. Kamid Rowthan and others 53 I A 74. Their Lordships while referring to civil revision petition observed
5961df8e1ddaeba020c8e16b,low,semantic_quality,heuristic,"final_order span text has no recognizable disposition wording (candidate: may be a reporter tag-line fragment, not the operative sentence)",K. B. A. Petition accepted.
5961df8e1ddaeba020c8e16b,low,metadata,heuristic,provisions_cited contains variant forms of the same provision: 'S. 25' and 'section 25',
5961df8e1ddaeba020c8e16b,low,metadata,heuristic,provisions_cited contains variant forms of the same provision: 'S. 12' and 'section 12',
5961df8e1ddaeba020c8e16b,low,metadata,heuristic,provisions_cited contains variant forms of the same provision: 'S. 115' and 'section 115',
5961df8e1ddaeba020c8e16b,low,metadata,heuristic,provisions_cited contains variant forms of the same provision: 'S. 25' and 'Section 25',
5961df8e1ddaeba020c8e16b,low,metadata,heuristic,provisions_cited contains variant forms of the same provision: 'S. 12' and 'Section 12',
5961df8e1ddaeba020c8e16b,low,metadata,heuristic,provisions_cited contains variant forms of the same provision: 'section 14' and 'Section 14',
5961df8e1ddaeba020c8e16b,low,metadata,heuristic,provisions_cited contains variant forms of the same provision: 'section 15' and 'Section 15',
5961df8e1ddaeba020c8e16b,low,metadata,heuristic,provisions_cited contains variant forms of the same provision: 'section 47' and 'Section 47',
5961df8e1ddaeba020c8e16b,low,metadata,heuristic,provisions_cited contains variant forms of the same provision: 'Section 5' and 'section 5',
5961df8e1ddaeba020c8e16b,low,metadata,heuristic,provisions_cited contains variant forms of the same provision: 'Section 7' and 'section 7',
5961df8e1ddaeba020c8e16b,low,metadata,heuristic,provisions_cited contains variant forms of the same provision: 'Section 8' and 'section 8',
5961df8e1ddaeba020c8e16b,low,metadata,heuristic,provisions_cited contains variant forms of the same provision: 'Section 9' and 'section 9',
5961df8e1ddaeba020c8e16b,low,metadata,heuristic,provisions_cited contains variant forms of the same provision: 'Section 10' and 'section 10',
5961df8e1ddaeba020c8e16b,low,metadata,heuristic,provisions_cited contains variant forms of the same provision: 'Section 11' and 'section 11',
5961df8e1ddaeba020c8e16b,low,metadata,heuristic,provisions_cited contains variant forms of the same provision: 'Section 13' and 'section 13',
5961df8e1ddaeba020c8e16b,low,metadata,heuristic,provisions_cited contains variant forms of the same provision: 'Section 16' and 'section 16',
59c5ce2bac22a470caed0094,low,metadata,heuristic,provisions_cited contains variant forms of the same provision: 'S. 10' and 'S.10',
59c5ce2bac22a470caed0094,low,metadata,heuristic,provisions_cited contains variant forms of the same provision: 'S. 10' and 'Section 10',
59c5ce2bac22a470caed0094,low,metadata,heuristic,provisions_cited contains variant forms of the same provision: 'S. 10' and 'section 10',
59c689b4e0cc0cb343eb05ae,low,metadata,heuristic,provisions_cited contains variant forms of the same provision: 'S.10' and 'Section 10',
59e702e2a2374fc6e96b74fe,low,semantic_quality,heuristic,"final_order span text has no recognizable disposition wording (candidate: may be a reporter tag-line fragment, not the operative sentence)",Q.M.H./M.A.K./S-331/L
5a297dcd94f6d07d6fdb24a1,low,metadata,heuristic,provisions_cited contains variant forms of the same provision: 'section 25' and 'Section 25',
5a2b958bf39c464df6571d74,low,metadata,heuristic,provisions_cited contains variant forms of the same provision: 'S. 5' and 'S.5',
5a2b958bf39c464df6571d74,low,metadata,heuristic,provisions_cited contains variant forms of the same provision: 'S.9' and 'section 9',
5a433424d98901de82d1a8e5,low,semantic_quality,heuristic,"final_order span text has no recognizable disposition wording (candidate: may be a reporter tag-line fragment, not the operative sentence)",AA./1206/P Revision accepted.
5a433424d98901de82d1a8e5,low,metadata,heuristic,provisions_cited contains variant forms of the same provision: 'S. 5' and 'section 5',
5a46c21ab4b23438f0e7cdc1,low,metadata,heuristic,provisions_cited contains variant forms of the same provision: 'S.14' and 'section 14',
5a65ebb143bc9d6493ade730,low,metadata,heuristic,provisions_cited contains variant forms of the same provision: 'S.7' and 'section 7',
5a7bf8eb00e4b307818ef205,low,semantic_quality,heuristic,"final_order span text has no recognizable disposition wording (candidate: may be a reporter tag-line fragment, not the operative sentence)",H.B.T./I-261/L Petition accepted.
5a84e27a4274fb6fd0b55e47,low,metadata,heuristic,provisions_cited contains variant forms of the same provision: 'Ss.5' and 'S.5',
5a84e27a4274fb6fd0b55e47,low,metadata,heuristic,provisions_cited contains variant forms of the same provision: 'S.17' and 'Section 17',
5b2c43ea4191eeb9b0ed047b,low,semantic_quality,heuristic,span labeled 'court_reasoning' contains counsel-submission phrasing (candidate: should possibly be 'arguments'),"8. It is clear from section 20, C.P.C. that a plaintiff can file suit both at his/her permanent as well as temporary residence in respect of cause of action arising at his/her temporary residence. Thi"
5b2c43ea4191eeb9b0ed047b,low,semantic_quality,heuristic,quoted_material span has no quotation marks or sub-item markers (candidate: possible mislabel),Section 370 of the Mohammadan Law provides as under:--
5b2c43ea4191eeb9b0ed047b,low,metadata,heuristic,provisions_cited contains variant forms of the same provision: 'S.20' and 'S. 20',
5b2c43ea4191eeb9b0ed047b,low,metadata,heuristic,provisions_cited contains variant forms of the same provision: 'S.20' and 'section 20',
5b2c43ea4191eeb9b0ed047b,low,metadata,heuristic,provisions_cited contains variant forms of the same provision: 'S.20' and 'Section 20',
5b42e915b105f2993ac56609,low,semantic_quality,heuristic,"final_order span text has no recognizable disposition wording (candidate: may be a reporter tag-line fragment, not the operative sentence)","8. Crux of the aforementioned discussion is that the order in the case in hand, so passed by the learned judge of G&W Court is neither void ab-initio or without jurisdiction which is also not a final "
5b42e915b105f2993ac56609,low,metadata,heuristic,provisions_cited contains variant forms of the same provision: 'S.14' and 'Section 14',
5b42e915b105f2993ac56609,low,metadata,heuristic,provisions_cited contains variant forms of the same provision: 'S.12' and 'section 12',
5b42e915b105f2993ac56609,low,metadata,heuristic,provisions_cited contains variant forms of the same provision: 'S.12' and 'Section 12',
5b42e915b105f2993ac56609,low,metadata,heuristic,provisions_cited contains variant forms of the same provision: 'S.14' and 'section 14',
5b6089db5f418722b0b4c00a,low,metadata,heuristic,provisions_cited contains variant forms of the same provision: 'Ss. 10' and 'S.10',
5b6089db5f418722b0b4c00a,low,metadata,heuristic,provisions_cited contains variant forms of the same provision: 'Ss. 10' and 'section 10',
5b6ea63109cf2c8bc629d865,low,metadata,heuristic,provisions_cited contains variant forms of the same provision: 'Ss. 2' and 'Ss.2',
5b6ea63109cf2c8bc629d865,low,metadata,heuristic,provisions_cited contains variant forms of the same provision: 'S.476' and 'section 476',
5b6ea63109cf2c8bc629d865,low,metadata,heuristic,provisions_cited contains variant forms of the same provision: 'S.14' and 'section 14',
5b6ea63109cf2c8bc629d865,low,metadata,heuristic,provisions_cited contains variant forms of the same provision: 'S.24' and 'sections 24',
5b6ea63109cf2c8bc629d865,low,metadata,heuristic,provisions_cited contains variant forms of the same provision: 'Ss. 2' and 'section 2',
5b6ea63109cf2c8bc629d865,low,metadata,heuristic,provisions_cited contains variant forms of the same provision: 'S.24' and 'section 24',
5b6ea63109cf2c8bc629d865,low,metadata,heuristic,provisions_cited contains variant forms of the same provision: 'S.528' and 'section 528',
5babf71968b56e4b1539664e,low,metadata,heuristic,provisions_cited contains variant forms of the same provision: 'S. 17' and 'section 17',
5bbde2f3c5806071c9ff47d9,low,metadata,heuristic,provisions_cited contains variant forms of the same provision: 'Section 14' and 'S. 14',
5bbde2f3c5806071c9ff47d9,low,metadata,heuristic,provisions_cited contains variant forms of the same provision: 'Section 14' and 'section 14',
5bda19b2acb8b79f89b6a6de,low,semantic_quality,heuristic,span labeled 'court_reasoning' contains counsel-submission phrasing (candidate: should possibly be 'arguments'),"MRS. KAUSAR SULTANA HUSSAIN, J.---Learned counsel for the petitioner was heard on the point of impleading respondents Nos.2 and 3 i.e. Director Bait-ul-Maal and District Officer, Bait-ul-Maal as parti"
5bda19b2acb8b79f89b6a6de,low,semantic_quality,heuristic,"final_order span text has no recognizable disposition wording (candidate: may be a reporter tag-line fragment, not the operative sentence)",Adjourned to a date in office. Let notice be issued to respondents Nos.1 to 4.
5c58fec83d21f9dd3145049e,low,metadata,heuristic,provisions_cited contains variant forms of the same provision: 'S.130' and 'section 130',
5c58fec83d21f9dd3145049e,low,metadata,heuristic,provisions_cited contains variant forms of the same provision: 'S. 5' and 'section 5',
5c58fec83d21f9dd3145049e,low,metadata,heuristic,provisions_cited contains variant forms of the same provision: 'Art.199' and 'Art. 199',
5c5abcc1235caf6d3338de1f,low,semantic_quality,heuristic,quoted_material span has no quotation marks or sub-item markers (candidate: possible mislabel),"----S. 5 & Sched:---Constitution of Pakistan (19734, Art.199---Constitutional petition-- Suit for maintenance---Plaintiff, who was divorced, had filed suit for maintenance for herself, one minor son a"
5c5abcc1235caf6d3338de1f,low,semantic_quality,heuristic,span labeled 'court_reasoning' contains counsel-submission phrasing (candidate: should possibly be 'arguments'),"13. Learned counsel for the respondents has urged that since a father is bound to maintain his children and it is not disputed that minor daughter is in custody of the mother, hence, till the disposal"
5c5abcc1235caf6d3338de1f,low,semantic_quality,heuristic,"final_order span text has no recognizable disposition wording (candidate: may be a reporter tag-line fragment, not the operative sentence)",14. Writ petition accepted.
5c5abcc1235caf6d3338de1f,low,semantic_quality,heuristic,"final_order span text has no recognizable disposition wording (candidate: may be a reporter tag-line fragment, not the operative sentence)",H.B.T./M-2230/L Petition accepted.
5c5abcc1235caf6d3338de1f,low,metadata,heuristic,provisions_cited contains variant forms of the same provision: 'Ss. 5' and 'S. 5',
5c5abcc1235caf6d3338de1f,low,metadata,heuristic,provisions_cited contains variant forms of the same provision: 'S.14' and 'section 14',
5c5abcc1235caf6d3338de1f,low,metadata,heuristic,provisions_cited contains variant forms of the same provision: 'Art. 199' and 'Art.199',
5d2008f5547cc0f8347fe7a6,low,metadata,heuristic,provisions_cited contains variant forms of the same provision: 'sections 10' and 'section 10',
5d42cb5c239e26f1528a1264,low,semantic_quality,heuristic,quoted_material span has no quotation marks or sub-item markers (candidate: possible mislabel),"3. I have considered the above interpretation viz‐a‐viz consideration of ' Khula' . In the same book at page 571, the view of Imam Kasani contained in his book 'Badai Al‐Sanai is quoted as under:‐‐"
5d42cb5c239e26f1528a1264,low,metadata,heuristic,provisions_cited contains variant forms of the same provision: 'Art. 199' and 'Art 199',
5d71300308358aa5374e05ff,low,metadata,heuristic,provisions_cited contains variant forms of the same provision: 'S.11' and 'Section 11',
5d743c01448054d6bf86f646,low,semantic_quality,heuristic,"final_order span text has no recognizable disposition wording (candidate: may be a reporter tag-line fragment, not the operative sentence)",JJK/170/P Petition accepted.
5ddc45e3e8138012f424a332,low,semantic_quality,heuristic,"final_order span text has no recognizable disposition wording (candidate: may be a reporter tag-line fragment, not the operative sentence)",SL/K-9/L Petition accepted.
5dea0b9564dae62c033af813,low,metadata,heuristic,provisions_cited contains variant forms of the same provision: 'S. 5' and 'section 5',
5dea0b9564dae62c033af813,low,metadata,heuristic,provisions_cited contains variant forms of the same provision: 'S. 12' and 'section 12',
5e295becdd1425650bad16e7,low,metadata,heuristic,provisions_cited contains variant forms of the same provision: 'S. 5' and 'section 5',
5e295becdd1425650bad16e7,low,metadata,heuristic,provisions_cited contains variant forms of the same provision: 'Ss. 2' and 'section 2',
5e346c449e68a8cada6eed32,low,metadata,heuristic,provisions_cited contains variant forms of the same provision: 'S.14' and 'section 14',
5ed441aa8dcecdd60facf5c2,low,semantic_quality,heuristic,"final_order span text has no recognizable disposition wording (candidate: may be a reporter tag-line fragment, not the operative sentence)",11. Copy of this judgment be sent to respondent No. 2 for information.
5ed441aa8dcecdd60facf5c2,low,metadata,heuristic,provisions_cited contains variant forms of the same provision: 'S. 14' and 'Section 14',
5ef9efff6ca0bce0126b7ef3,low,metadata,heuristic,provisions_cited contains variant forms of the same provision: 'Art.199' and 'Art. 199',
5f42626eae6e0a61e663d012,low,metadata,heuristic,provisions_cited contains variant forms of the same provision: 'S. 5' and 'Ss. 5',
5f70affcd5f5b28d9bcf3e07,low,semantic_quality,heuristic,"final_order span text has no recognizable disposition wording (candidate: may be a reporter tag-line fragment, not the operative sentence)",A.A/I‐6/L Petition accepted.
5f89f30d62a2661df4aa6c71,low,semantic_quality,heuristic,quoted_material span has no quotation marks or sub-item markers (candidate: possible mislabel),7. Institution of suits. (1)----------------------------------------------------------------------------------------------------------------------------------------------------------------------------
5f89f30d62a2661df4aa6c71,low,metadata,heuristic,provisions_cited contains variant forms of the same provision: 'S.7' and 'Section 7',
5f89f30d62a2661df4aa6c71,low,metadata,heuristic,provisions_cited contains variant forms of the same provision: 'S.11' and 'Section 11',
5f89f30d62a2661df4aa6c71,low,metadata,heuristic,provisions_cited contains variant forms of the same provision: 'S.7' and 'Ss.7',
5f89f30d62a2661df4aa6c71,low,metadata,heuristic,provisions_cited contains variant forms of the same provision: 'S.11' and 'section 11',
5f89f30d62a2661df4aa6c71,low,metadata,heuristic,provisions_cited contains variant forms of the same provision: 'S.7' and 'section 7',
5fcaf58eebd814e0b11f73af,low,metadata,heuristic,provisions_cited contains variant forms of the same provision: 'S.12' and 'section 12',
5fcaf58eebd814e0b11f73af,low,metadata,heuristic,provisions_cited contains variant forms of the same provision: 'S.14' and 'section 14',
60099a68bc5f8a779e3bd154,low,semantic_quality,heuristic,span labeled 'court_reasoning' contains counsel-submission phrasing (candidate: should possibly be 'arguments'),"I have heard the learned counsel for the parties. Mr.Ghiasuddin Beg Mirza, learned counsel for the petitioner, has urged that the respondent being a disobedient wife is not entitled to any maintenance"
60099a68bc5f8a779e3bd154,low,metadata,heuristic,provisions_cited contains variant forms of the same provision: 'S. 5' and 'S.5',
60099a68bc5f8a779e3bd154,low,metadata,heuristic,provisions_cited contains variant forms of the same provision: 'S. 9' and 'S.9',
60099a68bc5f8a779e3bd154,low,metadata,heuristic,provisions_cited contains variant forms of the same provision: 'S. 9' and 'section 9',
60099a68bc5f8a779e3bd154,low,metadata,heuristic,provisions_cited contains variant forms of the same provision: 'S. 5' and 'section 5',
60154f60122748d17a180162,low,semantic_quality,heuristic,"final_order span text has no recognizable disposition wording (candidate: may be a reporter tag-line fragment, not the operative sentence)",Q.M.H./M.A.K./156/P
6047e12a1df23df83bd5bf33,low,metadata,heuristic,provisions_cited contains variant forms of the same provision: 'S.7' and 'Section 7',
60a13f0bdcfa5bf748267f77,low,semantic_quality,heuristic,"final_order span text has no recognizable disposition wording (candidate: may be a reporter tag-line fragment, not the operative sentence)",There is no order as to costs.
60a13f0bdcfa5bf748267f77,low,metadata,heuristic,provisions_cited contains variant forms of the same provision: 'S.6' and 'section 6',
60a4a1cd0eeaa054d64e6ae5,low,metadata,heuristic,provisions_cited contains variant forms of the same provision: 'Ss.5' and 'S. 5',
60a4a1cd0eeaa054d64e6ae5,low,metadata,heuristic,provisions_cited contains variant forms of the same provision: 'Ss.10' and 'section 10',
60a4a1cd0eeaa054d64e6ae5,low,metadata,heuristic,provisions_cited contains variant forms of the same provision: 'S.14' and 'section 14',
60ada51f076c9daa927e3e31,low,metadata,heuristic,provisions_cited contains variant forms of the same provision: 'Art.199' and 'Art. 199',
60fa0cfdfccaf67721e35c0f,low,metadata,heuristic,provisions_cited contains variant forms of the same provision: 'S.5' and 'S. 5',
60fa0cfdfccaf67721e35c0f,low,metadata,heuristic,provisions_cited contains variant forms of the same provision: 'S.5' and 'section 5',
60fa0cfdfccaf67721e35c0f,low,metadata,heuristic,provisions_cited contains variant forms of the same provision: 'S.10' and 'section 10',
60fa0cfdfccaf67721e35c0f,low,metadata,heuristic,provisions_cited contains variant forms of the same provision: 'S.22' and 'section 22',
6109f4ec11f634680b1e75a1,low,metadata,heuristic,provisions_cited contains variant forms of the same provision: 'S.10' and 'section 10',
618f29a3b81b62a24ebc2574,low,metadata,heuristic,provisions_cited contains variant forms of the same provision: 'S. 17' and 'section 17',
618f29a3b81b62a24ebc2574,low,metadata,heuristic,provisions_cited contains variant forms of the same provision: 'S. 17' and 'Section 17',
618f29a3b81b62a24ebc2574,low,metadata,heuristic,provisions_cited contains variant forms of the same provision: 'Section 12' and 'section 12',
6191e351740ad2770ce0592d,low,semantic_quality,heuristic,quoted_material span has no quotation marks or sub-item markers (candidate: possible mislabel),"5. That during examination, the petitioner also stated that he tried his best to save his matrimonial life and for reconciliation but all the efforts went into vain, therefore, he sent Talaq Ahsan to "
6191e351740ad2770ce0592d,low,semantic_quality,heuristic,quoted_material span has no quotation marks or sub-item markers (candidate: possible mislabel),6. The Official Assignee respectfully submits that the petitioner has neither done any business nor sustained any loss. The matter was between husband and wife. The petitioner may pursue his matter at
6191e351740ad2770ce0592d,low,semantic_quality,heuristic,quoted_material span has no quotation marks or sub-item markers (candidate: possible mislabel),"14. Conditions on which debtor may petition.-(1) A debtor shall not be entitled to present an insolvency petition unless-

a) his debts amounts to five hundred rupees, or

b) he has been arrested and "
6191e351740ad2770ce0592d,low,semantic_quality,heuristic,"final_order span text has no recognizable disposition wording (candidate: may be a reporter tag-line fragment, not the operative sentence)",11. Above are the reasons of my short order dated 29.09.2020.
619d121e9246fb5e1e5d5c8f,low,semantic_quality,heuristic,quoted_material span has no quotation marks or sub-item markers (candidate: possible mislabel),"19. A holistic reading of contemporary Islamic jurisprudence, statutory enactments, constitutional protections, and judicial precedents affirm that a wife's right to maintenance is neither contingent "
61b506bda7de253e38c2e49e,low,metadata,heuristic,provisions_cited contains variant forms of the same provision: 'S. 5' and 'S.5',
61b506bda7de253e38c2e49e,low,metadata,heuristic,provisions_cited contains variant forms of the same provision: 'S. 7' and 'section 7',
61bf26996ead22e6c27ac74f,low,semantic_quality,heuristic,"final_order span text has no recognizable disposition wording (candidate: may be a reporter tag-line fragment, not the operative sentence)",AA/S‐135/L Petition accepted.
6209a6e88c7eed202c6936c9,low,metadata,heuristic,provisions_cited contains variant forms of the same provision: 'Ss. 25' and 'section 25',
6209a6e88c7eed202c6936c9,low,metadata,heuristic,provisions_cited contains variant forms of the same provision: 'Section 5' and 'section 5',
6209a6e88c7eed202c6936c9,low,metadata,heuristic,provisions_cited contains variant forms of the same provision: 'S.4' and 'section 4',
62135a109dab3dcdb0eff2e1,low,metadata,heuristic,provisions_cited contains variant forms of the same provision: 'Section 25' and 'section 25',
62135a109dab3dcdb0eff2e1,low,metadata,heuristic,provisions_cited contains variant forms of the same provision: 'Section 47' and 'section 47',
62135a109dab3dcdb0eff2e1,low,metadata,heuristic,provisions_cited contains variant forms of the same provision: 'Section 25' and 'S. 25',
62135a109dab3dcdb0eff2e1,low,metadata,heuristic,provisions_cited contains variant forms of the same provision: 'section 14' and 'Section 14',
6228b7b476fdf43568494aa3,low,metadata,heuristic,provisions_cited contains variant forms of the same provision: 'Art.199' and 'Art. 199',
6228b7b476fdf43568494aa3,low,metadata,heuristic,provisions_cited contains variant forms of the same provision: 'Art.128' and 'Art. 128',
62515039bc963977d10982b8,low,metadata,heuristic,provisions_cited contains variant forms of the same provision: 'S. 5' and 'section 5',
62515039bc963977d10982b8,low,metadata,heuristic,provisions_cited contains variant forms of the same provision: 'S.10' and 'section 10',
62515039bc963977d10982b8,low,metadata,heuristic,provisions_cited contains variant forms of the same provision: 'S.2' and 'section 2',
62515039bc963977d10982b8,low,metadata,heuristic,provisions_cited contains variant forms of the same provision: 'S.7' and 'section 7',
625cd48a684990265bda3b04,low,metadata,heuristic,provisions_cited contains variant forms of the same provision: 'S.14' and 'Section 14',
625cd48a684990265bda3b04,low,metadata,heuristic,provisions_cited contains variant forms of the same provision: 'S.47' and 'Section 47',
625cd48a684990265bda3b04,low,metadata,heuristic,provisions_cited contains variant forms of the same provision: 'sections 7 and 10' and 'Sections 7 and 10',
625cd48a684990265bda3b04,low,metadata,heuristic,provisions_cited contains variant forms of the same provision: 'Section 4' and 'section 4',
625cd48a684990265bda3b04,low,metadata,heuristic,provisions_cited contains variant forms of the same provision: 'S.25' and 'section 25',
625cd48a684990265bda3b04,low,metadata,heuristic,provisions_cited contains variant forms of the same provision: 'S.47' and 'section 47',
625cd48a684990265bda3b04,low,metadata,heuristic,provisions_cited contains variant forms of the same provision: 'S.14' and 'section 14',
62af3016bfe09f9e63bb3e82,low,semantic_quality,heuristic,"final_order span text has no recognizable disposition wording (candidate: may be a reporter tag-line fragment, not the operative sentence)",Petition accepted.
62af3016bfe09f9e63bb3e82,low,semantic_quality,heuristic,"final_order span text has no recognizable disposition wording (candidate: may be a reporter tag-line fragment, not the operative sentence)",H.B.T./892/P
62c69823be7c5e4787472cb0,low,semantic_quality,heuristic,quoted_material span has no quotation marks or sub-item markers (candidate: possible mislabel),"35. Protection of family etc.---The State shall protect the marriage, the family, the mother and the child."
62c69823be7c5e4787472cb0,low,semantic_quality,heuristic,quoted_material span has no quotation marks or sub-item markers (candidate: possible mislabel),"But no procedure for the Courts is available in the entire Act to attempt reconciliation in accord with the spirit of the above Ayat-e-Karima of the Holy Quran, the result is that the Courts normally "
62c69823be7c5e4787472cb0,low,metadata,heuristic,provisions_cited contains variant forms of the same provision: 'Section 10' and 'section 10',
62c69823be7c5e4787472cb0,low,metadata,heuristic,provisions_cited contains variant forms of the same provision: 'Ss. 5' and 'S.5',
62c69823be7c5e4787472cb0,low,metadata,heuristic,provisions_cited contains variant forms of the same provision: 'section 12' and 'Section 12',
62d6e736c2148bf3fe1920f2,low,metadata,heuristic,provisions_cited contains variant forms of the same provision: 'S. 2' and 'section 2',
62d6e736c2148bf3fe1920f2,low,metadata,heuristic,provisions_cited contains variant forms of the same provision: 'S. 5' and 'section 5',
630a8d826c4645dafc597bf3,low,metadata,heuristic,provisions_cited contains variant forms of the same provision: 'Ss.7' and 'section 7',
63ab21d793a1ef967fb13108,low,metadata,heuristic,provisions_cited contains variant forms of the same provision: 'Ss. 9' and 'section 9',
63ab21d793a1ef967fb13108,low,metadata,heuristic,provisions_cited contains variant forms of the same provision: 'S. 12' and 'section 12',
63d391a75971fe23e4400ca0,low,semantic_quality,heuristic,"final_order span text has no recognizable disposition wording (candidate: may be a reporter tag-line fragment, not the operative sentence)","21. For the forementioned reasons and in the presence of concurrent edicts decided in favor of the Petitioner father, the respondent mother is directed to hand out custody of the Minor to the father o"
63d391a75971fe23e4400ca0,low,metadata,heuristic,provisions_cited contains variant forms of the same provision: 'section 13' and 'Section 13',
6405fdf481d6f070b9dcae4f,low,metadata,heuristic,provisions_cited contains variant forms of the same provision: 'S. 25' and 'section 25',
6431bb8146410cb20a60f265,low,metadata,heuristic,provisions_cited contains variant forms of the same provision: 'S. 5' and 'Section 5',
644d3c6b70709ab5580e9ceb,low,metadata,heuristic,provisions_cited contains variant forms of the same provision: 'Ss.7 & 14' and 'Ss. 7 & 14',
644d3c6b70709ab5580e9ceb,low,metadata,heuristic,provisions_cited contains variant forms of the same provision: 'S. 14' and 'section 14',
644d3c6b70709ab5580e9ceb,low,metadata,heuristic,provisions_cited contains variant forms of the same provision: 'S. 14' and 'Section 14',
646aa7bc9786546dfb42c7f3,low,semantic_quality,heuristic,quoted_material span has no quotation marks or sub-item markers (candidate: possible mislabel),"'Succession. - (1) In the event of the death of any son or daughter of the propositus before the opening of succession, the children of such son or daughter, if any, living at the time the succession "
646aa7bc9786546dfb42c7f3,low,semantic_quality,heuristic,quoted_material span has no quotation marks or sub-item markers (candidate: possible mislabel),"'Provided that no such decision shall be deemed to take effect before the expiration of the period within which an appeal therefrom may be preferred to the Supreme Court or, where an appeal has been p"
646aa7bc9786546dfb42c7f3,low,semantic_quality,heuristic,quoted_material span has no quotation marks or sub-item markers (candidate: possible mislabel),"'149. The three essentials of a gift.--- It is essential to the validity of a gift that there should be (1) a declaration of a gift by the donor, (2) an acceptance of the gift, express or implied, by "
646aa7bc9786546dfb42c7f3,low,semantic_quality,heuristic,quoted_material span has no quotation marks or sub-item markers (candidate: possible mislabel),"Recital in a letter that, 'I have ordered you can have all the house and everything in it' was held not to contain any of the ingredients necessary for effecting a valid gift.3 The learned Mr. Awan re"
646aa7bc9786546dfb42c7f3,low,metadata,heuristic,provisions_cited contains variant forms of the same provision: 'S. 4' and 'Section 4',
646aa7bc9786546dfb42c7f3,low,metadata,heuristic,provisions_cited contains variant forms of the same provision: 'S. 4' and 'section 4',
64e86d3453eb64eab52eb359,low,metadata,heuristic,provisions_cited contains variant forms of the same provision: 'S.7' and 'section 7',
651c2280bfcb2f1560787be4,low,semantic_quality,heuristic,"final_order span text has no recognizable disposition wording (candidate: may be a reporter tag-line fragment, not the operative sentence)",S.A.K./M-634/L Petition accepted.
651c2280bfcb2f1560787be4,low,metadata,heuristic,provisions_cited contains variant forms of the same provision: 'S. 14' and 'S.14',
651c2280bfcb2f1560787be4,low,metadata,heuristic,provisions_cited contains variant forms of the same provision: 'S. 14' and 'section 14',
651c2280bfcb2f1560787be4,low,metadata,heuristic,provisions_cited contains variant forms of the same provision: 'S. 14' and 'Section 14',
65e90a6c1f86f98d314ef382,low,metadata,heuristic,provisions_cited contains variant forms of the same provision: 'S.3' and 'Section 3',
65e90a6c1f86f98d314ef382,low,metadata,heuristic,provisions_cited contains variant forms of the same provision: 'S.3' and 'section 3',
65e90a6c1f86f98d314ef382,low,metadata,heuristic,provisions_cited contains variant forms of the same provision: 'S. 47' and 'Section 47',
65e90a6c1f86f98d314ef382,low,metadata,heuristic,provisions_cited contains variant forms of the same provision: 'S. 12' and 'Section 12',
65e90a6c1f86f98d314ef382,low,metadata,heuristic,provisions_cited contains variant forms of the same provision: 'S. 12' and 'section 12',
65e90a6c1f86f98d314ef382,low,metadata,heuristic,provisions_cited contains variant forms of the same provision: 'S. 14' and 'Section 14',
65e90a6c1f86f98d314ef382,low,metadata,heuristic,provisions_cited contains variant forms of the same provision: 'S. 14' and 'section 14',
65e90a6c1f86f98d314ef382,low,metadata,heuristic,provisions_cited contains variant forms of the same provision: 'S. 47' and 'section 47',
65f8296fe73e3d76b6591209,low,semantic_quality,heuristic,span labeled 'procedural_history' contains counsel-submission phrasing (candidate: should possibly be 'arguments'),"2. The factum of Nikah, as already said, was disputed in the earlier suit but then it was conceded that the Nikah had taken place and this is why the alternative prayer for dissolution of marriage on "
66476d1d6aadb091e0155780,low,semantic_quality,heuristic,"final_order span text has no recognizable disposition wording (candidate: may be a reporter tag-line fragment, not the operative sentence)",1 Kishori Lal v. Chunni Lal (31 All 116) and Mahunt Shatrugan Das v. Bawa Sham Das and others (AIR 1938 PC 59)
66476d1d6aadb091e0155780,low,metadata,heuristic,provisions_cited contains variant forms of the same provision: 'S. 17' and 'section 17',
66476d1d6aadb091e0155780,low,metadata,heuristic,provisions_cited contains variant forms of the same provision: 'S. 17' and 'Section 17',
666895e108552c13ec0acd5b,low,metadata,heuristic,provisions_cited contains variant forms of the same provision: 'Section 370' and 'section 370',
668f583d10a242f24a63cdff,low,semantic_quality,heuristic,"final_order span text has no recognizable disposition wording (candidate: may be a reporter tag-line fragment, not the operative sentence)",10. The Registrar of this Court shall circulate copies of this judgment amongst all District Judges/Additional District Judges in the Province for future guidance and strict adherence to the provision
668f583d10a242f24a63cdff,low,metadata,heuristic,provisions_cited contains variant forms of the same provision: 'S.14' and 'S. 14',
668f583d10a242f24a63cdff,low,metadata,heuristic,provisions_cited contains variant forms of the same provision: 'S.14' and 'Section 14',
668f583d10a242f24a63cdff,low,metadata,heuristic,provisions_cited contains variant forms of the same provision: 'Section 17' and 'section 17',
668f583d10a242f24a63cdff,low,metadata,heuristic,provisions_cited contains variant forms of the same provision: 'S.14' and 'section 14',
66c342de7fcdae5997d06b27,low,semantic_quality,heuristic,quoted_material span has no quotation marks or sub-item markers (candidate: possible mislabel),"7. Schedule under section 5 of the West Pakistan Family Courts Act, 1964 provided the following suits triable by the Judge, Family Court:---

(1) Dissolution of marriage including Khula.

(2) Dower.

"
66c342de7fcdae5997d06b27,low,semantic_quality,heuristic,"final_order span text has no recognizable disposition wording (candidate: may be a reporter tag-line fragment, not the operative sentence)",***
66c342de7fcdae5997d06b27,low,metadata,heuristic,provisions_cited contains variant forms of the same provision: 'S.25' and 'section 25',
66c342de7fcdae5997d06b27,low,metadata,heuristic,provisions_cited contains variant forms of the same provision: 'S.24' and 'section 24',
66c342de7fcdae5997d06b27,low,metadata,heuristic,provisions_cited contains variant forms of the same provision: 'S.10' and 'section 10',
66c342de7fcdae5997d06b27,low,metadata,heuristic,provisions_cited contains variant forms of the same provision: 'S.10' and 'Section 10',
66c342de7fcdae5997d06b27,low,metadata,heuristic,provisions_cited contains variant forms of the same provision: 'Ss. 3' and 'Section 3',
66c342de7fcdae5997d06b27,low,metadata,heuristic,provisions_cited contains variant forms of the same provision: 'S.5' and 'section 5',
66c342de7fcdae5997d06b27,low,metadata,heuristic,provisions_cited contains variant forms of the same provision: 'S.5' and 'Section 5',
673e729bf561e2b7eb627c19,low,semantic_quality,heuristic,"final_order span text has no recognizable disposition wording (candidate: may be a reporter tag-line fragment, not the operative sentence)",7. There shall be no order as to costs.
673e729bf561e2b7eb627c19,low,semantic_quality,heuristic,"final_order span text has no recognizable disposition wording (candidate: may be a reporter tag-line fragment, not the operative sentence)",AA./B‐151 Petition accepted.
673e729bf561e2b7eb627c19,low,metadata,heuristic,provisions_cited contains variant forms of the same provision: 'S. 9' and 'section 9',
67e0e65788b87e587be077db,low,semantic_quality,heuristic,"final_order span text has no recognizable disposition wording (candidate: may be a reporter tag-line fragment, not the operative sentence)",SL/A-71/L Petition accepted.
67e0e65788b87e587be077db,low,metadata,heuristic,provisions_cited contains variant forms of the same provision: 'Ss.9' and 'S.9',
67e0e65788b87e587be077db,low,metadata,heuristic,provisions_cited contains variant forms of the same provision: 'Ss.9' and 'S. 9',
67e0e65788b87e587be077db,low,metadata,heuristic,provisions_cited contains variant forms of the same provision: 'S.5' and 'S. 5',
67e0e65788b87e587be077db,low,metadata,heuristic,provisions_cited contains variant forms of the same provision: 'Ss.9' and 'section 9',
67e0e65788b87e587be077db,low,metadata,heuristic,provisions_cited contains variant forms of the same provision: 'S.5' and 'section 5',
684861b0078a3ce3b214dfdf,low,metadata,heuristic,provisions_cited contains variant forms of the same provision: 'S. 491' and 'section 491',
684861b0078a3ce3b214dfdf,low,metadata,heuristic,provisions_cited contains variant forms of the same provision: 'Section 7' and 'section 7',
684dea03ba5c823b539bab9f,low,metadata,heuristic,provisions_cited contains variant forms of the same provision: 'S. 5' and 'section 5',
684dea03ba5c823b539bab9f,low,metadata,heuristic,provisions_cited contains variant forms of the same provision: 'S. 5' and 'Section 5',
6880ea7282ae0ea2d9b8ed47,low,semantic_quality,heuristic,span labeled 'findings' contains counsel-submission phrasing (candidate: should possibly be 'arguments'),"13. Faced with this situation, the learned counsel for the respondent No. l submitted that respondent No. l had some claim against the petitioner for the return of certain articles. Neither any benefi"
689661658a65ff65d6fcf0f2,low,metadata,heuristic,provisions_cited contains variant forms of the same provision: 'S.14' and 'section 14',
689661658a65ff65d6fcf0f2,low,metadata,heuristic,provisions_cited contains variant forms of the same provision: 'S.14' and 'Section 14',
689661658a65ff65d6fcf0f2,low,metadata,heuristic,provisions_cited contains variant forms of the same provision: 'Art. 199' and 'Art.199',
68b053fc981de1fdc1122f59,low,semantic_quality,heuristic,span labeled 'facts' contains counsel-submission phrasing (candidate: should possibly be 'arguments'),6. When questioned both the parties admitted that the father of the petitioner has died and she has inherited land and other property from her father. The mother of the petitioner has contracted secon
68b47bed1b2a0c1f80a96b09,low,metadata,heuristic,provisions_cited contains variant forms of the same provision: 'S. 25' and 'section 25',
68b47bed1b2a0c1f80a96b09,low,metadata,heuristic,provisions_cited contains variant forms of the same provision: 'S. 5' and 'section 5',
68b47bed1b2a0c1f80a96b09,low,metadata,heuristic,provisions_cited contains variant forms of the same provision: 'Section 488' and 'section 488',
68c2a180aede90a90f46ba15,low,semantic_quality,heuristic,"final_order span text has no recognizable disposition wording (candidate: may be a reporter tag-line fragment, not the operative sentence)","A, A. Petition accepted."
68c2a180aede90a90f46ba15,low,metadata,heuristic,provisions_cited contains variant forms of the same provision: 'S. 14' and 'section 14',
68c2a180aede90a90f46ba15,low,metadata,heuristic,provisions_cited contains variant forms of the same provision: 'S.2' and 'section 2',
68f2be8a5da8ac4628c75e95,low,metadata,heuristic,provisions_cited contains variant forms of the same provision: 'S.9' and 'Section 9',
68f2be8a5da8ac4628c75e95,low,metadata,heuristic,provisions_cited contains variant forms of the same provision: 'S.9' and 'S. 9',
68f2be8a5da8ac4628c75e95,low,metadata,heuristic,provisions_cited contains variant forms of the same provision: 'S.9' and 'section 9',
68fb800012a1944b89046504,low,semantic_quality,heuristic,"final_order span text has no recognizable disposition wording (candidate: may be a reporter tag-line fragment, not the operative sentence)",A.A./S‐107/L Petition accepted.
6953c0447fc530f5fd6e6847,low,metadata,heuristic,provisions_cited contains variant forms of the same provision: 'S. 5' and 'section 5',
697f46691b7ef3557127cb65,low,metadata,heuristic,provisions_cited contains variant forms of the same provision: 'S.7' and 'section 7',
69908071e9890313147df813,low,semantic_quality,heuristic,span labeled 'evidence' contains counsel-submission phrasing (candidate: should possibly be 'arguments'),"The case has proceeded before said Family Judge, Karachi South, and respondent No.l examined herself and to her witness Muhammad Yousaf. She deposed that the petitioner had filed three cases of Zina a"
6a31e04254fd0657a63197c8,low,semantic_quality,heuristic,"final_order span text has no recognizable disposition wording (candidate: may be a reporter tag-line fragment, not the operative sentence)",A.A.???????????????????????????????????????????????????????????????????????????????????????????????????? Appeal returned.
6a31e04254fd0657a63197c8,low,metadata,heuristic,provisions_cited contains variant forms of the same provision: 'S. 18' and 'Section 18',
6a31e04254fd0657a63197c8,low,metadata,heuristic,provisions_cited contains variant forms of the same provision: 'S. 18' and 'section 18',
6a31e04254fd0657a63197c8,low,metadata,heuristic,provisions_cited contains variant forms of the same provision: 'S. 14' and 'Section 14',
6a31e04254fd0657a63197c8,low,metadata,heuristic,provisions_cited contains variant forms of the same provision: 'S. 14' and 'section 14',
6a7939328a464e3715e1210c,low,semantic_quality,heuristic,"final_order span text has no recognizable disposition wording (candidate: may be a reporter tag-line fragment, not the operative sentence)",Q. M. H. /M. A. K. /M‐247/L
6a93034c9fc430a6a431541f,low,semantic_quality,heuristic,quoted_material span has no quotation marks or sub-item markers (candidate: possible mislabel),"8. In order to answer and determine the aforesaid legal proposition, it is necessary to reproduce the relevant provisions of sections 7 and 8 of Muslim Family Laws Ordinance, 1961 (Ordinance) and sect"
6a93034c9fc430a6a431541f,low,semantic_quality,heuristic,quoted_material span has no quotation marks or sub-item markers (candidate: possible mislabel),"S. 8. Dissolution of marriage otherwise than by talaq. Where the right to divorce has been duly delegated to the wife and she wishes to exercise that right, or where any of the parties to a marriage w"
6a93034c9fc430a6a431541f,low,semantic_quality,heuristic,quoted_material span has no quotation marks or sub-item markers (candidate: possible mislabel),"Punjab Amendment.

S. 21-B. Intimation to Arbitration Council.- If a Family Court decrees dissolution of a Muslim marriage, the Family Court shall immediately but not later than three days from the de"
6a93034c9fc430a6a431541f,low,semantic_quality,heuristic,"final_order span text has no recognizable disposition wording (candidate: may be a reporter tag-line fragment, not the operative sentence)","19. Before parting with this judgment, I must acknowledge with appreciation the valuable assistance rendered by the learned counsel for the parties, especially amicus curiae Khawaja Isaam Bin Haris, A"
6a93034c9fc430a6a431541f,low,metadata,heuristic,provisions_cited contains variant forms of the same provision: 'S.7' and 'S. 7',
6a93034c9fc430a6a431541f,low,metadata,heuristic,provisions_cited contains variant forms of the same provision: 'sections 7 and 8' and 'Sections 7 and 8',
6a93034c9fc430a6a431541f,low,metadata,heuristic,provisions_cited contains variant forms of the same provision: 'S.7' and 'section 7',
6a93034c9fc430a6a431541f,low,metadata,heuristic,provisions_cited contains variant forms of the same provision: 'S.21' and 'S. 21',
6a93034c9fc430a6a431541f,low,metadata,heuristic,provisions_cited contains variant forms of the same provision: 'S.21' and 'section 21',
6a93034c9fc430a6a431541f,low,metadata,heuristic,provisions_cited contains variant forms of the same provision: 'S.7' and 'Section 7',
6acec173fb04dfa421e38f0f,low,metadata,heuristic,provisions_cited contains variant forms of the same provision: 'Art. 199' and 'Art.199',
6b1497d470f46d2e440b2d3a,low,metadata,heuristic,provisions_cited contains variant forms of the same provision: 'Ss. 561' and 'S.561',
6b1497d470f46d2e440b2d3a,low,metadata,heuristic,provisions_cited contains variant forms of the same provision: 'Ss. 561' and 'Section 561',
6b1497d470f46d2e440b2d3a,low,metadata,heuristic,provisions_cited contains variant forms of the same provision: 'Ss. 561' and 'section 561',
6b1ab5944093fbd14b39132b,low,metadata,heuristic,provisions_cited contains variant forms of the same provision: 'S. 9' and 'Section 9',
6b1ab5944093fbd14b39132b,low,metadata,heuristic,provisions_cited contains variant forms of the same provision: 'S. 9' and 'section 9',
6b25d6ff8260490c18b57126,low,semantic_quality,heuristic,"final_order span text has no recognizable disposition wording (candidate: may be a reporter tag-line fragment, not the operative sentence)","5. Writ petition is accepted and the impugned order passed by the learned Judge, Family Court is hereby set side. No order as to costs."
6b25d6ff8260490c18b57126,low,semantic_quality,heuristic,"final_order span text has no recognizable disposition wording (candidate: may be a reporter tag-line fragment, not the operative sentence)",M. B. A./F‐115/L Petition accepted.
6b25d6ff8260490c18b57126,low,metadata,heuristic,provisions_cited contains variant forms of the same provision: 'S. 7' and 'S.7',
6b25d6ff8260490c18b57126,low,metadata,heuristic,provisions_cited contains variant forms of the same provision: 'S. 7' and 'Section 7',
6b25d6ff8260490c18b57126,low,metadata,heuristic,provisions_cited contains variant forms of the same provision: 'S. 7' and 'section 7',
6b35187ac27f929584b0325e,low,metadata,heuristic,provisions_cited contains variant forms of the same provision: 'section 5' and 'Section 5',
6b35187ac27f929584b0325e,low,metadata,heuristic,provisions_cited contains variant forms of the same provision: 'S. 35' and 'section 35',
6b35187ac27f929584b0325e,low,metadata,heuristic,provisions_cited contains variant forms of the same provision: 'S. 33' and 'section 33',
6b35187ac27f929584b0325e,low,metadata,heuristic,provisions_cited contains variant forms of the same provision: 'sections 21' and 'section 21',
6b35187ac27f929584b0325e,low,metadata,heuristic,provisions_cited contains variant forms of the same provision: 'S. 17' and 'section 17',
6b35187ac27f929584b0325e,low,metadata,heuristic,provisions_cited contains variant forms of the same provision: 'sections 30 and 33' and 'Sections 30 and 33',
6b35187ac27f929584b0325e,low,metadata,heuristic,provisions_cited contains variant forms of the same provision: 'section 14' and 'sections 14',
6b35187ac27f929584b0325e,low,metadata,heuristic,provisions_cited contains variant forms of the same provision: 'Art.57' and 'Art. 57',
6b5b0d65fb506363dd58605b,low,metadata,heuristic,provisions_cited contains variant forms of the same provision: 'Art. 199' and 'Art 199',
6b99698159d171920d8319fa,low,metadata,heuristic,provisions_cited contains variant forms of the same provision: 'Ss.5' and 'S.5',
6b99698159d171920d8319fa,low,metadata,heuristic,provisions_cited contains variant forms of the same provision: 'Ss.5' and 'S. 5',
6b9e1b9c08711bedadf58c14,low,metadata,heuristic,provisions_cited contains variant forms of the same provision: 'S. 14' and 'section 14',
6b9e1b9c08711bedadf58c14,low,metadata,heuristic,provisions_cited contains variant forms of the same provision: 'S. 14' and 'Section 14',
6b9e1b9c08711bedadf58c14,low,metadata,heuristic,provisions_cited contains variant forms of the same provision: 'S. 100' and 'section 100',
6bcf8842f0867047ac9d1338,low,metadata,heuristic,provisions_cited contains variant forms of the same provision: 'S. 14' and 'S.14',
6bcf8842f0867047ac9d1338,low,metadata,heuristic,provisions_cited contains variant forms of the same provision: 'S. 14' and 'section 14',
6bd27e72adc1d39adf90d623,low,metadata,heuristic,provisions_cited contains variant forms of the same provision: 'Ss.8' and 'sections 8',
6bf7126ae54a7fd9d3bf6b91,low,semantic_quality,heuristic,quoted_material span has no quotation marks or sub-item markers (candidate: possible mislabel),Today the case was fixed for submission of written statement and payment of cost but neither written statement has been submitted nor cost has been paid. Learned counsel for the defendant requested fo
6bf7126ae54a7fd9d3bf6b91,low,semantic_quality,heuristic,quoted_material span has no quotation marks or sub-item markers (candidate: possible mislabel),"Section 9(1). On the date fixed under section 8, the defendant shall appear before the Family Court and file the written statement, a list of witnesses and gist of evidence, and in case the written st"
6bf7126ae54a7fd9d3bf6b91,low,semantic_quality,heuristic,quoted_material span has no quotation marks or sub-item markers (candidate: possible mislabel),"2. After hearing the learned counsel for the petitioner and perusing the file, it is straightaway observed that the respondent filed a suit for maintenance allowance and dower on 31.5.2018 in which th"
6bf7126ae54a7fd9d3bf6b91,low,metadata,heuristic,provisions_cited contains variant forms of the same provision: 'Section 9' and 'S.9',
6bf7126ae54a7fd9d3bf6b91,low,metadata,heuristic,provisions_cited contains variant forms of the same provision: 'Section 9' and 'section 9',
6c20b05d4e21bd215eae7f7d,low,semantic_quality,heuristic,"final_order span text has no recognizable disposition wording (candidate: may be a reporter tag-line fragment, not the operative sentence)",There will be-no order as to costs.
6c20b05d4e21bd215eae7f7d,low,metadata,heuristic,provisions_cited contains variant forms of the same provision: 'S.25' and 'section 25',
6c20b05d4e21bd215eae7f7d,low,metadata,heuristic,provisions_cited contains variant forms of the same provision: 'S.10' and 'section 10',
6c437bc05b51b44aef8631ef,low,semantic_quality,heuristic,"final_order span text has no recognizable disposition wording (candidate: may be a reporter tag-line fragment, not the operative sentence)",6. Both the parties are directed to appear before the learned District Judge on 27-10-1977.
6c437bc05b51b44aef8631ef,low,metadata,heuristic,provisions_cited contains variant forms of the same provision: 'S. 14' and 'section 14',
6c437bc05b51b44aef8631ef,low,metadata,heuristic,provisions_cited contains variant forms of the same provision: 'S. 14' and 'Section 14',
6c9273810645fb8cca96f4d0,low,semantic_quality,heuristic,quoted_material span has no quotation marks or sub-item markers (candidate: possible mislabel),"The English translation as well as commentary of Ayat No.6 of Surah Talaq by Mr. Abdullah Yusuf Ali in Volume-III at pages 1564 and 1565 (Three-Volume Edition - 1969) is reproduced as follows:-

Trans"
6c9273810645fb8cca96f4d0,low,metadata,heuristic,provisions_cited contains variant forms of the same provision: 'S. 17' and 'Section 17',
6c9273810645fb8cca96f4d0,low,metadata,heuristic,provisions_cited contains variant forms of the same provision: 'S. 17' and 'section 17',
6d45d3289eb222adb8348bed,low,semantic_quality,heuristic,"final_order span text has no recognizable disposition wording (candidate: may be a reporter tag-line fragment, not the operative sentence)",10. There will be no order as to costs.
6d45d3289eb222adb8348bed,low,metadata,heuristic,provisions_cited contains variant forms of the same provision: 'S. 23' and 'Section 23',
6d45d3289eb222adb8348bed,low,metadata,heuristic,provisions_cited contains variant forms of the same provision: 'S. 5' and 'section 5',
6d45d3289eb222adb8348bed,low,metadata,heuristic,provisions_cited contains variant forms of the same provision: 'S. 23' and 'section 23',
6d7ed2626cf7a57545bcd905,low,semantic_quality,heuristic,quoted_material span has no quotation marks or sub-item markers (candidate: possible mislabel),It may be mentioned that no witness of said 'Talaq' has been cited in the
6d9f65283d94b595cec0628d,low,semantic_quality,heuristic,span labeled 'court_reasoning' contains counsel-submission phrasing (candidate: should possibly be 'arguments'),"From a plain reading of above, I do not see any intention of the legislature to place complete embargo on granting permission to restrict ward within jurisdiction. Otherwise, the Courts would not have"
6d9f65283d94b595cec0628d,low,metadata,heuristic,provisions_cited contains variant forms of the same provision: 'Section 26' and 'section 26',
6dc16e6f4d23d5b763565e44,low,semantic_quality,heuristic,quoted_material span has no quotation marks or sub-item markers (candidate: possible mislabel),"5.There can be no dispute that while obtaining a decree for dissolution of marriage on the basis of khula', a wife is bound to return the benefits which she had derived on. account of the marriage fro"
6dc16e6f4d23d5b763565e44,low,semantic_quality,heuristic,quoted_material span has no quotation marks or sub-item markers (candidate: possible mislabel),"There can be no dispute that the determination regarding benefits is essential part of the decision and the decree of the, Family Court. In, the celebrated case of Mst. Khurshid Bibi v. Baboo Muhammad"
6dc16e6f4d23d5b763565e44,low,metadata,heuristic,provisions_cited contains variant forms of the same provision: 'S.5' and 'S. 5',
6dc16e6f4d23d5b763565e44,low,metadata,heuristic,provisions_cited contains variant forms of the same provision: 'S.5' and 'section 5',
6e23f68fd7e41e04d0d51185,low,semantic_quality,heuristic,"final_order span text has no recognizable disposition wording (candidate: may be a reporter tag-line fragment, not the operative sentence)",H.B.T./S‐448/L
6e37d0e6d64fa457d8020333,low,semantic_quality,heuristic,"final_order span text has no recognizable disposition wording (candidate: may be a reporter tag-line fragment, not the operative sentence)",17. Before parting we deem it apposite to direct the office to circulate the copy of this judgment to all the learned District Judges in the Province of Punjab.
6e37d0e6d64fa457d8020333,low,metadata,heuristic,provisions_cited contains variant forms of the same provision: 'section 13' and 'S.13',
6e37d0e6d64fa457d8020333,low,metadata,heuristic,provisions_cited contains variant forms of the same provision: 'section 13' and 'S. 13',
6e37d0e6d64fa457d8020333,low,metadata,heuristic,provisions_cited contains variant forms of the same provision: 'section 13' and 'Section 13',
6e37d0e6d64fa457d8020333,low,metadata,heuristic,provisions_cited contains variant forms of the same provision: 'S.17' and 'Section 17',
6e37d0e6d64fa457d8020333,low,metadata,heuristic,provisions_cited contains variant forms of the same provision: 'Section 25' and 'S. 25',
6e37d0e6d64fa457d8020333,low,metadata,heuristic,provisions_cited contains variant forms of the same provision: 'S.38' and 'Section 38',
6e37d0e6d64fa457d8020333,low,metadata,heuristic,provisions_cited contains variant forms of the same provision: 'S.39' and 'Section 39',
6eaf1fe9a0ced60f750ccc03,low,metadata,heuristic,provisions_cited contains variant forms of the same provision: 'S.14' and 'section. 14',
6eaf1fe9a0ced60f750ccc03,low,metadata,heuristic,provisions_cited contains variant forms of the same provision: 'S.14' and 'section 14',
6ed3848be6ea331fa5ea124b,low,metadata,heuristic,provisions_cited contains variant forms of the same provision: 'S.17' and 'S. 17',
6ed3848be6ea331fa5ea124b,low,metadata,heuristic,provisions_cited contains variant forms of the same provision: 'S.5' and 'S. 5',
6ed3848be6ea331fa5ea124b,low,metadata,heuristic,provisions_cited contains variant forms of the same provision: 'S.17' and 'Section 17',
6ed3848be6ea331fa5ea124b,low,metadata,heuristic,provisions_cited contains variant forms of the same provision: 'S.17' and 'section 17',
6eefbfba26c8daae3c7984ac,low,metadata,heuristic,provisions_cited contains variant forms of the same provision: 'S.14' and 'S. 14',
6eefbfba26c8daae3c7984ac,low,metadata,heuristic,provisions_cited contains variant forms of the same provision: 'S.14' and 'section 14',
6eefbfba26c8daae3c7984ac,low,metadata,heuristic,provisions_cited contains variant forms of the same provision: 'S.14' and 'Section 14',
6f448ac91514bf7b5743396b,low,metadata,heuristic,provisions_cited contains variant forms of the same provision: 'S.48' and 'S. 48',
6f9eda0cf4e15326d2156b9a,low,semantic_quality,heuristic,span labeled 'court_reasoning' contains counsel-submission phrasing (candidate: should possibly be 'arguments'),"6. Next question is that of the return of benefits received by the petitioner. In the present case, the dower has been fixed as five tola gold ornaments, cash amount of rupees one lac and constructed "
6fd2bde9c015c07fc46aa983,low,metadata,heuristic,provisions_cited contains variant forms of the same provision: 'Ss. 10' and 'section 10',
70080d3fedb2f7f0423f87cf,low,metadata,heuristic,provisions_cited contains variant forms of the same provision: 'S. 9' and 'Section 9',
70080d3fedb2f7f0423f87cf,low,metadata,heuristic,provisions_cited contains variant forms of the same provision: 'S. 9' and 'section 9',
70080d3fedb2f7f0423f87cf,low,metadata,heuristic,provisions_cited contains variant forms of the same provision: 'S. 5' and 'Section 5',
70080d3fedb2f7f0423f87cf,low,metadata,heuristic,provisions_cited contains variant forms of the same provision: 'Section 25' and 'section 25',
701040f0c5e08abca82d7eeb,low,semantic_quality,heuristic,"final_order span text has no recognizable disposition wording (candidate: may be a reporter tag-line fragment, not the operative sentence)",H.B.T./237/P?????????????????????????????????????????????????????????????????????????????????????? Petition accepted.
701a8ea91d30c88c4d6e0101,low,metadata,heuristic,provisions_cited contains variant forms of the same provision: 'S.14' and 'section 14',
705af0011d025a270623badf,low,metadata,heuristic,provisions_cited contains variant forms of the same provision: 'S.7' and 'section 7',
7085472e5a9b42d293200c86,low,metadata,heuristic,provisions_cited contains variant forms of the same provision: 'S. 5' and 'Section 5',
7085472e5a9b42d293200c86,low,metadata,heuristic,provisions_cited contains variant forms of the same provision: 'S. 5' and 'section 5',
7153decb5746522a6f8901ed,low,metadata,heuristic,provisions_cited contains variant forms of the same provision: 'S. 25' and 'section 25',
7153decb5746522a6f8901ed,low,metadata,heuristic,provisions_cited contains variant forms of the same provision: 'S. 25' and 'S.25',
7153decb5746522a6f8901ed,low,metadata,heuristic,provisions_cited contains variant forms of the same provision: 'Art 10' and 'Art. 10',
71aaa0841af09170f0fced80,low,semantic_quality,heuristic,"final_order span text has no recognizable disposition wording (candidate: may be a reporter tag-line fragment, not the operative sentence)","7. For what has been discussed above instant writ petition is (sic) the extent of imposition of consideration of Khula Rs.10,000 are set le aside. No order as to costs."
71af7183fba4a9d46c1246fa,low,semantic_quality,heuristic,"final_order span text has no recognizable disposition wording (candidate: may be a reporter tag-line fragment, not the operative sentence)",MHS/R-13/L Petition accepted.
71af7183fba4a9d46c1246fa,low,metadata,heuristic,provisions_cited contains variant forms of the same provision: 'S. 17' and 'section 17',
71b1455ba2f1059d3665d662,low,metadata,heuristic,provisions_cited contains variant forms of the same provision: 'Ss. 14' and 'S. 14',
71b1455ba2f1059d3665d662,low,metadata,heuristic,provisions_cited contains variant forms of the same provision: 'Ss. 14' and 'section 14',
71b1455ba2f1059d3665d662,low,metadata,heuristic,provisions_cited contains variant forms of the same provision: 'Ss. 14' and 'Section 14',
71d1254234bf787ac45e1fd4,low,metadata,heuristic,provisions_cited contains variant forms of the same provision: 'S.7' and 'section 7',
7247885e5f547525ae55cd91,low,semantic_quality,heuristic,quoted_material span has no quotation marks or sub-item markers (candidate: possible mislabel),"___________________________________

RELIED BY PETITIONER

___________________________________

RELIED BY RESPONDENT NO.3"
7247885e5f547525ae55cd91,low,metadata,heuristic,provisions_cited contains variant forms of the same provision: 'Ss. 9' and 'section 9',
727af62b9a05e15abbc69bba,low,metadata,heuristic,provisions_cited contains variant forms of the same provision: 'S. 5' and 'section 5',
727af62b9a05e15abbc69bba,low,metadata,heuristic,provisions_cited contains variant forms of the same provision: 'S.10' and 'section 10',
73118dc7b874fa9b4b0126e4,low,semantic_quality,heuristic,quoted_material span has no quotation marks or sub-item markers (candidate: possible mislabel),"7. Schedule under section 5 of the West Pakistan Family Courts Act, 1964 provided the following suits triable by the Judge, Family Court:--

(1) Dissolution of marriage including Khula.

(2) Dower.

("
73118dc7b874fa9b4b0126e4,low,metadata,heuristic,provisions_cited contains variant forms of the same provision: 'S. 5' and 'section 5',
73118dc7b874fa9b4b0126e4,low,metadata,heuristic,provisions_cited contains variant forms of the same provision: 'S. 5' and 'Section 5',
7331c02609ccac0930401ee2,low,semantic_quality,heuristic,"final_order span text has no recognizable disposition wording (candidate: may be a reporter tag-line fragment, not the operative sentence)",A.A./2003/P Petition accepted.
7331c02609ccac0930401ee2,low,metadata,heuristic,provisions_cited contains variant forms of the same provision: 'S. 14' and 'section 14',
7331c02609ccac0930401ee2,low,metadata,heuristic,provisions_cited contains variant forms of the same provision: 'S. 3' and 'section 3',
7331c02609ccac0930401ee2,low,metadata,heuristic,provisions_cited contains variant forms of the same provision: 'Section 5' and 'section 5',
7356f7bf8eda3be5cd64bb49,low,semantic_quality,heuristic,quoted_material span has no quotation marks or sub-item markers (candidate: possible mislabel),"The valid retirement which constitutes a legal presumption of the consummation of marriage, and perfects the wife's right over the whole dower, is that in which the husband and wife are alone together"
7356f7bf8eda3be5cd64bb49,low,semantic_quality,heuristic,quoted_material span has no quotation marks or sub-item markers (candidate: possible mislabel),"When the doors are closed, the curtains are drawn, and privacy is established, the full mahr becomes due, inheritance applies, and iddah must be completed.

(Tafsir Al-Hawi)."
7397b10b6a82d0e12a8cf050,low,metadata,heuristic,provisions_cited contains variant forms of the same provision: 'S. 8' and 'section 8',
73a26ecd79772c4aab6258d8,low,semantic_quality,heuristic,span labeled 'court_reasoning' contains counsel-submission phrasing (candidate: should possibly be 'arguments'),3. The learned counsel for the petitioner has contended that the order for interim maintenance allowance could be passed only for the future and it could not be given retrospective effect under the la
73b53ebc3e41b5bc6a4250c1,low,metadata,heuristic,provisions_cited contains variant forms of the same provision: 'Ss. 14' and 'S. 14',
73b53ebc3e41b5bc6a4250c1,low,metadata,heuristic,provisions_cited contains variant forms of the same provision: 'Ss. 14' and 'section 14',
73b53ebc3e41b5bc6a4250c1,low,metadata,heuristic,provisions_cited contains variant forms of the same provision: 'Ss. 14' and 'Section 14',
73bc34a8dc9a2c1a64242568,low,semantic_quality,heuristic,quoted_material span has no quotation marks or sub-item markers (candidate: possible mislabel),4. I have considered the submissions made by the learned counsel with care. Preliminary objection No. I may be reproduced conveniently:‐‐
73bc34a8dc9a2c1a64242568,low,semantic_quality,heuristic,"final_order span text has no recognizable disposition wording (candidate: may be a reporter tag-line fragment, not the operative sentence)",H.B.T./G‐278/L ?????????
73d4da476c4a5c22019ce524,low,semantic_quality,heuristic,quoted_material span has no quotation marks or sub-item markers (candidate: possible mislabel),..In Muslim Law it is the duty of the husband to maintain his wife. She is not entitled to maintenance when she refused to go to her husband's house without sufficient cause or is otherwise disobedien
73d4da476c4a5c22019ce524,low,semantic_quality,heuristic,"final_order span text has no recognizable disposition wording (candidate: may be a reporter tag-line fragment, not the operative sentence)",H. B. T.
73d4da476c4a5c22019ce524,low,semantic_quality,heuristic,"final_order span text has no recognizable disposition wording (candidate: may be a reporter tag-line fragment, not the operative sentence)",Petitions accepted.
73d4da476c4a5c22019ce524,low,metadata,heuristic,provisions_cited contains variant forms of the same provision: 'S. 5' and 'S.5',
73d4da476c4a5c22019ce524,low,metadata,heuristic,provisions_cited contains variant forms of the same provision: 'section 48' and 'Section 48',
73f9fe31bf0a843ef91d8a14,low,metadata,heuristic,provisions_cited contains variant forms of the same provision: 'S. 10' and 'section 10',
73f9fe31bf0a843ef91d8a14,low,metadata,heuristic,provisions_cited contains variant forms of the same provision: 'S. 10' and 'Section 10',
7404789fe4a549d5b2d93d6d,low,metadata,heuristic,provisions_cited contains variant forms of the same provision: 'S. 115' and 'section 115',
7404789fe4a549d5b2d93d6d,low,metadata,heuristic,provisions_cited contains variant forms of the same provision: 'S. 3' and 'section 3',
7404789fe4a549d5b2d93d6d,low,metadata,heuristic,provisions_cited contains variant forms of the same provision: 'S. 17' and 'section 17',
7404789fe4a549d5b2d93d6d,low,metadata,heuristic,provisions_cited contains variant forms of the same provision: 'S. 3' and 'Section 3',
7404789fe4a549d5b2d93d6d,low,metadata,heuristic,provisions_cited contains variant forms of the same provision: 'S. 17' and 'Section 17',
74079d6327da7b4b8143bd2a,low,metadata,heuristic,provisions_cited contains variant forms of the same provision: 'S.14' and 'Section 14',
740d6c5d0709f9fd10c04f60,low,semantic_quality,heuristic,"final_order span text has no recognizable disposition wording (candidate: may be a reporter tag-line fragment, not the operative sentence)",H.B.T./M-141/L Petition accepted.
74636af5601a7f46a447c373,low,semantic_quality,heuristic,"final_order span text has no recognizable disposition wording (candidate: may be a reporter tag-line fragment, not the operative sentence)","5. In the wake of above expressed provision of law this petition is not competent before this court. Office object is, therefore, sustained."
74636af5601a7f46a447c373,low,semantic_quality,heuristic,"final_order span text has no recognizable disposition wording (candidate: may be a reporter tag-line fragment, not the operative sentence)",SA/M-36/L Objection sustained.
74636af5601a7f46a447c373,low,metadata,heuristic,provisions_cited contains variant forms of the same provision: 'S. 25' and 'Section 25',
747c6e88c269f4d38298c86a,low,semantic_quality,heuristic,"final_order span text has no recognizable disposition wording (candidate: may be a reporter tag-line fragment, not the operative sentence)",H.B.T./M‐299/L
74b39000aec01ead9e41730d,low,metadata,heuristic,provisions_cited contains variant forms of the same provision: 'Section 17' and 'section 17',
74baf2950e6ded2b392ebd31,low,metadata,heuristic,provisions_cited contains variant forms of the same provision: 'S. 14' and 'section 14',
74baf2950e6ded2b392ebd31,low,metadata,heuristic,provisions_cited contains variant forms of the same provision: 'Art.199' and 'Art. 199',
74fd638155063f751763bc02,low,metadata,heuristic,provisions_cited contains variant forms of the same provision: 'S.14' and 'section 14',
752336f95e4a23091d5fa42a,low,semantic_quality,heuristic,quoted_material span has no quotation marks or sub-item markers (candidate: possible mislabel),"17A. Interim order for maintenance.-- At any stage of proceeding in a suit for maintenance, the Family Court may pass an interim order for maintenance, whereunder the payment shall be made by the four"
752336f95e4a23091d5fa42a,low,semantic_quality,heuristic,"final_order span text has no recognizable disposition wording (candidate: may be a reporter tag-line fragment, not the operative sentence)","14. Before parting, it is observed that in view of pendency of lis for a considerable period, it is expected from the learned Family Court, seized with the matter, to decide the suit expeditiously, ke"
752336f95e4a23091d5fa42a,low,metadata,heuristic,provisions_cited contains variant forms of the same provision: 'Ss.17' and 'S.17',
752336f95e4a23091d5fa42a,low,metadata,heuristic,provisions_cited contains variant forms of the same provision: 'Ss.17' and 'S. 17',
752336f95e4a23091d5fa42a,low,metadata,heuristic,provisions_cited contains variant forms of the same provision: 'Ss.17' and 'Section 17',
752336f95e4a23091d5fa42a,low,metadata,heuristic,provisions_cited contains variant forms of the same provision: 'S.10' and 'Section 10',
752336f95e4a23091d5fa42a,low,metadata,heuristic,provisions_cited contains variant forms of the same provision: 'S.10' and 'section 10',
752336f95e4a23091d5fa42a,low,metadata,heuristic,provisions_cited contains variant forms of the same provision: 'Ss.17' and 'section 17',
753c16bf74150f09c6e47148,low,metadata,heuristic,provisions_cited contains variant forms of the same provision: 'S. 5' and 'Ss. 5',
75a50ea960932700d38d94d1,low,metadata,heuristic,provisions_cited contains variant forms of the same provision: 'S. 13' and 'section 13',
75a8adb5e372daf0d50566ea,low,semantic_quality,heuristic,"final_order span text has no recognizable disposition wording (candidate: may be a reporter tag-line fragment, not the operative sentence)","6. A copy-of this order shall be sent to Mr. Fayyaz Ahmad Buttar, learned Judge, Family Court, seized of the trial for his information."
75a8adb5e372daf0d50566ea,low,metadata,heuristic,provisions_cited contains variant forms of the same provision: 'S.17A' and 'section 17A',
76453efec1b5f54cb66aee7b,low,semantic_quality,heuristic,"final_order span text has no recognizable disposition wording (candidate: may be a reporter tag-line fragment, not the operative sentence)",9. The Registrar of this Court shall circulate copy of this order to all the learned Distt. Judges in the Province for guidance of learned Judicial Officers working under their administrative control.
76453efec1b5f54cb66aee7b,low,metadata,heuristic,provisions_cited contains variant forms of the same provision: 'S.17' and 'Section 17',
766c3d30a1c8cf607e51b6d6,low,metadata,heuristic,provisions_cited contains variant forms of the same provision: 'S. 17' and 'S.17',
766c3d30a1c8cf607e51b6d6,low,metadata,heuristic,provisions_cited contains variant forms of the same provision: 'S. 17' and 'section 17',
76a3bcd0196cadd04b4dac51,low,metadata,heuristic,provisions_cited contains variant forms of the same provision: 'S. 17' and 'Section 17',
76a3bcd0196cadd04b4dac51,low,metadata,heuristic,provisions_cited contains variant forms of the same provision: 'S. 17' and 'section 17',
772f474ef01ec0995f4f37d1,low,semantic_quality,heuristic,"final_order span text has no recognizable disposition wording (candidate: may be a reporter tag-line fragment, not the operative sentence)",A. H.
776b8a37048ce54a25c0c463,low,metadata,heuristic,provisions_cited contains variant forms of the same provision: 'S. 5' and 'section 5',
778c97c12d6df2da5058c989,low,metadata,heuristic,provisions_cited contains variant forms of the same provision: 'S.17' and 'section 17',
778c97c12d6df2da5058c989,low,metadata,heuristic,provisions_cited contains variant forms of the same provision: 'section. 23' and 'Section 23',
778c97c12d6df2da5058c989,low,metadata,heuristic,provisions_cited contains variant forms of the same provision: 'S.17' and 'Section 17',
778c97c12d6df2da5058c989,low,metadata,heuristic,provisions_cited contains variant forms of the same provision: 'section. 23' and 'section 23',
77d25283d19fc7c906e435d1,low,metadata,heuristic,provisions_cited contains variant forms of the same provision: 'S.7' and 'section 7',
77d25283d19fc7c906e435d1,low,metadata,heuristic,provisions_cited contains variant forms of the same provision: 'S.7' and 'Section 7',
77d25283d19fc7c906e435d1,low,metadata,heuristic,provisions_cited contains variant forms of the same provision: 'S. 5' and 'S.5',
77d29f33cf56b982a1cde94e,low,semantic_quality,heuristic,"final_order span text has no recognizable disposition wording (candidate: may be a reporter tag-line fragment, not the operative sentence)","However, the petitioner can serve proper notice on respondent No.3, if so advised, and thereafter pursue the remedies available to, him under the law, which culminate into final divorce."
77d29f33cf56b982a1cde94e,low,metadata,heuristic,provisions_cited contains variant forms of the same provision: 'S. 7' and 'S.7',
77d29f33cf56b982a1cde94e,low,metadata,heuristic,provisions_cited contains variant forms of the same provision: 'S. 7' and 'section 7',
77dad923c0960a3c4ba55ab9,low,metadata,heuristic,provisions_cited contains variant forms of the same provision: 'S.14' and 'Section 14',
77dad923c0960a3c4ba55ab9,low,metadata,heuristic,provisions_cited contains variant forms of the same provision: 'S.14' and 'section 14',
7809b800106296a10bdd0c86,low,semantic_quality,heuristic,"final_order span text has no recognizable disposition wording (candidate: may be a reporter tag-line fragment, not the operative sentence)",7. This also disposes of C.M.No. 1 of 1996 and C.M.No. 2 of 1996.
7809b800106296a10bdd0c86,low,metadata,heuristic,provisions_cited contains variant forms of the same provision: 'S. 17' and 'section 17',
7809b800106296a10bdd0c86,low,metadata,heuristic,provisions_cited contains variant forms of the same provision: 'S.5' and 'section 5',
7809b800106296a10bdd0c86,low,metadata,heuristic,provisions_cited contains variant forms of the same provision: 'S.5' and 'Section 5',
7809b800106296a10bdd0c86,low,metadata,heuristic,provisions_cited contains variant forms of the same provision: 'Art.199' and 'Art. 199',
782d89f73cef1533214021bc,low,metadata,heuristic,provisions_cited contains variant forms of the same provision: 'S. 14' and 'S.14',
782d89f73cef1533214021bc,low,metadata,heuristic,provisions_cited contains variant forms of the same provision: 'S.12' and 'S. 12',
782d89f73cef1533214021bc,low,metadata,heuristic,provisions_cited contains variant forms of the same provision: 'S. 17' and 'S.17',
782d89f73cef1533214021bc,low,metadata,heuristic,provisions_cited contains variant forms of the same provision: 'S.12' and 'Section 12',
782d89f73cef1533214021bc,low,metadata,heuristic,provisions_cited contains variant forms of the same provision: 'S. 17' and 'Section 17',
782d89f73cef1533214021bc,low,metadata,heuristic,provisions_cited contains variant forms of the same provision: 'Section 3' and 'S. 3',
782d89f73cef1533214021bc,low,metadata,heuristic,provisions_cited contains variant forms of the same provision: 'S. 14' and 'Section 14',
782d89f73cef1533214021bc,low,metadata,heuristic,provisions_cited contains variant forms of the same provision: 'Section 2' and 'section 2',
782d89f73cef1533214021bc,low,metadata,heuristic,provisions_cited contains variant forms of the same provision: 'S.12' and 'section 12',
782d89f73cef1533214021bc,low,metadata,heuristic,provisions_cited contains variant forms of the same provision: 'Sections 10 and 11' and 'sections 10 and 11',
782d89f73cef1533214021bc,low,metadata,heuristic,provisions_cited contains variant forms of the same provision: 'Art. 199' and 'Art.199',
784090cdd18c3af5ae5252fe,low,metadata,heuristic,provisions_cited contains variant forms of the same provision: 'S.9' and 'section 9',
7847f95713c4ea0c7c8953ef,low,metadata,heuristic,provisions_cited contains variant forms of the same provision: 'S.10' and 'section 10',
784bb25c08087d9d66734080,low,semantic_quality,heuristic,"final_order span text has no recognizable disposition wording (candidate: may be a reporter tag-line fragment, not the operative sentence)",H.B.T./A-418/L Petition accepted.
78706f7fdb8bf011c598f381,low,semantic_quality,heuristic,quoted_material span has no quotation marks or sub-item markers (candidate: possible mislabel),"When a decree imposes obligations on both sides which are so conditioned that performance by one is conditional on performance by the other, execution will not be ordered unless the party seeking exec"
788b0c9332ea9ab19ea86ecd,low,semantic_quality,heuristic,"final_order span text has no recognizable disposition wording (candidate: may be a reporter tag-line fragment, not the operative sentence)",MQ/125/Isl. Petition accepted.
78ae25f53adaeb40b7da1c25,low,semantic_quality,heuristic,quoted_material span has no quotation marks or sub-item markers (candidate: possible mislabel),"17. Although one of the defendants while appearing as DW. 1 deposed that the agreement dated 26.03.2009 is false, frivolous and same is prepared in backdates just to deprive them from their shares of "
78ae25f53adaeb40b7da1c25,low,semantic_quality,heuristic,quoted_material span has no quotation marks or sub-item markers (candidate: possible mislabel),"18. In view of my above discussion, the plaintiff has successfully proved this issue by producing oral as well as documentary evidence in her favour. Hence, this issue is decided in favour of the plai"
78ae25f53adaeb40b7da1c25,low,semantic_quality,heuristic,quoted_material span has no quotation marks or sub-item markers (candidate: possible mislabel),She has produced Scriber of Ex.P.1 and both the marginal witnesses of same who have fully corroborated the contention of plaintiff with regard to execution of Ex.P.1 by the deceased Khan Muhammad. Alt
78ae25f53adaeb40b7da1c25,low,metadata,heuristic,provisions_cited contains variant forms of the same provision: 'S. 5' and 'Section 5',
78c89264103aebe6cdbc4c77,low,semantic_quality,heuristic,quoted_material span has no quotation marks or sub-item markers (candidate: possible mislabel),It may be further observed that although the conditions for grant of certiorari which obtain in English Courts do not apply to High Courts in Pakistan at the same time the extent of this constitutiona
78c89264103aebe6cdbc4c77,low,semantic_quality,heuristic,quoted_material span has no quotation marks or sub-item markers (candidate: possible mislabel),"It is also a settled principle of law that when exercising constitutional jurisdiction, the High Court does not sit as a court of appeal. In the United Kingdom, the England and Wales Court of Appeal i"
78c89264103aebe6cdbc4c77,low,semantic_quality,heuristic,quoted_material span has no quotation marks or sub-item markers (candidate: possible mislabel),It is plain that certiorari will not issue as the cloak of an appeal in disguise. It does not lie in order to bring up an Order or decision for re-hearing of the issue raised in the proceedings. It ex
78c89264103aebe6cdbc4c77,low,metadata,heuristic,provisions_cited contains variant forms of the same provision: 'S.5' and 'Section 5',
78c89264103aebe6cdbc4c77,low,metadata,heuristic,provisions_cited contains variant forms of the same provision: 'S.5' and 'section 5',
78c89264103aebe6cdbc4c77,low,metadata,heuristic,provisions_cited contains variant forms of the same provision: 'Art. 199' and 'Art.199',
793a0f01fb8c7579b9e51834,low,metadata,heuristic,provisions_cited contains variant forms of the same provision: 'Section 14' and 'S. 14',
793a0f01fb8c7579b9e51834,low,metadata,heuristic,provisions_cited contains variant forms of the same provision: 'Section 14' and 'section 14',
79588322ea48f34b9b9de069,low,semantic_quality,heuristic,quoted_material span has no quotation marks or sub-item markers (candidate: possible mislabel),(emphasis supplied)
79588322ea48f34b9b9de069,low,metadata,heuristic,provisions_cited contains variant forms of the same provision: 'S.6' and 'Section 6',
796632407864b5187ef8b7bb,low,semantic_quality,heuristic,span labeled 'court_reasoning' contains counsel-submission phrasing (candidate: should possibly be 'arguments'),6. Having considered the controversy I find that it will be in the interest of both the parties that the application of the respondent is also tried at Jaranwala. It is the admitted position that the 
796632407864b5187ef8b7bb,low,metadata,heuristic,provisions_cited contains variant forms of the same provision: 'S. 25' and 'section 25',
796632407864b5187ef8b7bb,low,metadata,heuristic,provisions_cited contains variant forms of the same provision: 'S. 9' and 'section 9',
79676f9b0d84c0033a0214eb,low,metadata,heuristic,provisions_cited contains variant forms of the same provision: 'Section 14' and 'section 14',
796dc3d4aaa12af87b57ff6c,low,metadata,heuristic,provisions_cited contains variant forms of the same provision: 'S.17' and 'section 17',
796dc3d4aaa12af87b57ff6c,low,metadata,heuristic,provisions_cited contains variant forms of the same provision: 'S.14' and 'section 14',
797225be0f8c2351dcab467c,low,metadata,heuristic,provisions_cited contains variant forms of the same provision: 'S.5' and 'section 5',
79c4f69f93b34afda62c4618,low,metadata,heuristic,provisions_cited contains variant forms of the same provision: 'Ss. 10' and 'S.10',
79c4f69f93b34afda62c4618,low,metadata,heuristic,provisions_cited contains variant forms of the same provision: 'S.7' and 'S. 7',
79c4f69f93b34afda62c4618,low,metadata,heuristic,provisions_cited contains variant forms of the same provision: 'S.7' and 'Section 7',
79c4f69f93b34afda62c4618,low,metadata,heuristic,provisions_cited contains variant forms of the same provision: 'Ss. 10' and 'section 10',
79c4f69f93b34afda62c4618,low,metadata,heuristic,provisions_cited contains variant forms of the same provision: 'S.12' and 'section 12',
79c4f69f93b34afda62c4618,low,metadata,heuristic,provisions_cited contains variant forms of the same provision: 'S.9' and 'section 9',
79c4f69f93b34afda62c4618,low,metadata,heuristic,provisions_cited contains variant forms of the same provision: 'S.7' and 'section 7',
79d2c458171e2ec313a90d52,low,semantic_quality,heuristic,"final_order span text has no recognizable disposition wording (candidate: may be a reporter tag-line fragment, not the operative sentence)",K.M.Z./M-20/L Case remaded.
79d2c458171e2ec313a90d52,low,metadata,heuristic,provisions_cited contains variant forms of the same provision: 'S.14' and 'section 14',
79d2c458171e2ec313a90d52,low,metadata,heuristic,provisions_cited contains variant forms of the same provision: 'S.14' and 'Section 14',
79dffa6d5737c0d1b2ee522b,low,semantic_quality,heuristic,quoted_material span has no quotation marks or sub-item markers (candidate: possible mislabel),"12. So far the golden ornament weighing one and a half tola is concerned, the petitioner in her cross examination admitted that"
79dffa6d5737c0d1b2ee522b,low,semantic_quality,heuristic,"final_order span text has no recognizable disposition wording (candidate: may be a reporter tag-line fragment, not the operative sentence)",The petitioner is also entitled for amount of maintenance for the period of ten months prior to the institution of the suit till the; dissolution of marriage by the trial Court dated 29-6-2002 plus pe
79dffa6d5737c0d1b2ee522b,low,metadata,heuristic,provisions_cited contains variant forms of the same provision: 'S.2' and 'section 2',
7a0b169cbfc0f121b4b8057d,low,metadata,heuristic,provisions_cited contains variant forms of the same provision: 'S. 10' and 'section 10',
7a0b169cbfc0f121b4b8057d,low,metadata,heuristic,provisions_cited contains variant forms of the same provision: 'Ss. 5' and 'Section 5',
7a0b169cbfc0f121b4b8057d,low,metadata,heuristic,provisions_cited contains variant forms of the same provision: 'section 21' and 'Section 21',
7a2b7f60a332ed6ea1ac12a3,low,semantic_quality,heuristic,span labeled 'court_reasoning' contains counsel-submission phrasing (candidate: should possibly be 'arguments'),4. Learned counsel for the petitioner has urged that the learned Family Court committed an illegality in not consolidating the petitioner's suit for restitution of conjugal rights with the suit for ja
7a38901da82b9148a8d74a0e,low,semantic_quality,heuristic,"final_order span text has no recognizable disposition wording (candidate: may be a reporter tag-line fragment, not the operative sentence)",A.A./R.35/K Revision accepted
7a38901da82b9148a8d74a0e,low,metadata,heuristic,provisions_cited contains variant forms of the same provision: 'S. 5' and 'section 5',
7a43820cead047407c95589a,low,semantic_quality,heuristic,"final_order span text has no recognizable disposition wording (candidate: may be a reporter tag-line fragment, not the operative sentence)","In view of the above, the petition is accepted declaring the judgment of the appellate Court as of no legal effect. As a result, the judgment of the Judge Family Court, Islamabad dated 14-12-2002 will"
7a88c54bd40aae08dd35c6da,low,semantic_quality,heuristic,"final_order span text has no recognizable disposition wording (candidate: may be a reporter tag-line fragment, not the operative sentence)",Order announced in the open Court. File shall be kept in archive.
7a88c54bd40aae08dd35c6da,low,metadata,heuristic,provisions_cited contains variant forms of the same provision: 'S.491' and 'Section 491',
7a9932e347a133e3b0a60d47,low,metadata,heuristic,provisions_cited contains variant forms of the same provision: 'S.6' and 'section 6',
7a9932e347a133e3b0a60d47,low,metadata,heuristic,provisions_cited contains variant forms of the same provision: 'S.6' and 'Section 6',
7aa009fa4a306167d8cf1f49,low,metadata,heuristic,provisions_cited contains variant forms of the same provision: 'S.17' and 'section 17',
7aa009fa4a306167d8cf1f49,low,metadata,heuristic,provisions_cited contains variant forms of the same provision: 'S.14' and 'section 14',
7ad6ff0c8ad95f9b7c301c51,low,semantic_quality,heuristic,"final_order span text has no recognizable disposition wording (candidate: may be a reporter tag-line fragment, not the operative sentence)",H.B.T./M-287/L
7ad6ff0c8ad95f9b7c301c51,low,metadata,heuristic,provisions_cited contains variant forms of the same provision: 'Art. 199' and 'Art.199',
7b0c27bca4ca96efe172ff12,low,semantic_quality,heuristic,quoted_material span has no quotation marks or sub-item markers (candidate: possible mislabel),"It is, however, submitted that the decree was wrongly drawn up by the Civil Court. But it is well-settled principle that the executing Court cannot go behind the decree and has to execute it as it is "
7b0c27bca4ca96efe172ff12,low,semantic_quality,heuristic,quoted_material span has no quotation marks or sub-item markers (candidate: possible mislabel),"In the execution proceedings, it was not open to the respondent No.1 to take up the plea which he had not taken before the learned trial Court during the course of the hearing of the suit which was ul"
7b0c27bca4ca96efe172ff12,low,semantic_quality,heuristic,quoted_material span has no quotation marks or sub-item markers (candidate: possible mislabel),"....there is plethora of case-law on the legal point that the executing Court, under no circumstances can go beyond the decree....."
7b7cfe5582fb08fc274720a2,low,metadata,heuristic,provisions_cited contains variant forms of the same provision: 'S. 14' and 'S.14',
7b7cfe5582fb08fc274720a2,low,metadata,heuristic,provisions_cited contains variant forms of the same provision: 'S. 14' and 'section 14',
7b826ff8a30a588f4b376556,low,metadata,heuristic,provisions_cited contains variant forms of the same provision: 'S.17' and 'Section 17',
7bb739706a3cbad3118d3d8b,low,semantic_quality,heuristic,"final_order span text has no recognizable disposition wording (candidate: may be a reporter tag-line fragment, not the operative sentence)",7. This petition is accepted in the above terms. The petitioner's application shall be deemed to be pending and shall be decided strictly in accordance with the law. The parties shall appear before th
7bb739706a3cbad3118d3d8b,low,semantic_quality,heuristic,"final_order span text has no recognizable disposition wording (candidate: may be a reporter tag-line fragment, not the operative sentence)",H.B.T./M-526/L Petition accepted.
7bbbfa5f557ecc6967ac80e7,low,metadata,heuristic,provisions_cited contains variant forms of the same provision: 'S. 10' and 'section 10',
7bbbfa5f557ecc6967ac80e7,low,metadata,heuristic,provisions_cited contains variant forms of the same provision: 'Art. 9' and 'Art.9',
7bc17f6224e7f75499a57fde,low,metadata,heuristic,provisions_cited contains variant forms of the same provision: 'S.14' and 'Section 14',
7bc7064f5ebf3836867ef2c7,low,semantic_quality,heuristic,"final_order span text has no recognizable disposition wording (candidate: may be a reporter tag-line fragment, not the operative sentence)",A. A./S‐129/K Petition accepted
7bc7064f5ebf3836867ef2c7,low,metadata,heuristic,provisions_cited contains variant forms of the same provision: 'S. 5' and 'section 5',
7c1363a550c7931cad50ee5f,low,metadata,heuristic,provisions_cited contains variant forms of the same provision: 'S.19' and 'section 19',
7c1985215409191a3d1d1b2d,low,metadata,heuristic,provisions_cited contains variant forms of the same provision: 'S.17' and 'section 17',
7c1985215409191a3d1d1b2d,low,metadata,heuristic,provisions_cited contains variant forms of the same provision: 'S.17' and 'Section 17',
7c2a12cc455682dc59ad0b2e,low,metadata,heuristic,provisions_cited contains variant forms of the same provision: 'S.7' and 'section 7',
7c2a12cc455682dc59ad0b2e,low,metadata,heuristic,provisions_cited contains variant forms of the same provision: 'S.7' and 'Section 7',
7c3544aea37fab509195c3a9,low,semantic_quality,heuristic,quoted_material span has no quotation marks or sub-item markers (candidate: possible mislabel),"It would be not out of place to refer to PLD 1975 Lahore 805, in which case, the issues of cruelty, non-maintenance and desertion etc., were found against the wife. Decree of dissolution of marriage, "
7c3544aea37fab509195c3a9,low,semantic_quality,heuristic,"final_order span text has no recognizable disposition wording (candidate: may be a reporter tag-line fragment, not the operative sentence)",A.A./B-17/K
7c39539ab35be8bbf7f67bf9,low,semantic_quality,heuristic,quoted_material span has no quotation marks or sub-item markers (candidate: possible mislabel),"14. That evidence of PW-1 (respondent No.3) is available on record, wherein, in her cross-examination she stated as under:-"
7c39539ab35be8bbf7f67bf9,low,metadata,heuristic,provisions_cited contains variant forms of the same provision: 'S.17' and 'Section 17',
7c39539ab35be8bbf7f67bf9,low,metadata,heuristic,provisions_cited contains variant forms of the same provision: 'S.17' and 'section 17',
7c56bbe8c86719373a70338b,low,metadata,heuristic,provisions_cited contains variant forms of the same provision: 'S. 2' and 'section 2',
7c56bbe8c86719373a70338b,low,metadata,heuristic,provisions_cited contains variant forms of the same provision: 'section 112' and 'Section 112',
7c7cf764ac0a2a6bf06a2cf5,low,metadata,heuristic,provisions_cited contains variant forms of the same provision: 'S. 17' and 'section 17',
7c7cf764ac0a2a6bf06a2cf5,low,metadata,heuristic,provisions_cited contains variant forms of the same provision: 'S. 17' and 'Section 17',
7cc3bea248f462d4cc1fe822,low,metadata,heuristic,provisions_cited contains variant forms of the same provision: 'S. 5' and 'S.5',
7cc3bea248f462d4cc1fe822,low,metadata,heuristic,provisions_cited contains variant forms of the same provision: 'S. 5' and 'Ss. 5',
7cc3bea248f462d4cc1fe822,low,metadata,heuristic,provisions_cited contains variant forms of the same provision: 'S. 17' and 'Section 17',
7cc3bea248f462d4cc1fe822,low,metadata,heuristic,provisions_cited contains variant forms of the same provision: 'Art.79' and 'Art. 79',
7ccbd5d3e5e3bb2e0b89bff9,low,semantic_quality,heuristic,span labeled 'court_reasoning' contains counsel-submission phrasing (candidate: should possibly be 'arguments'),15. The learned counsel for the petitioners has been unable to establish any misreading or non-reading of the evidence except that respondent No.2 whilst assessing the value of the articles of dowry r
7ccbd5d3e5e3bb2e0b89bff9,low,semantic_quality,heuristic,"final_order span text has no recognizable disposition wording (candidate: may be a reporter tag-line fragment, not the operative sentence)",There is no order as to costs.
7d1ee447d299a3bb4a72e6c9,low,metadata,heuristic,provisions_cited contains variant forms of the same provision: 'S.10' and 'section 10',
7d1ee447d299a3bb4a72e6c9,low,metadata,heuristic,provisions_cited contains variant forms of the same provision: 'S.10' and 'Section 10',
7d34eb9336c2dea1577d1f43,low,metadata,heuristic,provisions_cited contains variant forms of the same provision: 'section 128' and 'Section 128',
7d5671889dee8117c2f930a3,low,metadata,heuristic,provisions_cited contains variant forms of the same provision: 'S. 7' and 'section 7',
7d5671889dee8117c2f930a3,low,metadata,heuristic,provisions_cited contains variant forms of the same provision: 'S. 488' and 'section 488',
7d5671889dee8117c2f930a3,low,metadata,heuristic,provisions_cited contains variant forms of the same provision: 'S. 20' and 'section 20',
7d5671889dee8117c2f930a3,low,metadata,heuristic,provisions_cited contains variant forms of the same provision: 'S. 488' and 'Section 488',
7d8eedc22bce20e464aaa645,low,semantic_quality,heuristic,quoted_material span has no quotation marks or sub-item markers (candidate: possible mislabel),"ISSUES NOS.02 and 03

Since both issues are interlinked and interconnected with each other thus discussed together. Plaintiff claims for her maintenance since June 2016, onus to prove lies upon the sh"
7d8eedc22bce20e464aaa645,low,semantic_quality,heuristic,quoted_material span has no quotation marks or sub-item markers (candidate: possible mislabel),"My findings on the above referred points for determination along with reasons are as under:-

Perusal of case file and available documents in the R & Ps makes it abundantly clear that the appellant ha"
7d8eedc22bce20e464aaa645,low,metadata,heuristic,provisions_cited contains variant forms of the same provision: 'S. 115' and 'section 115',
7da99cda4d87d9242d9ec3e5,low,metadata,heuristic,provisions_cited contains variant forms of the same provision: 'Ss.17' and 'S.17',
7da99cda4d87d9242d9ec3e5,low,metadata,heuristic,provisions_cited contains variant forms of the same provision: 'Ss.17' and 'Sections 17',
7da99cda4d87d9242d9ec3e5,low,metadata,heuristic,provisions_cited contains variant forms of the same provision: 'Ss.17' and 'Section 17',
7da99cda4d87d9242d9ec3e5,low,metadata,heuristic,provisions_cited contains variant forms of the same provision: 'Ss.17' and 'S. 17',
7da99cda4d87d9242d9ec3e5,low,metadata,heuristic,provisions_cited contains variant forms of the same provision: 'Ss.17' and 'section 17',
7da99cda4d87d9242d9ec3e5,low,metadata,heuristic,provisions_cited contains variant forms of the same provision: 'S.12' and 'section 12',
7da99cda4d87d9242d9ec3e5,low,metadata,heuristic,provisions_cited contains variant forms of the same provision: 'S.12' and 'Section 12',
7dbf2edbb6b857e09a4eba7a,low,metadata,heuristic,provisions_cited contains variant forms of the same provision: 'S.2' and 'Section 2',
7dbf2edbb6b857e09a4eba7a,low,metadata,heuristic,provisions_cited contains variant forms of the same provision: 'S.2' and 'section 2',
7e358e0a2c07243478ecadd7,low,metadata,heuristic,provisions_cited contains variant forms of the same provision: 'S.25' and 'section 25',
7e358e0a2c07243478ecadd7,low,metadata,heuristic,provisions_cited contains variant forms of the same provision: 'S.14' and 'section 14',
7e358e0a2c07243478ecadd7,low,metadata,heuristic,provisions_cited contains variant forms of the same provision: 'S.47' and 'section 47',
7e358e0a2c07243478ecadd7,low,metadata,heuristic,provisions_cited contains variant forms of the same provision: 'S.3' and 'section 3',
7e3a135cd2ec69a75f9486f1,low,metadata,heuristic,provisions_cited contains variant forms of the same provision: 'S.9' and 'section 9',
7e3a135cd2ec69a75f9486f1,low,metadata,heuristic,provisions_cited contains variant forms of the same provision: 'S.10' and 'section 10',
7e40d43ea36b56067656f7eb,low,metadata,heuristic,provisions_cited contains variant forms of the same provision: 'S. 25' and 'S.25',
7e40d43ea36b56067656f7eb,low,metadata,heuristic,provisions_cited contains variant forms of the same provision: 'S.2' and 'S. 2',
7e40d43ea36b56067656f7eb,low,metadata,heuristic,provisions_cited contains variant forms of the same provision: 'S. 25' and 'section 25',
7e40d43ea36b56067656f7eb,low,metadata,heuristic,provisions_cited contains variant forms of the same provision: 'S.2' and 'Section 2',
7e40d43ea36b56067656f7eb,low,metadata,heuristic,provisions_cited contains variant forms of the same provision: 'Section 4' and 'section 4',
7e40d43ea36b56067656f7eb,low,metadata,heuristic,provisions_cited contains variant forms of the same provision: 'S.5' and 'section 5',
7e40d43ea36b56067656f7eb,low,metadata,heuristic,provisions_cited contains variant forms of the same provision: 'section 14' and 'Section 14',
7e40d43ea36b56067656f7eb,low,metadata,heuristic,provisions_cited contains variant forms of the same provision: 'S.2' and 'section 2',
7e40d43ea36b56067656f7eb,low,metadata,heuristic,provisions_cited contains variant forms of the same provision: 'Section 3' and 'section 3',
7e40d43ea36b56067656f7eb,low,metadata,heuristic,provisions_cited contains variant forms of the same provision: 'S. 25' and 'Section 25',
7e40d43ea36b56067656f7eb,low,metadata,heuristic,provisions_cited contains variant forms of the same provision: 'S.5' and 'Section 5',
7e40d43ea36b56067656f7eb,low,metadata,heuristic,provisions_cited contains variant forms of the same provision: 'section 6' and 'Section 6',
7e783a821f62f4682f07e8b1,low,metadata,heuristic,provisions_cited contains variant forms of the same provision: 'S. 17A' and 'S.17A',
7e783a821f62f4682f07e8b1,low,metadata,heuristic,provisions_cited contains variant forms of the same provision: 'S. 14' and 'section 14',
7ea304ebd8a9924ed887bebb,low,metadata,heuristic,provisions_cited contains variant forms of the same provision: 'S. 115' and 'S.115',
7ea304ebd8a9924ed887bebb,low,metadata,heuristic,provisions_cited contains variant forms of the same provision: 'S. 115' and 'section 115',
7f195ba18c9c74fd2325a9b4,low,metadata,heuristic,provisions_cited contains variant forms of the same provision: 'Ss. 5' and 'section 5',
7f4c70462166f5d452cd360b,low,semantic_quality,heuristic,"final_order span text has no recognizable disposition wording (candidate: may be a reporter tag-line fragment, not the operative sentence)",Q.M.H./M.A.K./G‐2/L
7f4c70462166f5d452cd360b,low,metadata,heuristic,provisions_cited contains variant forms of the same provision: 'S.17' and 'section 17',
7f7f1943c7d6e76a92c9587a,low,semantic_quality,heuristic,"final_order span text has no recognizable disposition wording (candidate: may be a reporter tag-line fragment, not the operative sentence)",4. I have heard the learned counsel for the parties and perused the record with their assistance. Nearly a decade has gone by since the marriage of the parties and it has borne no fruit. Out of frustr
7ff5063a8332ed75e80fe451,low,semantic_quality,heuristic,"final_order span text has no recognizable disposition wording (candidate: may be a reporter tag-line fragment, not the operative sentence)","10. For the foregoing reasons this petition is decided in the manner that the respondent is entitled to receive the amount of dowry articles @ Rs.55,000, the minor will be entitled to receive an amoun"
7ffd901ba9120782d518a263,low,metadata,heuristic,provisions_cited contains variant forms of the same provision: 'S. 5' and 'section 5',
801587b159f453f4735bf20e,low,semantic_quality,heuristic,quoted_material span has no quotation marks or sub-item markers (candidate: possible mislabel),"Description of Suit

Periof of Intimation

Time from which period begins to run

1

2

3

103. By a Muhammadan for exigible dower (mu'ajjal)

Three years

When the dower is demanded and refused or (wh"
801587b159f453f4735bf20e,low,metadata,heuristic,provisions_cited contains variant forms of the same provision: 'S. 8' and 'Section 8',
8068d2cc65c0758bad79783d,low,metadata,heuristic,provisions_cited contains variant forms of the same provision: 'S.290' and 'section 290',
8068d2cc65c0758bad79783d,low,metadata,heuristic,provisions_cited contains variant forms of the same provision: 'S.336' and 'section 336',
80bad3d46ee17adde02470cc,low,semantic_quality,heuristic,quoted_material span has no quotation marks or sub-item markers (candidate: possible mislabel),"Learned counsel has also relied on the following verses of the Holy Qur'an:

Sura Al‐Araf Chapter 7 Verse 199:

Adopt forgiveness, enjoin good practice, URF (CUSTOM) and turn aside from the ignorant.
"
80bad3d46ee17adde02470cc,low,semantic_quality,heuristic,quoted_material span has no quotation marks or sub-item markers (candidate: possible mislabel),"(PLD 1985 SC 345) Mst. Ghulam Bibi and others v. Sarsa Khan and others. .

(1992 SCMR 1974) Allah Ditta v. Barka Ali and others.

(PLD 1993' SC 332) Mir Mazar v. Azim.

(1993 SCMR 1304) Master Musa Kh"
80bad3d46ee17adde02470cc,low,semantic_quality,heuristic,quoted_material span has no quotation marks or sub-item markers (candidate: possible mislabel),"It has been held in Mst. Naseem Akhtar and 4 others v. Shalimar General Insurance Company Ltd. and 2 others (ibid), that:‐‐

Questions which could have been raised in proceedings in suit but were not "
80bad3d46ee17adde02470cc,low,metadata,heuristic,provisions_cited contains variant forms of the same provision: 'S.370' and 'section 370',
80bad3d46ee17adde02470cc,low,metadata,heuristic,provisions_cited contains variant forms of the same provision: 'S.13' and 'section 13',
80bad3d46ee17adde02470cc,low,metadata,heuristic,provisions_cited contains variant forms of the same provision: 'section. 488' and 'section 488',
8118cd0447693508f371dc18,low,metadata,heuristic,provisions_cited contains variant forms of the same provision: 'S.14' and 'section 14',
8137473a5b65970b51de4af1,low,semantic_quality,heuristic,"final_order span text has no recognizable disposition wording (candidate: may be a reporter tag-line fragment, not the operative sentence)","8. Therefore, while holding that the Talaq pronounced by respondent No.1 thrice became effective at once and dissolved his marriage with the petitioner, I partly al1ow this petition and declare the pr"
8137473a5b65970b51de4af1,low,metadata,heuristic,provisions_cited contains variant forms of the same provision: 'Ss. 1' and 'section 1',
8137473a5b65970b51de4af1,low,metadata,heuristic,provisions_cited contains variant forms of the same provision: 'S.20' and 'section 20',
8137473a5b65970b51de4af1,low,metadata,heuristic,provisions_cited contains variant forms of the same provision: 'Art.199' and 'Art. 199',
81a9fc45d29e2b35dbe7f0e3,low,metadata,heuristic,provisions_cited contains variant forms of the same provision: 'S. 25' and 'S.25',
81a9fc45d29e2b35dbe7f0e3,low,metadata,heuristic,provisions_cited contains variant forms of the same provision: 'S. 25' and 'section 25',
81c1fb60ea0e309cdf172e58,low,metadata,heuristic,provisions_cited contains variant forms of the same provision: 'Ss. 16' and 'Ss.16',
81c1fb60ea0e309cdf172e58,low,metadata,heuristic,provisions_cited contains variant forms of the same provision: 'S. 17' and 'S.17',
81d1206cb8981a45056ade0c,low,metadata,heuristic,provisions_cited contains variant forms of the same provision: 'S.14' and 'S. 14',
81d1206cb8981a45056ade0c,low,metadata,heuristic,provisions_cited contains variant forms of the same provision: 'S.14' and 'section 14',
81d29b42918cc3e4141feec1,low,metadata,heuristic,provisions_cited contains variant forms of the same provision: 'S. 5' and 'Section 5',
81eddaca417b72ed0dc785ae,low,metadata,heuristic,provisions_cited contains variant forms of the same provision: 'S.25' and 'section 25',
81eddaca417b72ed0dc785ae,low,metadata,heuristic,provisions_cited contains variant forms of the same provision: 'S.47' and 'section 47',
81eddaca417b72ed0dc785ae,low,metadata,heuristic,provisions_cited contains variant forms of the same provision: 'S.14' and 'section 14',
81eddaca417b72ed0dc785ae,low,metadata,heuristic,provisions_cited contains variant forms of the same provision: 'S.25' and 'Section 25',
81eddaca417b72ed0dc785ae,low,metadata,heuristic,provisions_cited contains variant forms of the same provision: 'S.14' and 'Section 14',
81eddaca417b72ed0dc785ae,low,metadata,heuristic,provisions_cited contains variant forms of the same provision: 'S.47' and 'Section 47',
822d9ba08d6ea75376daeca4,low,metadata,heuristic,provisions_cited contains variant forms of the same provision: 'S. 14' and 'S.14',
822d9ba08d6ea75376daeca4,low,metadata,heuristic,provisions_cited contains variant forms of the same provision: 'S. 14' and 'section 14',
823421d74c089a9fa1a9d73f,low,metadata,heuristic,provisions_cited contains variant forms of the same provision: 'S.5' and 'S. 5',
823f2764baad75509e0d018b,low,metadata,heuristic,provisions_cited contains variant forms of the same provision: 'S.6' and 'section 6',
8244a4ceff34bb64f0763c1c,low,semantic_quality,heuristic,"final_order span text has no recognizable disposition wording (candidate: may be a reporter tag-line fragment, not the operative sentence)",M.BA./A‐714/L Petition accepted.
824ef56a17edb973c5247cac,low,metadata,heuristic,provisions_cited contains variant forms of the same provision: 'S.11' and 'Section 11',
824ef56a17edb973c5247cac,low,metadata,heuristic,provisions_cited contains variant forms of the same provision: 'S.11' and 'section 11',
824ef56a17edb973c5247cac,low,metadata,heuristic,provisions_cited contains variant forms of the same provision: 'S.17' and 'section 17',
826d0f91fa6152b40f164743,low,metadata,heuristic,provisions_cited contains variant forms of the same provision: 'S. 11' and 'section 11',
835cee8182ba27d5aef25f13,low,semantic_quality,heuristic,"final_order span text has no recognizable disposition wording (candidate: may be a reporter tag-line fragment, not the operative sentence)",Q.M.H./M.A.K./P-70/L
835cee8182ba27d5aef25f13,low,metadata,heuristic,provisions_cited contains variant forms of the same provision: 'S.5' and 'S. 5',
836b92594ee4f16973ae28cb,low,metadata,heuristic,provisions_cited contains variant forms of the same provision: 'S. 2' and 'Section 2',
836b92594ee4f16973ae28cb,low,metadata,heuristic,provisions_cited contains variant forms of the same provision: 'section 10' and 'Section 10',
836b92594ee4f16973ae28cb,low,metadata,heuristic,provisions_cited contains variant forms of the same provision: 'S. 2' and 'section 2',
83c6f793cd78e9cafda6ecd2,low,semantic_quality,heuristic,"final_order span text has no recognizable disposition wording (candidate: may be a reporter tag-line fragment, not the operative sentence)","In the light of what has been stated above, the instant appeal is accepted and the decision impugned herein, is hereby set-aside. Keeping in view the welfare of the minor, her custody is ordered to be"
83e1c41bbcd8e3bc5dfea59b,low,semantic_quality,heuristic,"final_order span text has no recognizable disposition wording (candidate: may be a reporter tag-line fragment, not the operative sentence)",C.M.A./M.A.K./427/P
83e1c41bbcd8e3bc5dfea59b,low,metadata,heuristic,provisions_cited contains variant forms of the same provision: 'S.115' and 'section 115',
83e1c41bbcd8e3bc5dfea59b,low,metadata,heuristic,provisions_cited contains variant forms of the same provision: 'S.17' and 'section 17',
83f447aff949ed1cd35d4f5b,low,semantic_quality,heuristic,quoted_material span has no quotation marks or sub-item markers (candidate: possible mislabel),"8. Where such copies are so filed, the decree or order may, if the Court to which it is sent is the District Court, be executed by such Court or be transferred for execution to any subordinate Court o"
83f447aff949ed1cd35d4f5b,low,semantic_quality,heuristic,quoted_material span has no quotation marks or sub-item markers (candidate: possible mislabel),6. It is true that a Court which has the jurisdiction to adjudicate the dispute and pass an order has also implicit power to have the order implemented and mere an erroneous order passed by the Court 
83f447aff949ed1cd35d4f5b,low,semantic_quality,heuristic,"final_order span text has no recognizable disposition wording (candidate: may be a reporter tag-line fragment, not the operative sentence)",UN/116/Isl. ???
83f447aff949ed1cd35d4f5b,low,metadata,heuristic,provisions_cited contains variant forms of the same provision: 'S.10' and 'section 10',
83f447aff949ed1cd35d4f5b,low,metadata,heuristic,provisions_cited contains variant forms of the same provision: 'S.36' and 'sections 36',
83f447aff949ed1cd35d4f5b,low,metadata,heuristic,provisions_cited contains variant forms of the same provision: 'S.36' and 'section 36',
83f447aff949ed1cd35d4f5b,low,metadata,heuristic,provisions_cited contains variant forms of the same provision: 'S.48' and 'Section 48',
841d094d35adcbea06e11811,low,metadata,heuristic,provisions_cited contains variant forms of the same provision: 'S. 25' and 'Section 25',
841d094d35adcbea06e11811,low,metadata,heuristic,provisions_cited contains variant forms of the same provision: 'S. 25' and 'section 25',
84afa91b04d565cde3f3a2df,low,semantic_quality,heuristic,"final_order span text has no recognizable disposition wording (candidate: may be a reporter tag-line fragment, not the operative sentence)",M.I./R-87/L Petition accepted.
84afa91b04d565cde3f3a2df,low,metadata,heuristic,provisions_cited contains variant forms of the same provision: 'S. 5' and 'S.5',
84b42b83a4af40aa53f1157a,low,metadata,heuristic,provisions_cited contains variant forms of the same provision: 'S. 25' and 'Section 25',
84d4aeb67951cfa195bd5b9e,low,metadata,heuristic,provisions_cited contains variant forms of the same provision: 'Ss. 5' and 'Section 5',
84d4aeb67951cfa195bd5b9e,low,metadata,heuristic,provisions_cited contains variant forms of the same provision: 'S. 25' and 'section 25',
84d4aeb67951cfa195bd5b9e,low,metadata,heuristic,provisions_cited contains variant forms of the same provision: 'Ss. 5' and 'section 5',
84d4aeb67951cfa195bd5b9e,low,metadata,heuristic,provisions_cited contains variant forms of the same provision: 'S. 7' and 'section 7',
84dfa2f2367b11de7392a439,low,metadata,heuristic,provisions_cited contains variant forms of the same provision: 'S. 5' and 'section 5',
84f04b28ad5dc71e2154f799,low,metadata,heuristic,provisions_cited contains variant forms of the same provision: 'S.2' and 'S. 2',
84f04b28ad5dc71e2154f799,low,metadata,heuristic,provisions_cited contains variant forms of the same provision: 'S. 6' and 'S.6',
84f04b28ad5dc71e2154f799,low,metadata,heuristic,provisions_cited contains variant forms of the same provision: 'S. 14' and 'section 14',
84f04b28ad5dc71e2154f799,low,metadata,heuristic,provisions_cited contains variant forms of the same provision: 'S.2' and 'section 2',
84f04b28ad5dc71e2154f799,low,metadata,heuristic,provisions_cited contains variant forms of the same provision: 'S. 6' and 'section 6',
84fe8a3f786b14de2179442c,low,semantic_quality,heuristic,span labeled 'court_reasoning' contains counsel-submission phrasing (candidate: should possibly be 'arguments'),"8. In the present case, the plaintiff/appellant, Saba Sarwar filed the suit for dissolution of marriage and has taken a stance that after marriage, the defendant/respondent-appellant maltreated her an"
85292722528f6988a055753d,low,semantic_quality,heuristic,"final_order span text has no recognizable disposition wording (candidate: may be a reporter tag-line fragment, not the operative sentence)",Q.M.H./M.A.K./M‐316/L
852addf7e0d0d684d2fc1f52,low,semantic_quality,heuristic,"final_order span text has no recognizable disposition wording (candidate: may be a reporter tag-line fragment, not the operative sentence)",H.B.T./M‐612/L .
8536de30f50cb9f8ea1df0f6,low,metadata,heuristic,provisions_cited contains variant forms of the same provision: 'S. 17' and 'S.17',
8536de30f50cb9f8ea1df0f6,low,metadata,heuristic,provisions_cited contains variant forms of the same provision: 'S. 14' and 'S.14',
8536de30f50cb9f8ea1df0f6,low,metadata,heuristic,provisions_cited contains variant forms of the same provision: 'S. 17' and 'Section 17',
8536de30f50cb9f8ea1df0f6,low,metadata,heuristic,provisions_cited contains variant forms of the same provision: 'S. 14' and 'Section 14',
856d4efe875789712d46f167,low,metadata,heuristic,provisions_cited contains variant forms of the same provision: 'S.17' and 'S. 17',
856d4efe875789712d46f167,low,metadata,heuristic,provisions_cited contains variant forms of the same provision: 'S. 14' and 'section 14',
856d4efe875789712d46f167,low,metadata,heuristic,provisions_cited contains variant forms of the same provision: 'S.17' and 'Section 17',
85885968eb3849cba37bf2d3,low,metadata,heuristic,provisions_cited contains variant forms of the same provision: 'S.3' and 'section 3',
85885968eb3849cba37bf2d3,low,metadata,heuristic,provisions_cited contains variant forms of the same provision: 'S.14' and 'section 14',
85885968eb3849cba37bf2d3,low,metadata,heuristic,provisions_cited contains variant forms of the same provision: 'S.14' and 'Section 14',
859feaf964206165b5f4a7f6,low,metadata,heuristic,provisions_cited contains variant forms of the same provision: 'S. 11' and 'Section 11',
859feaf964206165b5f4a7f6,low,metadata,heuristic,provisions_cited contains variant forms of the same provision: 'S. 11' and 'section 11',
85af3441583d40fc82f59829,low,metadata,heuristic,provisions_cited contains variant forms of the same provision: 'S. 7' and 'section 7',
85e42a598090c814c1e5a6fa,low,semantic_quality,heuristic,"final_order span text has no recognizable disposition wording (candidate: may be a reporter tag-line fragment, not the operative sentence)",H.B.T./M-420/L????????????????????????????????????????????????????????????????????????????????? Petition accepted.
8621cccc83c2010eb1c93df3,low,semantic_quality,heuristic,quoted_material span has no quotation marks or sub-item markers (candidate: possible mislabel),The genesis of half dower before rukhsati ( Ø±Ø®ØμØaÛŒ ) lies in Ayat No. 237 of Sura-e-Baqara which reads as following:-
8621cccc83c2010eb1c93df3,low,metadata,heuristic,provisions_cited contains variant forms of the same provision: 'S.2' and 'section 2',
86243dd811fa1bf056c998a5,low,metadata,heuristic,provisions_cited contains variant forms of the same provision: 'S.60' and 'section 60',
86243dd811fa1bf056c998a5,low,metadata,heuristic,provisions_cited contains variant forms of the same provision: 'S.11' and 'section 11',
86243dd811fa1bf056c998a5,low,metadata,heuristic,provisions_cited contains variant forms of the same provision: 'S.171' and 'section 171',
8625d6f54ad94b8408edebba,low,semantic_quality,heuristic,quoted_material span has no quotation marks or sub-item markers (candidate: possible mislabel),(Emphasis supplied)
8625d6f54ad94b8408edebba,low,semantic_quality,heuristic,quoted_material span has no quotation marks or sub-item markers (candidate: possible mislabel),(Emphasis supplied)
8625d6f54ad94b8408edebba,low,metadata,heuristic,provisions_cited contains variant forms of the same provision: 'S. 47' and 'S.47',
8625d6f54ad94b8408edebba,low,metadata,heuristic,provisions_cited contains variant forms of the same provision: 'S. 47' and 'Section 47',
866e80d6d1069985206b2125,low,metadata,heuristic,provisions_cited contains variant forms of the same provision: 'S.5' and 'section 5',
866e80d6d1069985206b2125,low,metadata,heuristic,provisions_cited contains variant forms of the same provision: 'S.51' and 'section 51',
866e80d6d1069985206b2125,low,metadata,heuristic,provisions_cited contains variant forms of the same provision: 'S.2' and 'section 2',
8673ff616cab42e68903365c,low,semantic_quality,heuristic,"final_order span text has no recognizable disposition wording (candidate: may be a reporter tag-line fragment, not the operative sentence)",AA./Z-77/L
8673ff616cab42e68903365c,low,semantic_quality,heuristic,"final_order span text has no recognizable disposition wording (candidate: may be a reporter tag-line fragment, not the operative sentence)",Petition accepted .
867eb12e42ba0779ba744206,low,metadata,heuristic,provisions_cited contains variant forms of the same provision: 'S. 17' and 'S.17',
867eb12e42ba0779ba744206,low,metadata,heuristic,provisions_cited contains variant forms of the same provision: 'S.48' and 'section 48',
867eb12e42ba0779ba744206,low,metadata,heuristic,provisions_cited contains variant forms of the same provision: 'S. 14' and 'section 14',
867eb12e42ba0779ba744206,low,metadata,heuristic,provisions_cited contains variant forms of the same provision: 'S. 17' and 'section 17',
867eb12e42ba0779ba744206,low,metadata,heuristic,provisions_cited contains variant forms of the same provision: 'Art.181' and 'Art. 181',
871c4c3395a6882ef3ad9e9a,low,semantic_quality,heuristic,"final_order span text has no recognizable disposition wording (candidate: may be a reporter tag-line fragment, not the operative sentence)",H . B . T . Petition accepted.
871c4c3395a6882ef3ad9e9a,low,metadata,heuristic,provisions_cited contains variant forms of the same provision: 'S. 14' and 'section 14',
871c4c3395a6882ef3ad9e9a,low,metadata,heuristic,provisions_cited contains variant forms of the same provision: 'S. 12' and 'section 12',
8785e19ea78316d5a0e9bc1b,low,semantic_quality,heuristic,"final_order span text has no recognizable disposition wording (candidate: may be a reporter tag-line fragment, not the operative sentence)",Q.M.H./M.A.K./M‐399/S
87afbe2b2829c7406a0979c4,low,semantic_quality,heuristic,"final_order span text has no recognizable disposition wording (candidate: may be a reporter tag-line fragment, not the operative sentence)",Above are the reasons for short order passed on 4-12-2012.
880c4e53acb066a1f84c6ee7,low,metadata,heuristic,provisions_cited contains variant forms of the same provision: 'S.14' and 'section 14',
88235478e5d1f0f5e24e0f27,low,semantic_quality,heuristic,"final_order span text has no recognizable disposition wording (candidate: may be a reporter tag-line fragment, not the operative sentence)","The parties shall appear before the learned District Judge, Lahore, on 20th November, 1991, who shall entrust the suit to a Court of competent jurisdiction. As the dispute has remained pending for mor"
88235478e5d1f0f5e24e0f27,low,metadata,heuristic,provisions_cited contains variant forms of the same provision: 'S. 5' and 'S.5',
88235478e5d1f0f5e24e0f27,low,metadata,heuristic,provisions_cited contains variant forms of the same provision: 'S. 2' and 'section 2',
88309e9bba76ed133f8a52ed,low,metadata,heuristic,provisions_cited contains variant forms of the same provision: 'section 17' and 'sections 17',
88309e9bba76ed133f8a52ed,low,metadata,heuristic,provisions_cited contains variant forms of the same provision: 'section 12' and 'Section 12',
88309e9bba76ed133f8a52ed,low,metadata,heuristic,provisions_cited contains variant forms of the same provision: 'Art. 199' and 'Art.199',
888aebda8d8ebad86edeb101,low,semantic_quality,heuristic,"final_order span text has no recognizable disposition wording (candidate: may be a reporter tag-line fragment, not the operative sentence)",Q.M.H./M.A.K./E‐16/L
88d6a0a056d08b9bd9c40015,low,metadata,heuristic,provisions_cited contains variant forms of the same provision: 'S. 17' and 'Section 17',
88d6a0a056d08b9bd9c40015,low,metadata,heuristic,provisions_cited contains variant forms of the same provision: 'S. 17' and 'section 17',
8901149544b100e7cac09c0c,low,semantic_quality,heuristic,quoted_material span has no quotation marks or sub-item markers (candidate: possible mislabel),"9. Article 25 of the Constitution provides that:

25. (1) All citizens are equal before law and are entitled to equal protection of law.

(2) There shall be no discrimination on the basis of sex .

(3"
8901149544b100e7cac09c0c,low,metadata,heuristic,provisions_cited contains variant forms of the same provision: 'Ss. 2' and 'Sections 2',
8901149544b100e7cac09c0c,low,metadata,heuristic,provisions_cited contains variant forms of the same provision: 'Ss. 2' and 'S. 2',
8901149544b100e7cac09c0c,low,metadata,heuristic,provisions_cited contains variant forms of the same provision: 'Ss. 2' and 'section 2',
8901149544b100e7cac09c0c,low,metadata,heuristic,provisions_cited contains variant forms of the same provision: 'Ss. 2' and 'Section 2',
8901149544b100e7cac09c0c,low,metadata,heuristic,provisions_cited contains variant forms of the same provision: 'S. 4' and 'section 4',
891eaede16360f8923444631,low,metadata,heuristic,provisions_cited contains variant forms of the same provision: 'S.19' and 'section 19',
891eaede16360f8923444631,low,metadata,heuristic,provisions_cited contains variant forms of the same provision: 'S.19' and 'Section 19',
893a35d59310ac55bdc3d76f,low,metadata,heuristic,provisions_cited contains variant forms of the same provision: 'S. 6' and 'section 6',
898c14d4a875f62beb1e441e,low,metadata,heuristic,provisions_cited contains variant forms of the same provision: 'S.17' and 'Section 17',
898c14d4a875f62beb1e441e,low,metadata,heuristic,provisions_cited contains variant forms of the same provision: 'S. 32' and 'section 32',
89b1bd8d7e441202c7ed4664,low,metadata,heuristic,provisions_cited contains variant forms of the same provision: 'Ss. 17' and 'S.17',
89b1bd8d7e441202c7ed4664,low,metadata,heuristic,provisions_cited contains variant forms of the same provision: 'Ss. 17' and 'section 17',
8a920edd8137c8782e88d63a,low,metadata,heuristic,provisions_cited contains variant forms of the same provision: 'Ss. 2' and 'section 2',
8ac684f136522541f5214c9e,low,metadata,heuristic,provisions_cited contains variant forms of the same provision: 'S. 8' and 'S.8',
8ac684f136522541f5214c9e,low,metadata,heuristic,provisions_cited contains variant forms of the same provision: 'S. 8' and 'Section 8',
8ad640a68bf1dc3f68fcd85b,low,metadata,heuristic,provisions_cited contains variant forms of the same provision: 'S. 5' and 'S.5',
8ad640a68bf1dc3f68fcd85b,low,metadata,heuristic,provisions_cited contains variant forms of the same provision: 'S. 5' and 'section 5',
8ada8d147557ec9d2ebdc374,low,semantic_quality,heuristic,"final_order span text has no recognizable disposition wording (candidate: may be a reporter tag-line fragment, not the operative sentence)",SA/98/Isl. Order accordingl
8ada8d147557ec9d2ebdc374,low,metadata,heuristic,provisions_cited contains variant forms of the same provision: 'S.12' and 'section 12',
8ada8d147557ec9d2ebdc374,low,metadata,heuristic,provisions_cited contains variant forms of the same provision: 'Section 8' and 'Sections 8',
8ada8d147557ec9d2ebdc374,low,metadata,heuristic,provisions_cited contains variant forms of the same provision: 'Section 10' and 'section 10',
8b0da52fbad4f0090387ab50,low,semantic_quality,heuristic,span labeled 'court_reasoning' contains counsel-submission phrasing (candidate: should possibly be 'arguments'),13. It is pertinent to point out here that though the learned counsel for the petitioner has contended that petitioner divorced respondent No.3 prior to the filing of the suit but neither any document
8b24fc2ec61494e7cc2cac16,low,semantic_quality,heuristic,quoted_material span has no quotation marks or sub-item markers (candidate: possible mislabel),"1. (1) Subject to Section 3 below, a petition for divorce may be presented to the Court by either party to a marriage on the ground that the marriage has broken down irretrievably."
8b24fc2ec61494e7cc2cac16,low,semantic_quality,heuristic,quoted_material span has no quotation marks or sub-item markers (candidate: possible mislabel),"(3) On a petition for divorce it shall be the duty of the Court to inquire, so far as it reasonably can, into the facts alleged by the petitioner and into any facts alleged by the respondent.

(4) If "
8b24fc2ec61494e7cc2cac16,low,metadata,heuristic,provisions_cited contains variant forms of the same provision: 'S.22' and 'section 22',
8b24fc2ec61494e7cc2cac16,low,metadata,heuristic,provisions_cited contains variant forms of the same provision: 'Section 10' and 'section 10',
8b24fc2ec61494e7cc2cac16,low,metadata,heuristic,provisions_cited contains variant forms of the same provision: 'section 7' and 'Section 7',
8b24fc2ec61494e7cc2cac16,low,metadata,heuristic,provisions_cited contains variant forms of the same provision: 'Section 3' and 'sections 3',
8b24fc2ec61494e7cc2cac16,low,metadata,heuristic,provisions_cited contains variant forms of the same provision: 'Section 1' and 'section 1',
8b24fc2ec61494e7cc2cac16,low,metadata,heuristic,provisions_cited contains variant forms of the same provision: 'S.22' and 'Section 22',
8b386ba57e29db515f6ec3e8,low,semantic_quality,heuristic,"final_order span text has no recognizable disposition wording (candidate: may be a reporter tag-line fragment, not the operative sentence)",9. Let copy of this order be facsimiled to S.S.P. concerned with directions to provide necessary legal protection to the petitioners and ensure that no person shall be arrested in connection with abov
8b3d601d65aa4e3df5225210,low,metadata,heuristic,provisions_cited contains variant forms of the same provision: 'S. 14' and 'S.14',
8b3d601d65aa4e3df5225210,low,metadata,heuristic,provisions_cited contains variant forms of the same provision: 'S. 14' and 'section 14',
8b3d82b39138d02836e05913,low,semantic_quality,heuristic,"final_order span text has no recognizable disposition wording (candidate: may be a reporter tag-line fragment, not the operative sentence)","4. Stay on furnishing security for the amount of past maintenance, i.e., September, 1982 to the date of the suit."
8b678fa8d1e6c13af962fd88,low,metadata,heuristic,provisions_cited contains variant forms of the same provision: 'S. 4' and 'section 4',
8b678fa8d1e6c13af962fd88,low,metadata,heuristic,provisions_cited contains variant forms of the same provision: 'S. 14' and 'section 14',
8b678fa8d1e6c13af962fd88,low,metadata,heuristic,provisions_cited contains variant forms of the same provision: 'S.2' and 'Section 2',
8b678fa8d1e6c13af962fd88,low,metadata,heuristic,provisions_cited contains variant forms of the same provision: 'S.2' and 'section 2',
8b75e5b3854d786ccd9936d6,low,semantic_quality,heuristic,quoted_material span has no quotation marks or sub-item markers (candidate: possible mislabel),"(viii) that the husband treats her with cruelty, that is to say,"
8b75e5b3854d786ccd9936d6,low,semantic_quality,heuristic,"final_order span text has no recognizable disposition wording (candidate: may be a reporter tag-line fragment, not the operative sentence)","11. After determinations of all the above-mentioned questions, office shall fix Writ Petitions Nos. 609-M/2015, 29-C/2019, 766-M and 947-M of 2020 before appropriate benches for hearing on merits. Wri"
8b75e5b3854d786ccd9936d6,low,semantic_quality,heuristic,"final_order span text has no recognizable disposition wording (candidate: may be a reporter tag-line fragment, not the operative sentence)",ZH/162/P Order accordingl
8b75e5b3854d786ccd9936d6,low,metadata,heuristic,provisions_cited contains variant forms of the same provision: 'S. 14' and 'S.14',
8b75e5b3854d786ccd9936d6,low,metadata,heuristic,provisions_cited contains variant forms of the same provision: 'S. 14' and 'section 14',
8b75e5b3854d786ccd9936d6,low,metadata,heuristic,provisions_cited contains variant forms of the same provision: 'S.2' and 'section 2',
8bad489c9ea66f644aaa44e0,low,semantic_quality,heuristic,"final_order span text has no recognizable disposition wording (candidate: may be a reporter tag-line fragment, not the operative sentence)","15. Before parting with the judgment, we acknowledge the assistance rendered by the learned amicus curiae, Mr. Umer Aslam, ASC, and Ms. Maliha Zia, Advocate (Legal Aid Society), whose researched submi"
8bad489c9ea66f644aaa44e0,low,metadata,heuristic,provisions_cited contains variant forms of the same provision: 'S.10' and 'Section 10',
8bad489c9ea66f644aaa44e0,low,metadata,heuristic,provisions_cited contains variant forms of the same provision: 'S.10' and 'section 10',
8bea84c2da61dec25c93609b,low,semantic_quality,heuristic,quoted_material span has no quotation marks or sub-item markers (candidate: possible mislabel),(Emphasis supplied)
8bea84c2da61dec25c93609b,low,metadata,heuristic,provisions_cited contains variant forms of the same provision: 'S.12' and 'S. 12',
8bea84c2da61dec25c93609b,low,metadata,heuristic,provisions_cited contains variant forms of the same provision: 'S.12' and 'section 12',
8bea84c2da61dec25c93609b,low,metadata,heuristic,provisions_cited contains variant forms of the same provision: 'S.12' and 'Section 12',
8c21efc452bd53fdec68762f,low,metadata,heuristic,provisions_cited contains variant forms of the same provision: 'S. 5' and 'section 5',
8c2d4738a8b8321685533e01,low,metadata,heuristic,provisions_cited contains variant forms of the same provision: 'S.5' and 'section 5',
8cdb7a20c191727ea727540a,low,metadata,heuristic,provisions_cited contains variant forms of the same provision: 'Sections 9' and 'Section 9',
8cf8a75afe666bbe71b0693f,low,semantic_quality,heuristic,"final_order span text has no recognizable disposition wording (candidate: may be a reporter tag-line fragment, not the operative sentence)",H.B.T./M‐1589/L
8cf8a75afe666bbe71b0693f,low,metadata,heuristic,provisions_cited contains variant forms of the same provision: 'S. 8' and 'S.8',
8d0d68597ec0dfb9093f89e1,low,semantic_quality,heuristic,quoted_material span has no quotation marks or sub-item markers (candidate: possible mislabel),"The stance of the appellant in his written statement that he has paid the deferred dower amount Rs.50,000/- in shape of the ornaments. The appellant has not opted to get his statement recorded to subs"
8d1f668377e81e4d5308d34d,low,semantic_quality,heuristic,span labeled 'court_reasoning' contains counsel-submission phrasing (candidate: should possibly be 'arguments'),"7. During the course of arguments, the learned counsel for the parties agreed that the impugned decisions rendered by the learned Revisional Court were coram non judice as no lis was pending before th"
8d1f668377e81e4d5308d34d,low,metadata,heuristic,provisions_cited contains variant forms of the same provision: 'S. 9' and 'section 9',
8d569e92a0ca11af0fc77b4c,low,metadata,heuristic,provisions_cited contains variant forms of the same provision: 'Section 17' and 'section 17',
8d569e92a0ca11af0fc77b4c,low,metadata,heuristic,provisions_cited contains variant forms of the same provision: 'Section 13' and 'section 13',
8d5c63ca2f7acb27644c8e9d,low,semantic_quality,heuristic,"final_order span text has no recognizable disposition wording (candidate: may be a reporter tag-line fragment, not the operative sentence)",A.A./N‐42/L??????????????????????????????????????????????????????????????????????????????????????? Petition accepted.
8dd0ca3d14364404d75b76fe,low,metadata,heuristic,provisions_cited contains variant forms of the same provision: 'S.12' and 'Section 12',
8dd0ca3d14364404d75b76fe,low,metadata,heuristic,provisions_cited contains variant forms of the same provision: 'S.12' and 'S. 12',
8dd0ca3d14364404d75b76fe,low,metadata,heuristic,provisions_cited contains variant forms of the same provision: 'S. 25' and 'section 25',
8dd0ca3d14364404d75b76fe,low,metadata,heuristic,provisions_cited contains variant forms of the same provision: 'S. 25' and 'Section 25',
8dd0ca3d14364404d75b76fe,low,metadata,heuristic,provisions_cited contains variant forms of the same provision: 'S.12' and 'section 12',
8e0015dc471006595321be34,low,metadata,heuristic,provisions_cited contains variant forms of the same provision: 'Ss. 5' and 'S.5',
8e2059846f6b77bd8ddd9a3a,low,metadata,heuristic,provisions_cited contains variant forms of the same provision: 'S. 47' and 'section 47',
8e2059846f6b77bd8ddd9a3a,low,metadata,heuristic,provisions_cited contains variant forms of the same provision: 'S. 7' and 'section 7',
8e2059846f6b77bd8ddd9a3a,low,metadata,heuristic,provisions_cited contains variant forms of the same provision: 'S. 14' and 'section 14',
8e29bdac156244b1fcb29435,low,metadata,heuristic,provisions_cited contains variant forms of the same provision: 'S. 25' and 'section 25',
8e29bdac156244b1fcb29435,low,metadata,heuristic,provisions_cited contains variant forms of the same provision: 'S. 25' and 'Section 25',
8e29bdac156244b1fcb29435,low,metadata,heuristic,provisions_cited contains variant forms of the same provision: 'Art. 199' and 'Art.199',
8e38f297ea6ddfdebb3e2e8d,low,metadata,heuristic,provisions_cited contains variant forms of the same provision: 'S.14' and 'section 14',
8e3d9a3fb262cd2f12678f4b,low,metadata,heuristic,provisions_cited contains variant forms of the same provision: 'Ss.7' and 'S.7',
8e3d9a3fb262cd2f12678f4b,low,metadata,heuristic,provisions_cited contains variant forms of the same provision: 'Ss.7' and 'section 7',
8e3d9a3fb262cd2f12678f4b,low,metadata,heuristic,provisions_cited contains variant forms of the same provision: 'Ss.7' and 'Section 7',
8e3d9a3fb262cd2f12678f4b,low,metadata,heuristic,provisions_cited contains variant forms of the same provision: 'Ss.7' and 'S. 7',
8e3d9a3fb262cd2f12678f4b,low,metadata,heuristic,provisions_cited contains variant forms of the same provision: 'S. 12' and 'S.12',
8e3d9a3fb262cd2f12678f4b,low,metadata,heuristic,provisions_cited contains variant forms of the same provision: 'S. 12' and 'section 12',
8e67c919ad08d987024d7e1d,low,semantic_quality,heuristic,quoted_material span has no quotation marks or sub-item markers (candidate: possible mislabel),"(iv) In the case of Lahore Development Authority through D.G., Lahore and another v. Abdul Shafique and others (PLD 2000 SC 207) it has been held as follows:-

The I.R.O. is basically beneficial legis"
8e67c919ad08d987024d7e1d,low,semantic_quality,heuristic,quoted_material span has no quotation marks or sub-item markers (candidate: possible mislabel),"11. where the pension is payable, it is a vested right and not charity, alms or donation by the employer but a compensation of services rendered assiduously by giving blood, sweat, toil, and tears Eve"
8e67c919ad08d987024d7e1d,low,semantic_quality,heuristic,quoted_material span has no quotation marks or sub-item markers (candidate: possible mislabel),"Article 25. Equality of citizens.

(1) All citizens are equal before law and are entitled to equal protection of law.

(2) There shall be no discrimination on the basis of sex.

(3) Nothing in this Ar"
8e9aa2faf7a5d14bc8bfa2fe,low,semantic_quality,heuristic,quoted_material span has no quotation marks or sub-item markers (candidate: possible mislabel),"‐‐‐‐S. 2‐‐‐West Pakistan Family Courts Act (XXXV of 1964), Ss. 3 & 19‐‐‐Suit for maintenance‐ ‐‐Amount of maintenance awarded by Family Court was less than Rs.25,000‐‐‐No court‐fee was payable on memo"
8e9aa2faf7a5d14bc8bfa2fe,low,metadata,heuristic,provisions_cited contains variant forms of the same provision: 'S. 2' and 'S.2',
8e9aa2faf7a5d14bc8bfa2fe,low,metadata,heuristic,provisions_cited contains variant forms of the same provision: 'S. 2' and 'section 2',
8e9aa2faf7a5d14bc8bfa2fe,low,metadata,heuristic,provisions_cited contains variant forms of the same provision: 'Section 3' and 'S. 3',
8efed3604c76391b24cd250f,low,metadata,heuristic,provisions_cited contains variant forms of the same provision: 'S. 5' and 'S.5',
8f16d72381abe077837300d4,low,metadata,heuristic,provisions_cited contains variant forms of the same provision: 'S.14' and 'S. 14',
8f16d72381abe077837300d4,low,metadata,heuristic,provisions_cited contains variant forms of the same provision: 'S.14' and 'section 14',
8f16d72381abe077837300d4,low,metadata,heuristic,provisions_cited contains variant forms of the same provision: 'S.14' and 'Section 14',
8f16d72381abe077837300d4,low,metadata,heuristic,provisions_cited contains variant forms of the same provision: 'section 2' and 'Section 2',
8f34bd3aaa2e8e73201d5eea,low,metadata,heuristic,provisions_cited contains variant forms of the same provision: 'S. 5' and 'S.5',
8f34bd3aaa2e8e73201d5eea,low,metadata,heuristic,provisions_cited contains variant forms of the same provision: 'S. 5' and 'section 5',
8f34bd3aaa2e8e73201d5eea,low,metadata,heuristic,provisions_cited contains variant forms of the same provision: 'S. 5' and 'Section 5',
8f629b327232733e8e690a57,low,semantic_quality,heuristic,"final_order span text has no recognizable disposition wording (candidate: may be a reporter tag-line fragment, not the operative sentence)",H.B.T./B‐70/L
8f66f39d4b7afb39af54827a,low,semantic_quality,heuristic,"final_order span text has no recognizable disposition wording (candidate: may be a reporter tag-line fragment, not the operative sentence)","8. Before parting with the judgment we would like to make it clear that in case Mst. Shazia Nasim enters into a second marriage, it shall be open ""to the petitioner to approach the Court concerned for"
8f66f39d4b7afb39af54827a,low,metadata,heuristic,provisions_cited contains variant forms of the same provision: 'Art. 199' and 'Art.199',
8fab67c131a70c01dfaa7093,low,metadata,heuristic,provisions_cited contains variant forms of the same provision: 'S. 9' and 'section 9',
8fab67c131a70c01dfaa7093,low,metadata,heuristic,provisions_cited contains variant forms of the same provision: 'S. 9' and 'section. 9',
8fc14d086b40b8b5dcf2915b,low,semantic_quality,heuristic,quoted_material span has no quotation marks or sub-item markers (candidate: possible mislabel),11. As far as objection of the learned counsel for the petitioner regarding maintainability of the suit with regard to non-affixation of thumb impression of the plaintiff on the plaint and affidavit i
8fc14d086b40b8b5dcf2915b,low,semantic_quality,heuristic,quoted_material span has no quotation marks or sub-item markers (candidate: possible mislabel),"12. As far as the question of dower amount is concerned, there is no dispute between the parties in respect of fixation of dower of Rs.480,000/- at the time of marriage, because in his statement befor"
8fc14d086b40b8b5dcf2915b,low,semantic_quality,heuristic,quoted_material span has no quotation marks or sub-item markers (candidate: possible mislabel),"13. With regard to dowry articles, though the respondent No.3 (plaintiff) has failed to place on record any list or receipt of articles, which according to her claim, were given to her at the time of "
8fd2e1685fcb8e952d09dbcb,low,metadata,heuristic,provisions_cited contains variant forms of the same provision: 'S.10' and 'S. 10',
8fd2e1685fcb8e952d09dbcb,low,metadata,heuristic,provisions_cited contains variant forms of the same provision: 'S.10' and 'section 10',
8fd2e1685fcb8e952d09dbcb,low,metadata,heuristic,provisions_cited contains variant forms of the same provision: 'S.151' and 'section 151',
9003ab90cc186a7d60ee77a2,low,metadata,heuristic,provisions_cited contains variant forms of the same provision: 'S. 5' and 'section 5',
90063bec2d86e3c5a48c51f7,low,metadata,heuristic,provisions_cited contains variant forms of the same provision: 'Section 8' and 'section 8',
90063bec2d86e3c5a48c51f7,low,metadata,heuristic,provisions_cited contains variant forms of the same provision: 'Section 10' and 'section 10',
90291586bf9e4a7bf4f9b2c8,low,semantic_quality,heuristic,"final_order span text has no recognizable disposition wording (candidate: may be a reporter tag-line fragment, not the operative sentence)","33. Taking up the last ground it may be stated that no doubt the security was furnished for the entire decretal amount of Rs. 37,600 payable in instalments and at the relevant time default in payment "
90291586bf9e4a7bf4f9b2c8,low,metadata,heuristic,provisions_cited contains variant forms of the same provision: 'S. 130' and 'section 130',
90291586bf9e4a7bf4f9b2c8,low,metadata,heuristic,provisions_cited contains variant forms of the same provision: 'S. 115' and 'section 115',
90291586bf9e4a7bf4f9b2c8,low,metadata,heuristic,provisions_cited contains variant forms of the same provision: 'S. 133' and 'section 133',
9061e37c28b1d00550fbb82e,low,metadata,heuristic,provisions_cited contains variant forms of the same provision: 'S.13' and 'Section 13',
9061e37c28b1d00550fbb82e,low,metadata,heuristic,provisions_cited contains variant forms of the same provision: 'S.13' and 'section 13',
9076d6f9b3a1c9ca0ec31d9c,low,semantic_quality,heuristic,"final_order span text has no recognizable disposition wording (candidate: may be a reporter tag-line fragment, not the operative sentence)",N.H.Q./M-2467/L
90c5605b1bcf1ffac717738c,low,semantic_quality,heuristic,quoted_material span has no quotation marks or sub-item markers (candidate: possible mislabel),"19. .

20. .

21. .

22. .

23. ."
90d9120b7e363c900e5de0fe,low,metadata,heuristic,provisions_cited contains variant forms of the same provision: 'S. 17' and 'Section 17',
911edc9aa49b1a3935d770e6,low,semantic_quality,heuristic,"final_order span text has no recognizable disposition wording (candidate: may be a reporter tag-line fragment, not the operative sentence)",H.B.T./M-1359/L
911edc9aa49b1a3935d770e6,low,metadata,heuristic,provisions_cited contains variant forms of the same provision: 'S.9' and 'section 9',
9157faea8315935619b3dcab,low,metadata,heuristic,provisions_cited contains variant forms of the same provision: 'S.2' and 'section 2',
9157faea8315935619b3dcab,low,metadata,heuristic,provisions_cited contains variant forms of the same provision: 'S.10' and 'section 10',
9221e578e914f47dada82fd5,low,semantic_quality,heuristic,"final_order span text has no recognizable disposition wording (candidate: may be a reporter tag-line fragment, not the operative sentence)",S.A.K./F-17/K Petition accepted.
9221e578e914f47dada82fd5,low,metadata,heuristic,provisions_cited contains variant forms of the same provision: 'S.17' and 'section 17',
92387daeaf91b3c76d425c56,low,metadata,heuristic,provisions_cited contains variant forms of the same provision: 'S.9' and 'section 9',
92d9b5cb4a8647c00ae22a47,low,semantic_quality,heuristic,"final_order span text has no recognizable disposition wording (candidate: may be a reporter tag-line fragment, not the operative sentence)",S.A H
92d9b5cb4a8647c00ae22a47,low,metadata,heuristic,provisions_cited contains variant forms of the same provision: 'S. 14' and 'section 14',
92d9b5cb4a8647c00ae22a47,low,metadata,heuristic,provisions_cited contains variant forms of the same provision: 'S. 115' and 'section 115',
92d9b5cb4a8647c00ae22a47,low,metadata,heuristic,provisions_cited contains variant forms of the same provision: 'S. 17' and 'section 17',
92ead7ef646647336311bcd6,low,metadata,heuristic,provisions_cited contains variant forms of the same provision: 'S.12' and 'section 12',
92ead7ef646647336311bcd6,low,metadata,heuristic,provisions_cited contains variant forms of the same provision: 'S.12' and 'Section 12',
92ec7b377f3c105636300ea2,low,metadata,heuristic,provisions_cited contains variant forms of the same provision: 'S. 2' and 'section 2',
930b958944ce15ad6807d80e,low,metadata,heuristic,provisions_cited contains variant forms of the same provision: 'S. 5' and 'S.5',
930b958944ce15ad6807d80e,low,metadata,heuristic,provisions_cited contains variant forms of the same provision: 'Art. 199' and 'Art.199',
9317f023027d81f70583e62c,low,semantic_quality,heuristic,quoted_material span has no quotation marks or sub-item markers (candidate: possible mislabel),"Section 11 of the C.P.C.

11. No Court shall try suit or issue in which the matter directly and substantially in issue has been directly and substantially in issue in a former suit between the same pa"
9317f023027d81f70583e62c,low,metadata,heuristic,provisions_cited contains variant forms of the same provision: 'S.7' and 'S. 7',
9317f023027d81f70583e62c,low,metadata,heuristic,provisions_cited contains variant forms of the same provision: 'S. 11' and 'section 11',
9317f023027d81f70583e62c,low,metadata,heuristic,provisions_cited contains variant forms of the same provision: 'S. 11' and 'Section 11',
9317f023027d81f70583e62c,low,metadata,heuristic,provisions_cited contains variant forms of the same provision: 'section 17' and 'Section 17',
934200f45449db1bb955dcfb,low,metadata,heuristic,provisions_cited contains variant forms of the same provision: 'S.6' and 'Section 6',
934200f45449db1bb955dcfb,low,metadata,heuristic,provisions_cited contains variant forms of the same provision: 'S.2' and 'Section 2',
934200f45449db1bb955dcfb,low,metadata,heuristic,provisions_cited contains variant forms of the same provision: 'S.6' and 'section 6',
934200f45449db1bb955dcfb,low,metadata,heuristic,provisions_cited contains variant forms of the same provision: 'S.2' and 'section 2',
9350079ed35753ce59ae6afd,low,metadata,heuristic,provisions_cited contains variant forms of the same provision: 'Ss. 5' and 'Ss.5',
9350079ed35753ce59ae6afd,low,metadata,heuristic,provisions_cited contains variant forms of the same provision: 'S.14' and 'section 14',
935ec6dd7abe506e6de677cb,low,metadata,heuristic,provisions_cited contains variant forms of the same provision: 'Ss. 10' and 'S. 10',
935ec6dd7abe506e6de677cb,low,metadata,heuristic,provisions_cited contains variant forms of the same provision: 'Ss. 10' and 'section 10',
935ec6dd7abe506e6de677cb,low,metadata,heuristic,provisions_cited contains variant forms of the same provision: 'Ss. 10' and 'Section 10',
943a54f97ee432208ec4f9d0,low,semantic_quality,heuristic,"final_order span text has no recognizable disposition wording (candidate: may be a reporter tag-line fragment, not the operative sentence)",M.I./M-635/L Petition accepted.
943a54f97ee432208ec4f9d0,low,metadata,heuristic,provisions_cited contains variant forms of the same provision: 'S. 14' and 'section 14',
943a54f97ee432208ec4f9d0,low,metadata,heuristic,provisions_cited contains variant forms of the same provision: 'Art.199' and 'Art. 199',
94456090e0d7a098f25ff29f,low,metadata,heuristic,provisions_cited contains variant forms of the same provision: 'Art. 185' and 'Art.185',
947a012f4bad19b26b75aa03,low,metadata,heuristic,provisions_cited contains variant forms of the same provision: 'S.14' and 'section 14',
948e76ab7d95599f1e6a147d,low,metadata,heuristic,provisions_cited contains variant forms of the same provision: 'S.5' and 'S. 5',
948e76ab7d95599f1e6a147d,low,metadata,heuristic,provisions_cited contains variant forms of the same provision: 'S.5' and 'Section 5',
955eaf9dd4f8b21451084f8b,low,metadata,heuristic,provisions_cited contains variant forms of the same provision: 'S. 100' and 'section 100',
955eaf9dd4f8b21451084f8b,low,metadata,heuristic,provisions_cited contains variant forms of the same provision: 'section 12' and 'Section 12',
95636b97eefaee554052bb5d,low,semantic_quality,heuristic,"final_order span text has no recognizable disposition wording (candidate: may be a reporter tag-line fragment, not the operative sentence)",H.B.T./M-443/L Petition accepted.
95636b97eefaee554052bb5d,low,metadata,heuristic,provisions_cited contains variant forms of the same provision: 'S. 13' and 'section 13',
95636b97eefaee554052bb5d,low,metadata,heuristic,provisions_cited contains variant forms of the same provision: 'S. 80' and 'section 80',
956b27392ac2dad50a2d7bc3,low,semantic_quality,heuristic,"final_order span text has no recognizable disposition wording (candidate: may be a reporter tag-line fragment, not the operative sentence)",AA./B‐144/L Petition accepted.
956b27392ac2dad50a2d7bc3,low,metadata,heuristic,provisions_cited contains variant forms of the same provision: 'S. 7' and 'section 7',
958c2a2e069a81d7f3739652,low,metadata,heuristic,provisions_cited contains variant forms of the same provision: 'S.9' and 'section 9',
958c2a2e069a81d7f3739652,low,metadata,heuristic,provisions_cited contains variant forms of the same provision: 'S.8' and 'section 8',
95a7fbae4eb58ea97f4d5437,low,semantic_quality,heuristic,"final_order span text has no recognizable disposition wording (candidate: may be a reporter tag-line fragment, not the operative sentence)","7. For the foregoing reasons and in agreeing with the principle laid down in the cases referred to above, this writ petition is accepted and the impugned orders dated 31‐3‐1999 and 26‐7‐1999 passed by"
95a7fbae4eb58ea97f4d5437,low,semantic_quality,heuristic,"final_order span text has no recognizable disposition wording (candidate: may be a reporter tag-line fragment, not the operative sentence)",H.B.T./M‐441/L Petition accepted.
95ac3cfe69d5a7b9d5f5153e,low,semantic_quality,heuristic,quoted_material span has no quotation marks or sub-item markers (candidate: possible mislabel),'6. Before parting with the case we may observe that there is an increasing tendency to file Constitutional petition even when the Courts whose orders are challenged had the jurisdiction to pass those
9601d1564cdb8c81c6a6f9d2,low,semantic_quality,heuristic,"final_order span text has no recognizable disposition wording (candidate: may be a reporter tag-line fragment, not the operative sentence)",M.Y.H./2938/L Petition accepted
9601d1564cdb8c81c6a6f9d2,low,metadata,heuristic,provisions_cited contains variant forms of the same provision: 'S. 5' and 'S.5',
96112ecbe3dc83b3a5597c7e,low,semantic_quality,heuristic,"final_order span text has no recognizable disposition wording (candidate: may be a reporter tag-line fragment, not the operative sentence)",H.B.T.
96112ecbe3dc83b3a5597c7e,low,semantic_quality,heuristic,"final_order span text has no recognizable disposition wording (candidate: may be a reporter tag-line fragment, not the operative sentence)",Writ accepted.
96114d70f50d22af8ef93d8c,low,metadata,heuristic,provisions_cited contains variant forms of the same provision: 'S. 5' and 'Ss. 5',
96122bcabedd018002b1af0a,low,semantic_quality,heuristic,"final_order span text has no recognizable disposition wording (candidate: may be a reporter tag-line fragment, not the operative sentence)","Before parting with the subject, we would, like to observe that the framing of headnotes of the reported cases has been found at times to be incorrect and not in accord with the judgment/principle lai"
96122bcabedd018002b1af0a,low,metadata,heuristic,provisions_cited contains variant forms of the same provision: 'S.14' and 'section 14',
96122bcabedd018002b1af0a,low,metadata,heuristic,provisions_cited contains variant forms of the same provision: 'S.2' and 'section 2',
9655d01cc7bbc62de8e5b295,low,semantic_quality,heuristic,quoted_material span has no quotation marks or sub-item markers (candidate: possible mislabel),"8. In order to comprehend the intention of the legislature in adding (la) and (lb) to Section 9 of the Family Courts Act, 1964 through amended Ordinance LV-2002 dated 01.10.2002, reference to the prea"
9655d01cc7bbc62de8e5b295,low,metadata,heuristic,provisions_cited contains variant forms of the same provision: 'S. 9' and 'S.9',
9655d01cc7bbc62de8e5b295,low,metadata,heuristic,provisions_cited contains variant forms of the same provision: 'S. 9' and 'Section 9',
9655d01cc7bbc62de8e5b295,low,metadata,heuristic,provisions_cited contains variant forms of the same provision: 'S. 9' and 'section 9',
9655d01cc7bbc62de8e5b295,low,metadata,heuristic,provisions_cited contains variant forms of the same provision: 'S. 9' and 'sections 9',
9655d01cc7bbc62de8e5b295,low,metadata,heuristic,provisions_cited contains variant forms of the same provision: 'Section 6' and 'S.6',
967718edc7a67755f01241e1,low,metadata,heuristic,provisions_cited contains variant forms of the same provision: 'S.17' and 'section 17',
96f7c001bcdff91e0a44b925,low,semantic_quality,heuristic,"final_order span text has no recognizable disposition wording (candidate: may be a reporter tag-line fragment, not the operative sentence)","8. In view of foregoing discussion, petition succeeds, judgment record ed by Judge Family Court subsequently affirmed in appeal by learned Additional District Judge is found to be without jurisdiction"
96f7c001bcdff91e0a44b925,low,semantic_quality,heuristic,"final_order span text has no recognizable disposition wording (candidate: may be a reporter tag-line fragment, not the operative sentence)",M. Z. M. Petition accepted.
96f7c001bcdff91e0a44b925,low,metadata,heuristic,provisions_cited contains variant forms of the same provision: 'S. 5' and 'section 5',
9701ba786181f650280c9843,low,metadata,heuristic,provisions_cited contains variant forms of the same provision: 'S.9' and 'section 9',
97187aab2b109d21b468937e,low,metadata,heuristic,provisions_cited contains variant forms of the same provision: 'S.10' and 'section 10',
9729f96a29e2b33cf9baa63d,low,semantic_quality,heuristic,"final_order span text has no recognizable disposition wording (candidate: may be a reporter tag-line fragment, not the operative sentence)",M. Y. H. Petition accepted.
974b90a8aa0dfaf92cdba8d3,low,semantic_quality,heuristic,span labeled 'court_reasoning' contains counsel-submission phrasing (candidate: should possibly be 'arguments'),"5. In the first place, learned counsel for the petitioner contended that he was not afforded reasonable opportunity by the learned trial Judge to produce his evidence and in this way he was condemned "
97747a431252175b131bcc74,low,metadata,heuristic,provisions_cited contains variant forms of the same provision: 'S.7' and 'section 7',
979cf81f4b5cca82842ee22f,low,metadata,heuristic,provisions_cited contains variant forms of the same provision: 'S.36' and 'section 36',
979cf81f4b5cca82842ee22f,low,metadata,heuristic,provisions_cited contains variant forms of the same provision: 'Ss.36 and 43' and 'sections 36 and 43',
979cf81f4b5cca82842ee22f,low,metadata,heuristic,provisions_cited contains variant forms of the same provision: 'S.36' and 'Section 36',
97a09257d8dc44776438093a,low,metadata,heuristic,provisions_cited contains variant forms of the same provision: 'S. 25' and 'section 25',
97a1941114028cde78b062fd,low,semantic_quality,heuristic,"final_order span text has no recognizable disposition wording (candidate: may be a reporter tag-line fragment, not the operative sentence)",Reasons for the order
97a1941114028cde78b062fd,low,metadata,heuristic,provisions_cited contains variant forms of the same provision: 'S.17' and 'section 17',
97a1941114028cde78b062fd,low,metadata,heuristic,provisions_cited contains variant forms of the same provision: 'S.5' and 'S. 5',
97a1941114028cde78b062fd,low,metadata,heuristic,provisions_cited contains variant forms of the same provision: 'S.5' and 'section 5',
97a1941114028cde78b062fd,low,metadata,heuristic,provisions_cited contains variant forms of the same provision: 'Arts. 102' and 'Arts.102',
97a1941114028cde78b062fd,low,metadata,heuristic,provisions_cited contains variant forms of the same provision: 'Art. 199' and 'Art.199',
97ae9e7512c2a235d0f947ba,low,metadata,heuristic,provisions_cited contains variant forms of the same provision: 'S. 7' and 'section 7',
97ae9e7512c2a235d0f947ba,low,metadata,heuristic,provisions_cited contains variant forms of the same provision: 'S. 12' and 'section 12',
97ae9e7512c2a235d0f947ba,low,metadata,heuristic,provisions_cited contains variant forms of the same provision: 'S. 7' and 'Section 7',
97ae9e7512c2a235d0f947ba,low,metadata,heuristic,provisions_cited contains variant forms of the same provision: 'section 17' and 'Section 17',
97c1f9c2534b8fe9ac6d7b9f,low,metadata,heuristic,provisions_cited contains variant forms of the same provision: 'S. 14' and 'section 14',
982b19feacdb6e911be69a5b,low,semantic_quality,heuristic,quoted_material span has no quotation marks or sub-item markers (candidate: possible mislabel),"'Since both the parties are permanent resident of U.K. and as such as per Notification No. SRO No. 1086(K)/61 the function of Chairman Arbitration Council under the Muslim Family Laws Ordinance, 1961 "
982b19feacdb6e911be69a5b,low,metadata,heuristic,provisions_cited contains variant forms of the same provision: 'Ss. 2' and 'Sections 2',
982b19feacdb6e911be69a5b,low,metadata,heuristic,provisions_cited contains variant forms of the same provision: 'Ss. 2' and 'Section 2',
982b19feacdb6e911be69a5b,low,metadata,heuristic,provisions_cited contains variant forms of the same provision: 'Ss. 2' and 'section 2',
985044a6fb452d7076e161dc,low,metadata,heuristic,provisions_cited contains variant forms of the same provision: 'S. 51' and 'S.51',
985044a6fb452d7076e161dc,low,metadata,heuristic,provisions_cited contains variant forms of the same provision: 'S. 13' and 'Section 13',
987d0f84bc2287a0d6af0514,low,metadata,heuristic,provisions_cited contains variant forms of the same provision: 'S. 17' and 'section 17',
988c9b575c3ee3de8eb93332,low,metadata,heuristic,provisions_cited contains variant forms of the same provision: 'S.5' and 'S. 5',
988c9b575c3ee3de8eb93332,low,metadata,heuristic,provisions_cited contains variant forms of the same provision: 'S.5' and 'Section 5',
988c9b575c3ee3de8eb93332,low,metadata,heuristic,provisions_cited contains variant forms of the same provision: 'S.5' and 'section 5',
988c9b575c3ee3de8eb93332,low,metadata,heuristic,provisions_cited contains variant forms of the same provision: 'S.23' and 'Section 23',
988c9b575c3ee3de8eb93332,low,metadata,heuristic,provisions_cited contains variant forms of the same provision: 'S.21' and 'section 21',
997145bc21611ee6307460dd,low,metadata,heuristic,provisions_cited contains variant forms of the same provision: 'S. 5' and 'section 5',
99a7f7f374386eaac9f9509e,low,metadata,heuristic,provisions_cited contains variant forms of the same provision: 'S. 12' and 'S.12',
99a7f7f374386eaac9f9509e,low,metadata,heuristic,provisions_cited contains variant forms of the same provision: 'S. 12' and 'Section 12',
99c0fc05330aed8ab334e776,low,metadata,heuristic,provisions_cited contains variant forms of the same provision: 'S. 5' and 'Section 5',
99d77ea29c56a793097a7898,low,semantic_quality,heuristic,"final_order span text has no recognizable disposition wording (candidate: may be a reporter tag-line fragment, not the operative sentence)",MH/M-18/L Order accordingl
99d77ea29c56a793097a7898,low,metadata,heuristic,provisions_cited contains variant forms of the same provision: 'S. 14' and 'Section 14',
99d77ea29c56a793097a7898,low,metadata,heuristic,provisions_cited contains variant forms of the same provision: 'S. 14' and 'section 14',
99d77ea29c56a793097a7898,low,metadata,heuristic,provisions_cited contains variant forms of the same provision: 'S. 17A' and 'section 17A',
99d77ea29c56a793097a7898,low,metadata,heuristic,provisions_cited contains variant forms of the same provision: 'Section 3' and 'section 3',
99d77ea29c56a793097a7898,low,metadata,heuristic,provisions_cited contains variant forms of the same provision: 'Article 6' and 'article 6',
99fb71178dd709f608814e81,low,metadata,heuristic,provisions_cited contains variant forms of the same provision: 'S. 23' and 'section 23',
99fb71178dd709f608814e81,low,metadata,heuristic,provisions_cited contains variant forms of the same provision: 'S. 2' and 'section 2',
99fb71178dd709f608814e81,low,metadata,heuristic,provisions_cited contains variant forms of the same provision: 'Section 5' and 'section 5',
99fb71178dd709f608814e81,low,metadata,heuristic,provisions_cited contains variant forms of the same provision: 'S. 77' and 'Section 77',
9a072cb2777e502f5c08c151,low,metadata,heuristic,provisions_cited contains variant forms of the same provision: 'section 5' and 'SECTION 5',
9a0b7d8d86a0994e5059ff4d,low,metadata,heuristic,provisions_cited contains variant forms of the same provision: 'section 13' and 'Section 13',
9a1a5d7e8264820aaffffafd,low,metadata,heuristic,provisions_cited contains variant forms of the same provision: 'Ss.5' and 'Ss. 5',
9a1a5d7e8264820aaffffafd,low,metadata,heuristic,provisions_cited contains variant forms of the same provision: 'Ss.5' and 'S.5',
9a1a5d7e8264820aaffffafd,low,metadata,heuristic,provisions_cited contains variant forms of the same provision: 'Section 10' and 'section 10',
9a6d10b96fcabf4d25bb535f,low,metadata,heuristic,provisions_cited contains variant forms of the same provision: 'S. 25' and 'S.25',
9a6d10b96fcabf4d25bb535f,low,metadata,heuristic,provisions_cited contains variant forms of the same provision: 'S.83' and 'Section 83',
9a6d10b96fcabf4d25bb535f,low,metadata,heuristic,provisions_cited contains variant forms of the same provision: 'S. 25' and 'section 25',
9a903858b7606fc630e2f054,low,metadata,heuristic,provisions_cited contains variant forms of the same provision: 'S.14' and 'section 14',
9abe6c3e349ee794d427ea0b,low,semantic_quality,heuristic,"final_order span text has no recognizable disposition wording (candidate: may be a reporter tag-line fragment, not the operative sentence)",The parties shall bear the expenses of the lis on their own.
9abe6c3e349ee794d427ea0b,low,metadata,heuristic,provisions_cited contains variant forms of the same provision: 'S.10' and 'Section 10',
9b0603e4f616804cad4e3e0b,low,metadata,heuristic,provisions_cited contains variant forms of the same provision: 'S. 5' and 'section 5',
9b0603e4f616804cad4e3e0b,low,metadata,heuristic,provisions_cited contains variant forms of the same provision: 'S. 5' and 'Section 5',
9b0603e4f616804cad4e3e0b,low,metadata,heuristic,provisions_cited contains variant forms of the same provision: 'S. 2' and 'Section 2',
9b0a2fb0de073583063b6b5a,low,metadata,heuristic,provisions_cited contains variant forms of the same provision: 'S. 25' and 'Section 25',
9b0a2fb0de073583063b6b5a,low,metadata,heuristic,provisions_cited contains variant forms of the same provision: 'S. 25' and 'section 25',
9b2153066127d8708931b123,low,semantic_quality,heuristic,span labeled 'court_reasoning' contains counsel-submission phrasing (candidate: should possibly be 'arguments'),"2. The learned counsel for the petitioner has argued that the defence of the petitioner was wrongly struck off by the learned Family Court and, therefore, he has been condemned unheard. I am afraid th"
9b2153066127d8708931b123,low,metadata,heuristic,provisions_cited contains variant forms of the same provision: 'S. 17' and 'section 17',
9b2796b5faebde5405da4cc9,low,semantic_quality,heuristic,"final_order span text has no recognizable disposition wording (candidate: may be a reporter tag-line fragment, not the operative sentence)",AA./S-841/L??????????????????????????????????????????????????????????????????????????? Petition accepted.
9b39043c378003969b04a408,low,metadata,heuristic,provisions_cited contains variant forms of the same provision: 'S.7' and 'section 7',
9b39043c378003969b04a408,low,metadata,heuristic,provisions_cited contains variant forms of the same provision: 'S.19' and 'section 19',
9c3b4460785ddc98cc9ce95c,low,metadata,heuristic,provisions_cited contains variant forms of the same provision: 'Ss. 5' and 'S. 5',
9c3b4460785ddc98cc9ce95c,low,metadata,heuristic,provisions_cited contains variant forms of the same provision: 'Ss. 5' and 'Section 5',
9c4587efaf18916d79bf682d,low,metadata,heuristic,provisions_cited contains variant forms of the same provision: 'Art.185' and 'Art. 185',
9c99041ec7aef22ba335d463,low,semantic_quality,heuristic,"final_order span text has no recognizable disposition wording (candidate: may be a reporter tag-line fragment, not the operative sentence)",7. This petition is accepted in the above terms. The petitioner's application shall be deemed to be pending and shall be decided strictly in accordance with the law. The parties shall appear before th
9c99041ec7aef22ba335d463,low,semantic_quality,heuristic,"final_order span text has no recognizable disposition wording (candidate: may be a reporter tag-line fragment, not the operative sentence)",H.B.T./M-526/L Petition accepted.
9cbf72cc3f0b307233f6d955,low,metadata,heuristic,provisions_cited contains variant forms of the same provision: 'S. 7' and 'section 7',
9cbf72cc3f0b307233f6d955,low,metadata,heuristic,provisions_cited contains variant forms of the same provision: 'S. 5' and 'section 5',
9cff90e0d644e3cb01978d23,low,metadata,heuristic,provisions_cited contains variant forms of the same provision: 'Ss. 5' and 'Ss.5',
9d11ae91045bf6356fd26f3a,low,semantic_quality,heuristic,"final_order span text has no recognizable disposition wording (candidate: may be a reporter tag-line fragment, not the operative sentence)",K. B. A.
9d4ccb7d8a3d9abe50ca3ad6,low,semantic_quality,heuristic,"final_order span text has no recognizable disposition wording (candidate: may be a reporter tag-line fragment, not the operative sentence)",A.A./B‐272/L Petition accepted.
9d74a38f034d38180d70cd74,low,semantic_quality,heuristic,"final_order span text has no recognizable disposition wording (candidate: may be a reporter tag-line fragment, not the operative sentence)",H.B.T./A-27/L 2
9d9d84faf1c909b9c606310e,low,semantic_quality,heuristic,"final_order span text has no recognizable disposition wording (candidate: may be a reporter tag-line fragment, not the operative sentence)",S.A.K./M-217/K Petition accepted.
9dc2ea8138c9ce0d07c839f8,low,semantic_quality,heuristic,"final_order span text has no recognizable disposition wording (candidate: may be a reporter tag-line fragment, not the operative sentence)",Miscellaneous No.2 of 1996.
9dc2ea8138c9ce0d07c839f8,low,metadata,heuristic,provisions_cited contains variant forms of the same provision: 'S. 14' and 'S.14',
9dc2ea8138c9ce0d07c839f8,low,metadata,heuristic,provisions_cited contains variant forms of the same provision: 'S. 14' and 'Section 14',
9dc2ea8138c9ce0d07c839f8,low,metadata,heuristic,provisions_cited contains variant forms of the same provision: 'S. 14' and 'section 14',
9dc2ea8138c9ce0d07c839f8,low,metadata,heuristic,provisions_cited contains variant forms of the same provision: 'S. 17' and 'section 17',
9df3ffd1c92a40c43ff1d2bf,low,metadata,heuristic,provisions_cited contains variant forms of the same provision: 'S. 5' and 'section 5',
9df77d367ccf67b7fc5cbd5f,low,semantic_quality,heuristic,"final_order span text has no recognizable disposition wording (candidate: may be a reporter tag-line fragment, not the operative sentence)",H.B.T./F‐150/L
9df77d367ccf67b7fc5cbd5f,low,metadata,heuristic,provisions_cited contains variant forms of the same provision: 'S.14' and 'section 14',
9df77d367ccf67b7fc5cbd5f,low,metadata,heuristic,provisions_cited contains variant forms of the same provision: 'Section 2' and 'section 2',
9df77d367ccf67b7fc5cbd5f,low,metadata,heuristic,provisions_cited contains variant forms of the same provision: 'S.14' and 'Section 14',
9df77d367ccf67b7fc5cbd5f,low,metadata,heuristic,provisions_cited contains variant forms of the same provision: 'S.3' and 'section 3',
9e06e4fa25fd24b49d8ef56b,low,metadata,heuristic,provisions_cited contains variant forms of the same provision: 'S. 2' and 'S.2',
9e06e4fa25fd24b49d8ef56b,low,metadata,heuristic,provisions_cited contains variant forms of the same provision: 'S. 2' and 'Section 2',
9e06e4fa25fd24b49d8ef56b,low,metadata,heuristic,provisions_cited contains variant forms of the same provision: 'S. 2' and 'section 2',
9e8f9df961fab437382e5d6a,low,semantic_quality,heuristic,"final_order span text has no recognizable disposition wording (candidate: may be a reporter tag-line fragment, not the operative sentence)",8. Office is directed to send a copy of this order to respondent No.1 for information.
9e8f9df961fab437382e5d6a,low,metadata,heuristic,provisions_cited contains variant forms of the same provision: 'section 17' and 'Section 17',
9ea8ff9010dcaca5c0ebecad,low,semantic_quality,heuristic,"final_order span text has no recognizable disposition wording (candidate: may be a reporter tag-line fragment, not the operative sentence)","In view of the above reasoning, this writ petition is accepted to the extent that in addition to Rs.50,000 as dower amount, the petitioner is held entitled to eight tola gold ornaments or its prevaili"
9ea8ff9010dcaca5c0ebecad,low,semantic_quality,heuristic,"final_order span text has no recognizable disposition wording (candidate: may be a reporter tag-line fragment, not the operative sentence)",H.B.T./221/P Petition accepted.
9ee10e061fddec6dd8f2f057,low,semantic_quality,heuristic,"final_order span text has no recognizable disposition wording (candidate: may be a reporter tag-line fragment, not the operative sentence)",M.Y.H./3033/L
9f1b5c1bec98b226047b1bf7,low,semantic_quality,heuristic,quoted_material span has no quotation marks or sub-item markers (candidate: possible mislabel),"*Schedule‐(See section 5)

(1) Dissolution of Marriage, (2) Dower. (3) Maintenance. (4) Restitution of conjugal rights, (5) Custody of children. (6) Guardianship. (7) Jactitation of marriage."
9f1b5c1bec98b226047b1bf7,low,metadata,heuristic,provisions_cited contains variant forms of the same provision: 'S. 47' and 'Ss. 47',
9f1b5c1bec98b226047b1bf7,low,metadata,heuristic,provisions_cited contains variant forms of the same provision: 'S. 25' and 'Section 25',
9f1b5c1bec98b226047b1bf7,low,metadata,heuristic,provisions_cited contains variant forms of the same provision: 'S. 25' and 'section 25',
9f1b5c1bec98b226047b1bf7,low,metadata,heuristic,provisions_cited contains variant forms of the same provision: 'S. 47' and 'section 47',
9f1b5c1bec98b226047b1bf7,low,metadata,heuristic,provisions_cited contains variant forms of the same provision: 'section 141' and 'Section 141',
9f1b5c1bec98b226047b1bf7,low,metadata,heuristic,provisions_cited contains variant forms of the same provision: 'S. 2' and 'section 2',
9f1b5c1bec98b226047b1bf7,low,metadata,heuristic,provisions_cited contains variant forms of the same provision: 'S. 14' and 'Section 14',
9f1b5c1bec98b226047b1bf7,low,metadata,heuristic,provisions_cited contains variant forms of the same provision: 'section 141' and 'S. 141',
9f1b5c1bec98b226047b1bf7,low,metadata,heuristic,provisions_cited contains variant forms of the same provision: 'S. 14' and 'section 14',
9f1b5c1bec98b226047b1bf7,low,metadata,heuristic,provisions_cited contains variant forms of the same provision: 'S. 47' and 'Section 47',
9f6315ba4312100df4b88531,low,metadata,heuristic,provisions_cited contains variant forms of the same provision: 'S.17' and 'section 17',
9f7ec288e6bd90a82cf45e9d,low,metadata,heuristic,provisions_cited contains variant forms of the same provision: 'S. 2' and 'section 2',
9f7ec288e6bd90a82cf45e9d,low,metadata,heuristic,provisions_cited contains variant forms of the same provision: 'S. 2' and 'Section 2',
9fe1a1457345faa727724433,low,semantic_quality,heuristic,"final_order span text has no recognizable disposition wording (candidate: may be a reporter tag-line fragment, not the operative sentence)",H.B.T./G‐73/K???????????
9ff6428d7dd39c24114c2b07,low,metadata,heuristic,provisions_cited contains variant forms of the same provision: 'S. 12' and 'section 12',
9ff6428d7dd39c24114c2b07,low,metadata,heuristic,provisions_cited contains variant forms of the same provision: 'S. 12' and 'Section 12',
9ff6428d7dd39c24114c2b07,low,metadata,heuristic,provisions_cited contains variant forms of the same provision: 'S. 17' and 'Section 17',
a0150398387a4d07216bdd37,low,semantic_quality,heuristic,quoted_material span has no quotation marks or sub-item markers (candidate: possible mislabel),"10. That apart from the car and dowry articles the following personal belongings/articles are lying with the defendant at his house.

i. Saudi Riyal 3000/- (three thousand), which is part of the amoun"
a0150398387a4d07216bdd37,low,semantic_quality,heuristic,quoted_material span has no quotation marks or sub-item markers (candidate: possible mislabel),"Keeping in view the above mentioned facts the plaintiff has recorded her statement regarding dissolution of marriage on ground of Khulla therefore, the suit of the plaintiff to the extent of dissoluti"
a0150398387a4d07216bdd37,low,semantic_quality,heuristic,quoted_material span has no quotation marks or sub-item markers (candidate: possible mislabel),"23. It is surprising to note that in the affidavit-in-evidence (Exh.P1) submitted in the suit for dissolution of marriage, at page 180, the specific claims of the petitioner are clearly referred to in"
a0150398387a4d07216bdd37,low,metadata,heuristic,provisions_cited contains variant forms of the same provision: 'Ss.2' and 'S.2',
a0150398387a4d07216bdd37,low,metadata,heuristic,provisions_cited contains variant forms of the same provision: 'Ss.2' and 'Section 2',
a05e67908f4a6d79bef87c50,low,metadata,heuristic,provisions_cited contains variant forms of the same provision: 'S. 17' and 'Section 17',
a0b746265d8effbeed895012,low,metadata,heuristic,provisions_cited contains variant forms of the same provision: 'S. 11' and 'section 11',
a0efb084e434397807d37e3b,low,metadata,heuristic,provisions_cited contains variant forms of the same provision: 'S. 12' and 'section 12',
a0efb084e434397807d37e3b,low,metadata,heuristic,provisions_cited contains variant forms of the same provision: 'S. 14' and 'Section 14',
a0efb084e434397807d37e3b,low,metadata,heuristic,provisions_cited contains variant forms of the same provision: 'section 25' and 'Section 25',
a0efb084e434397807d37e3b,low,metadata,heuristic,provisions_cited contains variant forms of the same provision: 'S. 14' and 'section 14',
a1144544552f63dbea5c6b4b,low,metadata,heuristic,provisions_cited contains variant forms of the same provision: 'S.5' and 'section 5',
a1144544552f63dbea5c6b4b,low,metadata,heuristic,provisions_cited contains variant forms of the same provision: 'S. 20' and 'section 20',
a1144544552f63dbea5c6b4b,low,metadata,heuristic,provisions_cited contains variant forms of the same provision: 'S. 1' and 'section 1',
a1144544552f63dbea5c6b4b,low,metadata,heuristic,provisions_cited contains variant forms of the same provision: 'section 3' and 'Section 3',
a124e357e0d086b54aa81c4f,low,semantic_quality,heuristic,"final_order span text has no recognizable disposition wording (candidate: may be a reporter tag-line fragment, not the operative sentence)",H.B.T./T-132/L Petition accepted.
a126ca8f85a948b2e65c41cb,low,semantic_quality,heuristic,span labeled 'evidence' contains counsel-submission phrasing (candidate: should possibly be 'arguments'),"5. Perusal of the record reveals that present petitioner has filed a suit for recovery of dower of Rs.200,000/- along with three tolas of gold ornaments duly mentioned in Nikah Nama Ex.PW 2/1 dated 07"
a12f957a8fde17419892e0a1,low,metadata,heuristic,provisions_cited contains variant forms of the same provision: 'S. 128' and 'Section 128',
a12f957a8fde17419892e0a1,low,metadata,heuristic,provisions_cited contains variant forms of the same provision: 'S. 145' and 'Section 145',
a1487f9fc42a3278cdab7f93,low,metadata,heuristic,provisions_cited contains variant forms of the same provision: 'S. 10' and 'Ss. 10',
a1487f9fc42a3278cdab7f93,low,metadata,heuristic,provisions_cited contains variant forms of the same provision: 'S. 10' and 'section 10',
a1487f9fc42a3278cdab7f93,low,metadata,heuristic,provisions_cited contains variant forms of the same provision: 'S. 10' and 'Section 10',
a1487f9fc42a3278cdab7f93,low,metadata,heuristic,provisions_cited contains variant forms of the same provision: 'S. 10' and 'sections 10',
a15227df2430184f1a1494be,low,metadata,heuristic,provisions_cited contains variant forms of the same provision: 'S.13' and 'S. 13',
a15227df2430184f1a1494be,low,metadata,heuristic,provisions_cited contains variant forms of the same provision: 'S. 5' and 'S.5',
a15227df2430184f1a1494be,low,metadata,heuristic,provisions_cited contains variant forms of the same provision: 'S.13' and 'section 13',
a15227df2430184f1a1494be,low,metadata,heuristic,provisions_cited contains variant forms of the same provision: 'S.13' and 'Section 13',
a15227df2430184f1a1494be,low,metadata,heuristic,provisions_cited contains variant forms of the same provision: 'section 2' and 'sections 2',
a18b014db6abc5725feb6274,low,metadata,heuristic,provisions_cited contains variant forms of the same provision: 'section 5' and 'Section 5',
a18b014db6abc5725feb6274,low,metadata,heuristic,provisions_cited contains variant forms of the same provision: 'Ss. 2' and 'section 2',
a19fa45b84997e11ca79bab7,low,metadata,heuristic,provisions_cited contains variant forms of the same provision: 'S. 488' and 'section 488',
a1c96cfe9c734481e9c9a93c,low,semantic_quality,heuristic,"final_order span text has no recognizable disposition wording (candidate: may be a reporter tag-line fragment, not the operative sentence)",M.U.Y./S-186/L Petition accepted.
a1c96cfe9c734481e9c9a93c,low,metadata,heuristic,provisions_cited contains variant forms of the same provision: 'Art.199' and 'Art. 199',
a1cebd5165d8f6b06a46ac25,low,semantic_quality,heuristic,quoted_material span has no quotation marks or sub-item markers (candidate: possible mislabel),"(viii) that the husband treats her with cruelty, that is to say,"
a1cebd5165d8f6b06a46ac25,low,semantic_quality,heuristic,"final_order span text has no recognizable disposition wording (candidate: may be a reporter tag-line fragment, not the operative sentence)","11. After determinations of all the above-mentioned questions, office shall fix Writ Petitions Nos. 609-M/2015, 29-C/2019, 766-M and 947-M of 2020 before appropriate benches for hearing on merits. Wri"
a1cebd5165d8f6b06a46ac25,low,semantic_quality,heuristic,"final_order span text has no recognizable disposition wording (candidate: may be a reporter tag-line fragment, not the operative sentence)",ZH/162/P Order accordingl
a1cebd5165d8f6b06a46ac25,low,metadata,heuristic,provisions_cited contains variant forms of the same provision: 'S. 14' and 'S.14',
a1cebd5165d8f6b06a46ac25,low,metadata,heuristic,provisions_cited contains variant forms of the same provision: 'S. 14' and 'section 14',
a1cebd5165d8f6b06a46ac25,low,metadata,heuristic,provisions_cited contains variant forms of the same provision: 'S.2' and 'section 2',
a1d0526a0bba286fe79c062b,low,metadata,heuristic,provisions_cited contains variant forms of the same provision: 'S. 491' and 'S.491',
a1d0526a0bba286fe79c062b,low,metadata,heuristic,provisions_cited contains variant forms of the same provision: 'S. 491' and 'section 491',
a1d0526a0bba286fe79c062b,low,metadata,heuristic,provisions_cited contains variant forms of the same provision: 'S. 25' and 'section 25',
a1d0526a0bba286fe79c062b,low,metadata,heuristic,provisions_cited contains variant forms of the same provision: 'S. 491' and 'Section 491',
a222c29def92eff969162382,low,metadata,heuristic,provisions_cited contains variant forms of the same provision: 'Ss.25' and 'S.25',
a222c29def92eff969162382,low,metadata,heuristic,provisions_cited contains variant forms of the same provision: 'Ss.25' and 'section 25',
a23cce4a349b709579035445,low,metadata,heuristic,provisions_cited contains variant forms of the same provision: 'S. 5' and 'Ss. 5',
a23cce4a349b709579035445,low,metadata,heuristic,provisions_cited contains variant forms of the same provision: 'S. 5' and 'S.5',
a23cce4a349b709579035445,low,metadata,heuristic,provisions_cited contains variant forms of the same provision: 'S. 5' and 'section 5',
a23cce4a349b709579035445,low,metadata,heuristic,provisions_cited contains variant forms of the same provision: 'S.9' and 'section 9',
a23cce4a349b709579035445,low,metadata,heuristic,provisions_cited contains variant forms of the same provision: 'section 130' and 'Sections 130',
a286385b21c1459b8df8b7b8,low,semantic_quality,heuristic,"final_order span text has no recognizable disposition wording (candidate: may be a reporter tag-line fragment, not the operative sentence)",No order as to costs.
a286385b21c1459b8df8b7b8,low,semantic_quality,heuristic,"final_order span text has no recognizable disposition wording (candidate: may be a reporter tag-line fragment, not the operative sentence)","AA./471/0 Petition accepted,"
a286385b21c1459b8df8b7b8,low,metadata,heuristic,provisions_cited contains variant forms of the same provision: 'S. 8' and 'S.8',
a286385b21c1459b8df8b7b8,low,metadata,heuristic,provisions_cited contains variant forms of the same provision: 'S. 8' and 'section 8',
a2c85add39231620666192f8,low,semantic_quality,heuristic,quoted_material span has no quotation marks or sub-item markers (candidate: possible mislabel),"13. Enforcement of decrees.- (1) The Family Court shall pass a decree in such form and in such manner as may be prescribed, and shall enter its particulars in the prescribed register.

(2) If any mone"
a2c85add39231620666192f8,low,semantic_quality,heuristic,quoted_material span has no quotation marks or sub-item markers (candidate: possible mislabel),"Provided, thirdly, that, if the room is in the actual occupancy of a woman who is not the judgment-debtor and who according to the customs of the country does not appear in public, the officer authori"
a2e384ad58c82ab5bb86d342,low,metadata,heuristic,provisions_cited contains variant forms of the same provision: 'section 23' and 'Section 23',
a2e384ad58c82ab5bb86d342,low,metadata,heuristic,provisions_cited contains variant forms of the same provision: 'Art. 35' and 'Art.35',
a31d52dbaebab8c5bc5796bc,low,metadata,heuristic,provisions_cited contains variant forms of the same provision: 'S.13' and 'section 13',
a39a851947835fcb69f1f691,low,semantic_quality,heuristic,"final_order span text has no recognizable disposition wording (candidate: may be a reporter tag-line fragment, not the operative sentence)",S.A.K./F-12/SC Appeal accepted.
a39a851947835fcb69f1f691,low,metadata,heuristic,provisions_cited contains variant forms of the same provision: 'S. 5' and 'Ss. 5',
a39a851947835fcb69f1f691,low,metadata,heuristic,provisions_cited contains variant forms of the same provision: 'Ss. 10 and 12' and 'sections 10 and 12',
a39a851947835fcb69f1f691,low,metadata,heuristic,provisions_cited contains variant forms of the same provision: 'S. 17' and 'section 17',
a39a851947835fcb69f1f691,low,metadata,heuristic,provisions_cited contains variant forms of the same provision: 'S. 5' and 'section 5',
a39a851947835fcb69f1f691,low,metadata,heuristic,provisions_cited contains variant forms of the same provision: 'section 10' and 'Section 10',
a3ec28ba4900855d15a6e870,low,semantic_quality,heuristic,quoted_material span has no quotation marks or sub-item markers (candidate: possible mislabel),"Act XXXV of 1964 affects proceeding under S. 488, Cr. P. C. even commenced before and pending at time of its coming into force.

Where the contention was that the West Pakistan Family Courts Act, 1964"
a3ec28ba4900855d15a6e870,low,semantic_quality,heuristic,"final_order span text has no recognizable disposition wording (candidate: may be a reporter tag-line fragment, not the operative sentence)",This matter has been pending for a very long time but we hope that the Family Court will now deal with it expeditiously.
a3ec28ba4900855d15a6e870,low,metadata,heuristic,provisions_cited contains variant forms of the same provision: 'Ss. 5 & 20' and 'Sections 5 & 20',
a3ec28ba4900855d15a6e870,low,metadata,heuristic,provisions_cited contains variant forms of the same provision: 'S. 488' and 'section 488',
a3ec28ba4900855d15a6e870,low,metadata,heuristic,provisions_cited contains variant forms of the same provision: 'section 5' and 'Section 5',
a488e1edebaa4468f5fb677c,low,metadata,heuristic,provisions_cited contains variant forms of the same provision: 'Ss.5' and 'S.5',
a488e1edebaa4468f5fb677c,low,metadata,heuristic,provisions_cited contains variant forms of the same provision: 'S.10' and 'section 10',
a488e1edebaa4468f5fb677c,low,metadata,heuristic,provisions_cited contains variant forms of the same provision: 'S.10' and 'S. 10',
a4a887750c2b59717c4044d6,low,metadata,heuristic,provisions_cited contains variant forms of the same provision: 'Section 14' and 'S. 14',
a4a887750c2b59717c4044d6,low,metadata,heuristic,provisions_cited contains variant forms of the same provision: 'Section 14' and 'section 14',
a4aac9b828cbc427a055b19c,low,metadata,heuristic,provisions_cited contains variant forms of the same provision: 'Ss. 10 & 11' and 'Ss.10 & 11',
a4aac9b828cbc427a055b19c,low,metadata,heuristic,provisions_cited contains variant forms of the same provision: 'S. 12' and 'section 12',
a4c294e47036c37a54493c1e,low,metadata,heuristic,provisions_cited contains variant forms of the same provision: 'S. 17' and 'Ss. 17',
a4c294e47036c37a54493c1e,low,metadata,heuristic,provisions_cited contains variant forms of the same provision: 'S. 115' and 'section 115',
a4c294e47036c37a54493c1e,low,metadata,heuristic,provisions_cited contains variant forms of the same provision: 'S. 25' and 'section 25',
a4c294e47036c37a54493c1e,low,metadata,heuristic,provisions_cited contains variant forms of the same provision: 'S. 17' and 'Section 17',
a4c294e47036c37a54493c1e,low,metadata,heuristic,provisions_cited contains variant forms of the same provision: 'S. 25' and 'Section 25',
a4c294e47036c37a54493c1e,low,metadata,heuristic,provisions_cited contains variant forms of the same provision: 'S. 17' and 'section 17',
a4c294e47036c37a54493c1e,low,metadata,heuristic,provisions_cited contains variant forms of the same provision: 'Section 5' and 'section 5',
a5194b8092ee030aca0b84c0,low,semantic_quality,heuristic,quoted_material span has no quotation marks or sub-item markers (candidate: possible mislabel),70 The para No. 2 of the plaint filed by the respondent itself is quite ambiguous wherein she mentioned that the Nikah and marriage was ceremonized on following conditions:---
a5194b8092ee030aca0b84c0,low,semantic_quality,heuristic,"final_order span text has no recognizable disposition wording (candidate: may be a reporter tag-line fragment, not the operative sentence)",M.U.Y./N-112/L Petition accepted.
a576eca1d1fee3ffa36dbb08,low,semantic_quality,heuristic,"final_order span text has no recognizable disposition wording (candidate: may be a reporter tag-line fragment, not the operative sentence)",MH/276/Isl. Order accordingl
a576eca1d1fee3ffa36dbb08,low,metadata,heuristic,provisions_cited contains variant forms of the same provision: 'S. 491' and 'S.491',
a576eca1d1fee3ffa36dbb08,low,metadata,heuristic,provisions_cited contains variant forms of the same provision: 'S. 491' and 'section 491',
a576eca1d1fee3ffa36dbb08,low,metadata,heuristic,provisions_cited contains variant forms of the same provision: 'S. 491' and 'Section 491',
a576eca1d1fee3ffa36dbb08,low,metadata,heuristic,provisions_cited contains variant forms of the same provision: 'S.25' and 'section 25',
a64a6a406e5294cfebaff747,low,semantic_quality,heuristic,"final_order span text has no recognizable disposition wording (candidate: may be a reporter tag-line fragment, not the operative sentence)",SA/S-48/L Application accepted.
a64a6a406e5294cfebaff747,low,metadata,heuristic,provisions_cited contains variant forms of the same provision: 'Ss. 12' and 'S. 12',
a64a6a406e5294cfebaff747,low,metadata,heuristic,provisions_cited contains variant forms of the same provision: 'Ss. 12' and 'section 12',
a655a143a7ec7a0ca47cb80b,low,semantic_quality,heuristic,"final_order span text has no recognizable disposition wording (candidate: may be a reporter tag-line fragment, not the operative sentence)",MQ/A-81/L Petition accepted.
a655a143a7ec7a0ca47cb80b,low,metadata,heuristic,provisions_cited contains variant forms of the same provision: 'Ss. 2' and 'Section 2',
a655a143a7ec7a0ca47cb80b,low,metadata,heuristic,provisions_cited contains variant forms of the same provision: 'Ss. 2' and 'S.2',
a65f53eeb0097fe5ad6ed37d,low,semantic_quality,heuristic,"final_order span text has no recognizable disposition wording (candidate: may be a reporter tag-line fragment, not the operative sentence)",M.B.A./I-150/L
a6b6d5651dd8a8ac0b1d4d67,low,metadata,heuristic,provisions_cited contains variant forms of the same provision: 'Ss.8 & 9' and 'Ss. 8 & 9',
a6b6d5651dd8a8ac0b1d4d67,low,metadata,heuristic,provisions_cited contains variant forms of the same provision: 'Art.10A' and 'Art. 10A',
a6e83d19985321efeda3e3c5,low,semantic_quality,heuristic,span labeled 'court_reasoning' contains counsel-submission phrasing (candidate: should possibly be 'arguments'),"7. It appears from the impugned judgment that the revision petition was accepted on the sole ground that for the recovery of ""Zar-e-Khula"" in a suit for dissolution of marriage, execution petition was"
a6e83d19985321efeda3e3c5,low,semantic_quality,heuristic,quoted_material span has no quotation marks or sub-item markers (candidate: possible mislabel),"10. Section 13 of the Family Courts Act, 1964 provides the manner of enforcement of decrees, which reads as under: -

13. Enforcement of decrees.- (1) The Family Court shall pass a decree in such form"
a6e83d19985321efeda3e3c5,low,semantic_quality,heuristic,quoted_material span has no quotation marks or sub-item markers (candidate: possible mislabel),"11. The manner and form of decree is provided in the West Pakistan Family Court Rules, 1965. Rules 16 and 17, for the said purpose, are more relevant, which are reproduced below:-

16. In every suit, "
a6e83d19985321efeda3e3c5,low,metadata,heuristic,provisions_cited contains variant forms of the same provision: 'S.10' and 'Section 10',
a6e83d19985321efeda3e3c5,low,metadata,heuristic,provisions_cited contains variant forms of the same provision: 'S.10' and 'section 10',
a6e83d19985321efeda3e3c5,low,metadata,heuristic,provisions_cited contains variant forms of the same provision: 'S.13' and 'Section 13',
a6e83d19985321efeda3e3c5,low,metadata,heuristic,provisions_cited contains variant forms of the same provision: 'S.13' and 'section 13',
a6ee1e5f27d42cd824185c3f,low,semantic_quality,heuristic,"final_order span text has no recognizable disposition wording (candidate: may be a reporter tag-line fragment, not the operative sentence)",UN/94/P Order accordingl
a708f7fb86e076120f04085c,low,semantic_quality,heuristic,quoted_material span has no quotation marks or sub-item markers (candidate: possible mislabel),"SPECIAL POWER OF ATTORNEY Know all Men by these Presents

That I, Abdul Razzaq son of Ghulam Nabi, (BCDL 6143641) of 7215-122 A Street, Surrey, british columbia, canada, Canada, V3W 3T2, for diverse g"
a708f7fb86e076120f04085c,low,metadata,heuristic,provisions_cited contains variant forms of the same provision: 'S.230' and 'Section 230',
a708f7fb86e076120f04085c,low,metadata,heuristic,provisions_cited contains variant forms of the same provision: 'S.13' and 'section 13',
a7276f5a6fb41daf476b05fc,low,semantic_quality,heuristic,quoted_material span has no quotation marks or sub-item markers (candidate: possible mislabel),"6. In the case in hand, the plaintiff filed a suit for recovery of amount of deferred dower, whereas, the stance of the appellant taken in paragraph 2 of the written statement is that:-

The claim of "
a72aaf78ea50fea2b7939207,low,metadata,heuristic,provisions_cited contains variant forms of the same provision: 'S. 23' and 'section 23',
a72aaf78ea50fea2b7939207,low,metadata,heuristic,provisions_cited contains variant forms of the same provision: 'S. 11' and 'section 11',
a767e1aae6d4fb0dff97df89,low,metadata,heuristic,provisions_cited contains variant forms of the same provision: 'S. 14' and 'section 14',
a767e1aae6d4fb0dff97df89,low,metadata,heuristic,provisions_cited contains variant forms of the same provision: 'S. 14' and 'Section 14',
a77ecfbea36a9734e3459208,low,semantic_quality,heuristic,quoted_material span has no quotation marks or sub-item markers (candidate: possible mislabel),"'advantage, aid, asset, assistance, avail betterment, blessing, boon, favour, gain, good, help, interest, profit'."
a77ecfbea36a9734e3459208,low,semantic_quality,heuristic,quoted_material span has no quotation marks or sub-item markers (candidate: possible mislabel),"'benefaction, bequest, bonus, boon, bounty. contribution, donation, grant, gratuity, largess, legacy, offering, present.,,"
a79a99ba0de9e6a9f7bdb302,low,metadata,heuristic,provisions_cited contains variant forms of the same provision: 'S. 5' and 'Ss.5',
a864c52ea66d56dcde0dad3e,low,metadata,heuristic,provisions_cited contains variant forms of the same provision: 'S. 141' and 'section 141',
a864c52ea66d56dcde0dad3e,low,metadata,heuristic,provisions_cited contains variant forms of the same provision: 'S. 25' and 'section 25',
a864c52ea66d56dcde0dad3e,low,metadata,heuristic,provisions_cited contains variant forms of the same provision: 'Section 17' and 'section 17',
a896b3244bfcaa8cc2ac1542,low,semantic_quality,heuristic,span labeled 'evidence' contains counsel-submission phrasing (candidate: should possibly be 'arguments'),"Although learned counsel for the respondent during the course of his arguments has argued that the respondent father has to maintain his old ailing parents, his brother and sister as well, but the rec"
a8e1dfd791834d22dc696228,low,metadata,heuristic,provisions_cited contains variant forms of the same provision: 'S. 14' and 'S.14',
a8e1dfd791834d22dc696228,low,metadata,heuristic,provisions_cited contains variant forms of the same provision: 'S.2' and 'S. 2',
a8e1dfd791834d22dc696228,low,metadata,heuristic,provisions_cited contains variant forms of the same provision: 'S. 14' and 'Section 14',
a8e1dfd791834d22dc696228,low,metadata,heuristic,provisions_cited contains variant forms of the same provision: 'S. 14' and 'section 14',
a8e1dfd791834d22dc696228,low,metadata,heuristic,provisions_cited contains variant forms of the same provision: 'S.2' and 'section 2',
a91ba7926b287e6339204bed,low,metadata,heuristic,provisions_cited contains variant forms of the same provision: 'Ss. 17' and 'S.17',
a91ba7926b287e6339204bed,low,metadata,heuristic,provisions_cited contains variant forms of the same provision: 'Ss. 17' and 'Section 17',
a93d6848cd01fd8f75cf69bf,low,semantic_quality,heuristic,span labeled 'court_reasoning' contains counsel-submission phrasing (candidate: should possibly be 'arguments'),"5. From the perusal of record it reveals that admittedly marriage was solemnized at Abdul Bakar Mosque 38 Steadman Terrace Bradford 803 9NP, United Kingdom. The matter was also referred to Fiqah Counc"
a93d6848cd01fd8f75cf69bf,low,semantic_quality,heuristic,"final_order span text has no recognizable disposition wording (candidate: may be a reporter tag-line fragment, not the operative sentence)",AG/S-100/L Petition accepte
a94ba966cdfa934c1936d479,low,metadata,heuristic,provisions_cited contains variant forms of the same provision: 'S. 7' and 'S.7',
a94ba966cdfa934c1936d479,low,metadata,heuristic,provisions_cited contains variant forms of the same provision: 'S. 7' and 'section 7',
a991140c9b9b5fe520015c22,low,metadata,heuristic,provisions_cited contains variant forms of the same provision: 'S.14' and 'Section 14',
a991140c9b9b5fe520015c22,low,metadata,heuristic,provisions_cited contains variant forms of the same provision: 'S.14' and 'section 14',
a9a243e4ce8df61c3f2674c9,low,metadata,heuristic,provisions_cited contains variant forms of the same provision: 'S.17' and 'Section 17',
a9da4d1ab346200a0b264d5f,low,semantic_quality,heuristic,quoted_material span has no quotation marks or sub-item markers (candidate: possible mislabel),In the suit before the learned Family Court the words used are as under:--------
a9da4d1ab346200a0b264d5f,low,semantic_quality,heuristic,quoted_material span has no quotation marks or sub-item markers (candidate: possible mislabel),It is pertinent to point out here that the words have started from column of Serial No. 14 and were finished against column of serial No.15 of Parat Nikah. In Serial No.15 the words are:‐‐‐
a9da4d1ab346200a0b264d5f,low,semantic_quality,heuristic,"final_order span text has no recognizable disposition wording (candidate: may be a reporter tag-line fragment, not the operative sentence)",M.I./J‐46/L Petition accepted.
a9da4d1ab346200a0b264d5f,low,metadata,heuristic,provisions_cited contains variant forms of the same provision: 'S.14' and 'section 14',
a9da4d1ab346200a0b264d5f,low,metadata,heuristic,provisions_cited contains variant forms of the same provision: 'S.14' and 'Section 14',
a9da4d1ab346200a0b264d5f,low,metadata,heuristic,provisions_cited contains variant forms of the same provision: 'Ss. 5 & 17' and 'Ss.5 & 17',
a9da4d1ab346200a0b264d5f,low,metadata,heuristic,provisions_cited contains variant forms of the same provision: 'Art. 199' and 'Art.199',
aa217b84a0bc63f6b463eb1e,low,semantic_quality,heuristic,"final_order span text has no recognizable disposition wording (candidate: may be a reporter tag-line fragment, not the operative sentence)",F.B./S-81/L???????????????????????????????????????????????????????????????????????????????????????? Petition accepted.
aa2b9fec56d63082e085d630,low,semantic_quality,heuristic,"final_order span text has no recognizable disposition wording (candidate: may be a reporter tag-line fragment, not the operative sentence)",H.B.T./125/P Petition accepted.
aa2b9fec56d63082e085d630,low,metadata,heuristic,provisions_cited contains variant forms of the same provision: 'S.2' and 'section 2',
aa2b9fec56d63082e085d630,low,metadata,heuristic,provisions_cited contains variant forms of the same provision: 'S.6' and 'section 6',
aa3de6a42708377077bff345,low,semantic_quality,heuristic,quoted_material span has no quotation marks or sub-item markers (candidate: possible mislabel),"From the evidence on the record, it is held that the defendant /appellant is herself at fault and is not prepared to live with her husband."
aa3de6a42708377077bff345,low,semantic_quality,heuristic,"final_order span text has no recognizable disposition wording (candidate: may be a reporter tag-line fragment, not the operative sentence)","H.B.T./L‐112/L Petition accepted,"
aa42b75de8aa96c9ac8362bc,low,metadata,heuristic,provisions_cited contains variant forms of the same provision: 'S. 14' and 'S.14',
aa42b75de8aa96c9ac8362bc,low,metadata,heuristic,provisions_cited contains variant forms of the same provision: 'S. 14' and 'section 14',
aa55a5ca92f51eca75e5d86d,low,metadata,heuristic,provisions_cited contains variant forms of the same provision: 'S.17' and 'section 17',
aa55a5ca92f51eca75e5d86d,low,metadata,heuristic,provisions_cited contains variant forms of the same provision: 'S.11' and 'section 11',
aa87d0cf811c35091275c3b2,low,metadata,heuristic,provisions_cited contains variant forms of the same provision: 'S. 20' and 'Section 20',
aa87d0cf811c35091275c3b2,low,metadata,heuristic,provisions_cited contains variant forms of the same provision: 'S. 488' and 'section 488',
aa87d0cf811c35091275c3b2,low,metadata,heuristic,provisions_cited contains variant forms of the same provision: 'section 5' and 'S. 5',
aa87d0cf811c35091275c3b2,low,metadata,heuristic,provisions_cited contains variant forms of the same provision: 'S. 20' and 'section 20',
aaa5fa61d8f8cccc5fe3c46a,low,semantic_quality,heuristic,quoted_material span has no quotation marks or sub-item markers (candidate: possible mislabel),"As nothing more has been mentioned, hence, the claim of the petitioner specifically with regard to shari share particularly in House No.116 Sector A, Askari 14, Adyala Road, Rawalpindi seems to be mis"
aaa70a84ff9a046a9670887a,low,semantic_quality,heuristic,span labeled 'procedural_history' contains counsel-submission phrasing (candidate: should possibly be 'arguments'),"NAZAR AKBAR, J.--- This constitutional petition is directed against the order passed by learned XVI Family Court South Karachi in Family Suit No.S-219 of 2014 whereby while granting khula to responden"
aaa70a84ff9a046a9670887a,low,semantic_quality,heuristic,quoted_material span has no quotation marks or sub-item markers (candidate: possible mislabel),"10. Pre-trial proceeding.--- (1) When the written statement is filed, the Court shall fix an early date for a pre-trial hearing of the case.]

(2) On the date so fixed, the Court shall examine the pla"
aaa70a84ff9a046a9670887a,low,metadata,heuristic,provisions_cited contains variant forms of the same provision: 'S.17' and 'S. 17',
aaa70a84ff9a046a9670887a,low,metadata,heuristic,provisions_cited contains variant forms of the same provision: 'S.14' and 'S. 14',
aaa70a84ff9a046a9670887a,low,metadata,heuristic,provisions_cited contains variant forms of the same provision: 'Ss.10' and 'section 10',
aaa70a84ff9a046a9670887a,low,metadata,heuristic,provisions_cited contains variant forms of the same provision: 'Ss.10' and 'Section 10',
aaa70a84ff9a046a9670887a,low,metadata,heuristic,provisions_cited contains variant forms of the same provision: 'S.14' and 'section 14',
aaa70a84ff9a046a9670887a,low,metadata,heuristic,provisions_cited contains variant forms of the same provision: 'S.17' and 'section 17',
aaa70a84ff9a046a9670887a,low,metadata,heuristic,provisions_cited contains variant forms of the same provision: 'S.14' and 'Section 14',
aaa70a84ff9a046a9670887a,low,metadata,heuristic,provisions_cited contains variant forms of the same provision: 'S.12' and 'section 12',
aaa70a84ff9a046a9670887a,low,metadata,heuristic,provisions_cited contains variant forms of the same provision: 'Ss.10' and 'sections 10',
aaac7adbc3aee638d584279f,low,metadata,heuristic,provisions_cited contains variant forms of the same provision: 'S.14' and 'Section 14',
aab4aa0ce62200977f99f75e,low,metadata,heuristic,provisions_cited contains variant forms of the same provision: 'section 10' and 'Section 10',
aab4aa0ce62200977f99f75e,low,metadata,heuristic,provisions_cited contains variant forms of the same provision: 'S.18' and 'Section 18',
aab4aa0ce62200977f99f75e,low,metadata,heuristic,provisions_cited contains variant forms of the same provision: 'S.22' and 'section 22',
aaef8943a03fc4d998007877,low,metadata,heuristic,provisions_cited contains variant forms of the same provision: 'S. 5' and 'Section 5',
ab71daaee7dcb0a71bb5e07e,low,metadata,heuristic,provisions_cited contains variant forms of the same provision: 'S. 5' and 'S.5',
ab71daaee7dcb0a71bb5e07e,low,metadata,heuristic,provisions_cited contains variant forms of the same provision: 'S. 18' and 'S.18',
ab71daaee7dcb0a71bb5e07e,low,metadata,heuristic,provisions_cited contains variant forms of the same provision: 'S.14' and 'section 14',
ab71daaee7dcb0a71bb5e07e,low,metadata,heuristic,provisions_cited contains variant forms of the same provision: 'S. 17' and 'section 17',
ab71daaee7dcb0a71bb5e07e,low,metadata,heuristic,provisions_cited contains variant forms of the same provision: 'S. 18' and 'section 18',
ab71daaee7dcb0a71bb5e07e,low,metadata,heuristic,provisions_cited contains variant forms of the same provision: 'Art.199' and 'Art. 199',
ab71daaee7dcb0a71bb5e07e,low,metadata,heuristic,provisions_cited contains variant forms of the same provision: 'Art. 163' and 'Art.163',
ab794465bdeaa71091d03ce0,low,semantic_quality,heuristic,"final_order span text has no recognizable disposition wording (candidate: may be a reporter tag-line fragment, not the operative sentence)",.AA./N‐221/1 Petition accepted
abee76119e03c0c4445cf782,low,metadata,heuristic,provisions_cited contains variant forms of the same provision: 'Art.129' and 'Art. 129',
ac5629c48059f9a0d20889c8,low,semantic_quality,heuristic,"final_order span text has no recognizable disposition wording (candidate: may be a reporter tag-line fragment, not the operative sentence)",Q.M.H./M.A.K./L‐7/L
ac6292e7f29bbc7531f681c8,low,semantic_quality,heuristic,quoted_material span has no quotation marks or sub-item markers (candidate: possible mislabel),"11. Here, I would further like to impart that after promulgation of the Proviso to section 10(4) of the Act of 1964, much water has flows down the bridge. In the case of Dr.Fakhr-ud-Din v. Kausar Takr"
ac6292e7f29bbc7531f681c8,low,semantic_quality,heuristic,"final_order span text has no recognizable disposition wording (candidate: may be a reporter tag-line fragment, not the operative sentence)","15. Office is directed to forward the copy of this judgment to the Court of learned Family Judge, Rohri, District Sukkur. The compliance report of the judgment may be intimated to this Court through A"
ac6292e7f29bbc7531f681c8,low,metadata,heuristic,provisions_cited contains variant forms of the same provision: 'Ss. 10' and 'S. 10',
ac6292e7f29bbc7531f681c8,low,metadata,heuristic,provisions_cited contains variant forms of the same provision: 'Ss. 10' and 'S.10',
ac6292e7f29bbc7531f681c8,low,metadata,heuristic,provisions_cited contains variant forms of the same provision: 'Ss. 10' and 'section 10',
ac62ba34374ac1e5f18b4c8e,low,metadata,heuristic,provisions_cited contains variant forms of the same provision: 'Ss. 2' and 'Sections 2',
ac62ba34374ac1e5f18b4c8e,low,metadata,heuristic,provisions_cited contains variant forms of the same provision: 'S. 5' and 'Section 5',
ac62ba34374ac1e5f18b4c8e,low,metadata,heuristic,provisions_cited contains variant forms of the same provision: 'S. 5' and 'section 5',
acb9f7df3d885de273e662c9,low,semantic_quality,heuristic,quoted_material span has no quotation marks or sub-item markers (candidate: possible mislabel),"By contracting Second marriage, the Respondent No. 1 has lost the right of Hizanat. Further the second husband of the Respondent No. 1 is also stranger to minor, I also believe that minor would not be"
acb9f7df3d885de273e662c9,low,semantic_quality,heuristic,quoted_material span has no quotation marks or sub-item markers (candidate: possible mislabel),"Additionally considering the Respondents daily absence due to work commitments, leaving the minor without the mother s care or at the discretion of other paternal family members would not be in the ch"
acb9f7df3d885de273e662c9,low,semantic_quality,heuristic,quoted_material span has no quotation marks or sub-item markers (candidate: possible mislabel),"Based on the principles discussed, I believe that the trial court made significant errors in its decision, which cannot be upheld by law. Therefore, this appeal is granted and the order dated 28.02.20"
acb9f7df3d885de273e662c9,low,semantic_quality,heuristic,quoted_material span has no quotation marks or sub-item markers (candidate: possible mislabel),"17. Matters to be considered by the Court in appointing guardian. (1) In appointing or declaring the guardian of the minor, the Court shall, subject to the provisions of this section, be guarded by wh"
acb9f7df3d885de273e662c9,low,semantic_quality,heuristic,quoted_material span has no quotation marks or sub-item markers (candidate: possible mislabel),"As stated earlier, the main consideration which weighed with the learned Judge in Chambers of the High Court for making the order of delivery of custody of the minor to the father was only that after "
acb9f7df3d885de273e662c9,low,semantic_quality,heuristic,quoted_material span has no quotation marks or sub-item markers (candidate: possible mislabel),"13. Minor Shahzaib was brought in court today, though he was aged about 5 years but seemed to be sharp enough and was capable of understanding the relations. He at the time of appearance in the Court "
acb9f7df3d885de273e662c9,low,semantic_quality,heuristic,quoted_material span has no quotation marks or sub-item markers (candidate: possible mislabel),"14. Under the given circumstances, It will be in the interest and welfare of the minor that he remains under equal care of both the parents until he attains the age of 7 years, thereafter the parents "
acb9f7df3d885de273e662c9,low,metadata,heuristic,provisions_cited contains variant forms of the same provision: 'S. 17' and 'section 17',
acb9f7df3d885de273e662c9,low,metadata,heuristic,provisions_cited contains variant forms of the same provision: 'Section 25' and 'section 25',
acc72da2904e52a410369278,low,semantic_quality,heuristic,"final_order span text has no recognizable disposition wording (candidate: may be a reporter tag-line fragment, not the operative sentence)","24. Before parting with this judgment, I would like to appreciate commendable efforts of Mr. Khurram Khan Virk and Mr. Adeel Majeed Qureshi Research Officers of this Court for having provided valuable"
acc72da2904e52a410369278,low,metadata,heuristic,provisions_cited contains variant forms of the same provision: 'S.10' and 'Section 10',
ad27b792ea9fba084705b11d,low,metadata,heuristic,provisions_cited contains variant forms of the same provision: 'S. 2' and 'S.2',
ad27b792ea9fba084705b11d,low,metadata,heuristic,provisions_cited contains variant forms of the same provision: 'S. 2' and 'Section 2',
ad7c240aa286769cd10458b6,low,metadata,heuristic,provisions_cited contains variant forms of the same provision: 'S. 2' and 'S.2',
ad7c240aa286769cd10458b6,low,metadata,heuristic,provisions_cited contains variant forms of the same provision: 'S. 2' and 'section 2',
ad9c9001ce19c1446100e0f2,low,metadata,heuristic,provisions_cited contains variant forms of the same provision: 'S. 5' and 'S.5',
adbe8184682c227273fa70f2,low,semantic_quality,heuristic,quoted_material span has no quotation marks or sub-item markers (candidate: possible mislabel),9. We would like to highlight this important point regarding Khula that it is not always necessary or binding on the woman to completely forego her dower for seeking dissolution of marriage on the bas
adbe8184682c227273fa70f2,low,metadata,heuristic,provisions_cited contains variant forms of the same provision: 'Section 10' and 'section 10',
adda6d58d347a1327310e762,low,semantic_quality,heuristic,span labeled 'court_reasoning' contains counsel-submission phrasing (candidate: should possibly be 'arguments'),"10. Learned counsel for petitioner argued that under Section 7(2) of the West Pakistan Family Courts Act, 1964, parties may with the permission of court can call any witness at later stage. Section 7 "
adda6d58d347a1327310e762,low,semantic_quality,heuristic,quoted_material span has no quotation marks or sub-item markers (candidate: possible mislabel),"---O.XIII, R.1---Additional evidence, production of---Party requesting for production of additional evidence had no satisfactory answer as to why the documents to be produced as additional evidence we"
adda6d58d347a1327310e762,low,metadata,heuristic,provisions_cited contains variant forms of the same provision: 'S. 7' and 'Section 7',
adda6d58d347a1327310e762,low,metadata,heuristic,provisions_cited contains variant forms of the same provision: 'S. 7' and 'section 7',
adda6d58d347a1327310e762,low,metadata,heuristic,provisions_cited contains variant forms of the same provision: 'S. 7' and 'S.7',
ae19fe2a1f685da546af87c6,low,metadata,heuristic,provisions_cited contains variant forms of the same provision: 'S. 115' and 'section 115',
ae19fe2a1f685da546af87c6,low,metadata,heuristic,provisions_cited contains variant forms of the same provision: 'S. 17' and 'section 17',
ae1cfd65731c8c3f8a6ca108,low,metadata,heuristic,provisions_cited contains variant forms of the same provision: 'S. 37' and 'Section 37',
ae2cb87bf57e100770a77647,low,semantic_quality,heuristic,"final_order span text has no recognizable disposition wording (candidate: may be a reporter tag-line fragment, not the operative sentence)",H.B.T./U‐39/L
ae4a07835728a54c3dddb4ad,low,metadata,heuristic,provisions_cited contains variant forms of the same provision: 'Ss.5' and 'S.5',
ae4a07835728a54c3dddb4ad,low,metadata,heuristic,provisions_cited contains variant forms of the same provision: 'S.9' and 'Section 9',
ae4a07835728a54c3dddb4ad,low,metadata,heuristic,provisions_cited contains variant forms of the same provision: 'Ss.5' and 'Section 5',
ae4b1b9053d3c75fe1e6b123,low,metadata,heuristic,provisions_cited contains variant forms of the same provision: 'Ss. 23' and 'S.23',
ae4b1b9053d3c75fe1e6b123,low,metadata,heuristic,provisions_cited contains variant forms of the same provision: 'Ss. 23' and 'Section 23',
ae616d9b80d28a65bdffbb5c,low,semantic_quality,heuristic,quoted_material span has no quotation marks or sub-item markers (candidate: possible mislabel),Defendant-husband though had initiated proceedings for cancellation of Nikahnama but same had no force in the eye of law because merely filing of suit for cancellation of Nikahnama did not have any le
ae616d9b80d28a65bdffbb5c,low,metadata,heuristic,provisions_cited contains variant forms of the same provision: 'section 4' and 'Section 4',
aea85d051e41d722be159a97,low,metadata,heuristic,provisions_cited contains variant forms of the same provision: 'S. 17' and 'Section 17',
aea85d051e41d722be159a97,low,metadata,heuristic,provisions_cited contains variant forms of the same provision: 'Ss. 10' and 'section 10',
aea85d051e41d722be159a97,low,metadata,heuristic,provisions_cited contains variant forms of the same provision: 'S. 17' and 'section 17',
aee2dcace6a4c6d9f21530e3,low,semantic_quality,heuristic,quoted_material span has no quotation marks or sub-item markers (candidate: possible mislabel),Liability of the grandfather to pay maintenance for the minor would include past maintenance as well as future maintenance as the grandfather was responsible to maintain his grandchildren in absence o
aee30c7f1138d016a849827e,low,metadata,heuristic,provisions_cited contains variant forms of the same provision: 'Art.199' and 'Art. 199',
aef1912b16519c444e4af988,low,metadata,heuristic,provisions_cited contains variant forms of the same provision: 'S. 82' and 'S.82',
aef1912b16519c444e4af988,low,metadata,heuristic,provisions_cited contains variant forms of the same provision: 'S. 13' and 'S.13',
aef1912b16519c444e4af988,low,metadata,heuristic,provisions_cited contains variant forms of the same provision: 'S. 55' and 'S.55',
aef1912b16519c444e4af988,low,metadata,heuristic,provisions_cited contains variant forms of the same provision: 'S. 13' and 'section 13',
aef1912b16519c444e4af988,low,metadata,heuristic,provisions_cited contains variant forms of the same provision: 'S. 82' and 'section 82',
aef1912b16519c444e4af988,low,metadata,heuristic,provisions_cited contains variant forms of the same provision: 'S. 13' and 'Section 13',
aef1912b16519c444e4af988,low,metadata,heuristic,provisions_cited contains variant forms of the same provision: 'S. 55' and 'section 55',
af4c243fa14805e43ac47f2f,low,metadata,heuristic,provisions_cited contains variant forms of the same provision: 'Art.199' and 'Art. 199',
afb812a630423134311fa78e,low,metadata,heuristic,provisions_cited contains variant forms of the same provision: 'S. 14' and 'Section 14',
afd67cfc8ab441c013d445da,low,semantic_quality,heuristic,"final_order span text has no recognizable disposition wording (candidate: may be a reporter tag-line fragment, not the operative sentence)","9. For what has been discussed above, the instant writ petition is accepted in the terms enumerated above."
afd67cfc8ab441c013d445da,low,metadata,heuristic,provisions_cited contains variant forms of the same provision: 'S.5' and 'S. 5',
aff8fa45c3a6d46de851f909,low,semantic_quality,heuristic,quoted_material span has no quotation marks or sub-item markers (candidate: possible mislabel),"'His only contention was that such condition was embodied in the Nikahnama by way of safety and for prolongation of marriage contract, as it would deter both the parties from bringing an end to the ma"
aff8fa45c3a6d46de851f909,low,metadata,heuristic,provisions_cited contains variant forms of the same provision: 'S.7' and 'section 7',
b047b45f7a855fb89a56d7c4,low,metadata,heuristic,provisions_cited contains variant forms of the same provision: 'S. 17' and 'section 17',
b04848d29e6dd9dd02534407,low,metadata,heuristic,provisions_cited contains variant forms of the same provision: 'S.7' and 'S. 7',
b04848d29e6dd9dd02534407,low,metadata,heuristic,provisions_cited contains variant forms of the same provision: 'S.7' and 'section 7',
b049a89cc3ed140f45226a99,low,semantic_quality,heuristic,quoted_material span has no quotation marks or sub-item markers (candidate: possible mislabel),"In presence of the Code, need was felt to have a forum for resolution of family disputes, wherein instead of cumbersome procedure, a short and simple methodology shall be provided for settlement and d"
b049a89cc3ed140f45226a99,low,semantic_quality,heuristic,quoted_material span has no quotation marks or sub-item markers (candidate: possible mislabel),34. Conduct of a party before a Court of law is always taken as relevant. The Court has to take exception to the conduct of a party like' in the case in hand. The respondent-husband voluntarily opted 
b049a89cc3ed140f45226a99,low,semantic_quality,heuristic,quoted_material span has no quotation marks or sub-item markers (candidate: possible mislabel),"-----. We are not persuaded to hold, that the ex parte decree dated 4-7-2008 was void, for the reason that there is no provision in the West Pakistan Family Courts Act, 1964 to strike off the defence "
b049a89cc3ed140f45226a99,low,semantic_quality,heuristic,quoted_material span has no quotation marks or sub-item markers (candidate: possible mislabel),"4. After process, on 11.03.2021 Mr. Waheed ur Rehman, Advocate appeared for respondents Nos.01 to 03 thereafter the matter was fixed for filing rejoinder. On 19.03.2021 Mr. Haider Ali Jakhrani, Advoca"
b049a89cc3ed140f45226a99,low,metadata,heuristic,provisions_cited contains variant forms of the same provision: 'S.25' and 'section 25',
b049a89cc3ed140f45226a99,low,metadata,heuristic,provisions_cited contains variant forms of the same provision: 'S.17' and 'section 17',
b0537557f5e5b2628f9d7c36,low,metadata,heuristic,provisions_cited contains variant forms of the same provision: 'S.11' and 'section 11',
b0537557f5e5b2628f9d7c36,low,metadata,heuristic,provisions_cited contains variant forms of the same provision: 'S.17' and 'section 17',
b0537557f5e5b2628f9d7c36,low,metadata,heuristic,"provisions_cited contains variant forms of the same provision: 'Ss.5, 14' and 'sections 5, 14'",
b0537557f5e5b2628f9d7c36,low,metadata,heuristic,provisions_cited contains variant forms of the same provision: 'Art.199' and 'Art. 199',
b08f0cb8eea600965be6acb1,low,metadata,heuristic,provisions_cited contains variant forms of the same provision: 'S.149' and 'S. 149',
b08f0cb8eea600965be6acb1,low,metadata,heuristic,provisions_cited contains variant forms of the same provision: 'S.7' and 'section 7',
b08f0cb8eea600965be6acb1,low,metadata,heuristic,provisions_cited contains variant forms of the same provision: 'S.149' and 'section 149',
b08f0cb8eea600965be6acb1,low,metadata,heuristic,provisions_cited contains variant forms of the same provision: 'S.7' and 'Section 7',
b08f0cb8eea600965be6acb1,low,metadata,heuristic,provisions_cited contains variant forms of the same provision: 'S.19' and 'section 19',
b08f0cb8eea600965be6acb1,low,metadata,heuristic,provisions_cited contains variant forms of the same provision: 'S.19' and 'Section 19',
b0db7ac2b8c02d3d2ffcc8c3,low,metadata,heuristic,provisions_cited contains variant forms of the same provision: 'S.9' and 'section 9',
b0db7ac2b8c02d3d2ffcc8c3,low,metadata,heuristic,provisions_cited contains variant forms of the same provision: 'S. 5' and 'section 5',
b157e0255e7f1c1cf025b7f5,low,semantic_quality,heuristic,"final_order span text has no recognizable disposition wording (candidate: may be a reporter tag-line fragment, not the operative sentence)",S.A.K./S-105/L Petition accepte
b1593cc685601934c9d8dddc,low,semantic_quality,heuristic,"final_order span text has no recognizable disposition wording (candidate: may be a reporter tag-line fragment, not the operative sentence)",MQ/S-10/L Petition accepted.
b1593cc685601934c9d8dddc,low,metadata,heuristic,provisions_cited contains variant forms of the same provision: 'S. 9' and 'section 9',
b186dd1c8c27240bb5f013d7,low,metadata,heuristic,provisions_cited contains variant forms of the same provision: 'S. 488' and 'section 488',
b18cbbe58181c1fb38d0511e,low,metadata,heuristic,provisions_cited contains variant forms of the same provision: 'S.115' and 'section 115',
b19a65847d64d1d8b17dd9eb,low,metadata,heuristic,provisions_cited contains variant forms of the same provision: 'S. 491' and 'section 491',
b1b6fde4aab9897df5677ee1,low,semantic_quality,heuristic,"final_order span text has no recognizable disposition wording (candidate: may be a reporter tag-line fragment, not the operative sentence)","9. A copy of this judgment along with the records of the learned lower Courts be remitted to the learned District Judge, Multan."
b1b6fde4aab9897df5677ee1,low,metadata,heuristic,provisions_cited contains variant forms of the same provision: 'S.12' and 'section 12',
b1dde332643b7d62350c2020,low,metadata,heuristic,provisions_cited contains variant forms of the same provision: 'S.13' and 'Section 13',
b202b6943ed1f4b5c56a2ca9,low,metadata,heuristic,provisions_cited contains variant forms of the same provision: 'S. 14' and 'S.14',
b202b6943ed1f4b5c56a2ca9,low,metadata,heuristic,provisions_cited contains variant forms of the same provision: 'S. 14' and 'section 14',
b202b6943ed1f4b5c56a2ca9,low,metadata,heuristic,provisions_cited contains variant forms of the same provision: 'S. 14' and 'Section 14',
b20d59ab38be4e9c88c46f9c,low,metadata,heuristic,provisions_cited contains variant forms of the same provision: 'S.5' and 'section 5',
b20d59ab38be4e9c88c46f9c,low,metadata,heuristic,provisions_cited contains variant forms of the same provision: 'S.5' and 'Section 5',
b223f3964273e754407288e7,low,metadata,heuristic,provisions_cited contains variant forms of the same provision: 'S.17' and 'Section 17',
b226a22a9490b606c00263a6,low,metadata,heuristic,provisions_cited contains variant forms of the same provision: 'S.9' and 'section 9',
b26aa1f5356d907b5fc66c05,low,semantic_quality,heuristic,"final_order span text has no recognizable disposition wording (candidate: may be a reporter tag-line fragment, not the operative sentence)",AA./Z‐171‐K Petition accepted.
b284721641964a96dbb49782,low,semantic_quality,heuristic,quoted_material span has no quotation marks or sub-item markers (candidate: possible mislabel),"7. Unto the men (of a family) belongeth a share of that which parents and near kindred leave, and unto the women a share of that which parents and near kindred leave, whether it be little or much. A l"
b284721641964a96dbb49782,low,metadata,heuristic,provisions_cited contains variant forms of the same provision: 'S.115' and 'Section 115',
b28d3c68585a5c874305e3d2,low,metadata,heuristic,provisions_cited contains variant forms of the same provision: 'S.14' and 'S. 14',
b28d3c68585a5c874305e3d2,low,metadata,heuristic,provisions_cited contains variant forms of the same provision: 'S.14' and 'section 14',
b28d3c68585a5c874305e3d2,low,metadata,heuristic,provisions_cited contains variant forms of the same provision: 'S. 17' and 'section 17',
b31a7e6d5be6bb93fa6422f4,low,metadata,heuristic,provisions_cited contains variant forms of the same provision: 'Art. 104' and 'Art.104',
b3b5fedb887c0cdd31c61e35,low,metadata,heuristic,provisions_cited contains variant forms of the same provision: 'S.17' and 'S. 17',
b3b5fedb887c0cdd31c61e35,low,metadata,heuristic,provisions_cited contains variant forms of the same provision: 'S.17' and 'section 17',
b3b83bb2ceb23d88cf08394a,low,metadata,heuristic,provisions_cited contains variant forms of the same provision: 'S. 488' and 'section 488',
b3b83bb2ceb23d88cf08394a,low,metadata,heuristic,provisions_cited contains variant forms of the same provision: 'S. 488' and 'Section 488',
b3e421e4b2e2ae4ed6121cd6,low,semantic_quality,heuristic,"final_order span text has no recognizable disposition wording (candidate: may be a reporter tag-line fragment, not the operative sentence)",11. Before parting with this order it is observed that I have gone across a number of cases wherein either the description of the appeal or revision is not properly described or the judgment bears dif
b3e421e4b2e2ae4ed6121cd6,low,semantic_quality,heuristic,"final_order span text has no recognizable disposition wording (candidate: may be a reporter tag-line fragment, not the operative sentence)",KMZ/N-74/L Petition accepted.
b3e421e4b2e2ae4ed6121cd6,low,metadata,heuristic,provisions_cited contains variant forms of the same provision: 'S.13' and 'section 13',
b400790b0922f339e1d0d9d9,low,semantic_quality,heuristic,quoted_material span has no quotation marks or sub-item markers (candidate: possible mislabel),Section 11. Res judicata No Court shall try suit or issue in which the matter directly and substantially in issue has been directly and substantially in issue in a former suit between the same parties
b400790b0922f339e1d0d9d9,low,semantic_quality,heuristic,quoted_material span has no quotation marks or sub-item markers (candidate: possible mislabel),"8. The main question to be addressed herein was as to whether the claim of petitioner is hit by section 17 read with section 11, C.P.C. Section of the Family Courts Act, 1964 pertains to sections 10 a"
b400790b0922f339e1d0d9d9,low,semantic_quality,heuristic,quoted_material span has no quotation marks or sub-item markers (candidate: possible mislabel),11. It is a well-settled proposition of law that when an aggrieved person intends to commence any legal action to enforce any right and or invoke a remedy to set right a wrong or to vindicate an injur
b400790b0922f339e1d0d9d9,low,metadata,heuristic,provisions_cited contains variant forms of the same provision: 'Ss. 5' and 'S. 5',
b400790b0922f339e1d0d9d9,low,metadata,heuristic,provisions_cited contains variant forms of the same provision: 'S. 17' and 'Section 17',
b400790b0922f339e1d0d9d9,low,metadata,heuristic,provisions_cited contains variant forms of the same provision: 'Ss. 10 & 11' and 'Ss.10 & 11',
b400790b0922f339e1d0d9d9,low,metadata,heuristic,provisions_cited contains variant forms of the same provision: 'S. 17' and 'Ss. 17',
b400790b0922f339e1d0d9d9,low,metadata,heuristic,provisions_cited contains variant forms of the same provision: 'S. 17' and 'section 17',
b400790b0922f339e1d0d9d9,low,metadata,heuristic,provisions_cited contains variant forms of the same provision: 'Section 11' and 'section 11',
b400790b0922f339e1d0d9d9,low,metadata,heuristic,provisions_cited contains variant forms of the same provision: 'sections 10 and 11' and 'Sections 10 and 11',
b41e1bb0ff704c390b64db82,low,semantic_quality,heuristic,"final_order span text has no recognizable disposition wording (candidate: may be a reporter tag-line fragment, not the operative sentence)",MQ/41/Bal Petition accepted.
b41e1bb0ff704c390b64db82,low,metadata,heuristic,provisions_cited contains variant forms of the same provision: 'S.2' and 'Section 2',
b44a124166585b782b402988,low,semantic_quality,heuristic,quoted_material span has no quotation marks or sub-item markers (candidate: possible mislabel),"4. The High Court and the Courts below have differed on interpreting the entries of columns Nos. 13 to 16 of the Nikahnama of the parties, which are reproduced hereunder for ready reference:

English "
b470e74d36e4499b207ea619,low,semantic_quality,heuristic,"final_order span text has no recognizable disposition wording (candidate: may be a reporter tag-line fragment, not the operative sentence)","26. Before parting with the present judgment, I must appreciate the efforts of Mr. Qaisar Abbas, Research Officer, of this Court who has rendered valuable assistance to ascertain the case law on the s"
b489503354c29200183a88dd,low,metadata,heuristic,provisions_cited contains variant forms of the same provision: 'S.5' and 'S. 5',
b489503354c29200183a88dd,low,metadata,heuristic,provisions_cited contains variant forms of the same provision: 'S.25' and 'section 25',
b489503354c29200183a88dd,low,metadata,heuristic,provisions_cited contains variant forms of the same provision: 'S.5' and 'Section 5',
b49624199c7e1f35c3de5f5b,low,metadata,heuristic,provisions_cited contains variant forms of the same provision: 'sections 8' and 'section 8',
b49624199c7e1f35c3de5f5b,low,metadata,heuristic,provisions_cited contains variant forms of the same provision: 'S. 11' and 'section 11',
b49624199c7e1f35c3de5f5b,low,metadata,heuristic,provisions_cited contains variant forms of the same provision: 'S. 11' and 'Section 11',
b510fd3c2c534e5fda5c514f,low,semantic_quality,heuristic,span labeled 'court_reasoning' contains counsel-submission phrasing (candidate: should possibly be 'arguments'),4. I have heard the learned counsel for the parties and have also examined the case-law submitted by the parties.
b510fd3c2c534e5fda5c514f,low,semantic_quality,heuristic,span labeled 'court_reasoning' contains counsel-submission phrasing (candidate: should possibly be 'arguments'),"6. The main issue that needs to be resolved is as to whether the petitioner is entitled to the return of gold ornaments, weighing 13 tolas, in lieu of khula granted by the learned Judge Family Court. "
b510fd3c2c534e5fda5c514f,low,metadata,heuristic,provisions_cited contains variant forms of the same provision: 'S.10' and 'section 10',
b510fd3c2c534e5fda5c514f,low,metadata,heuristic,provisions_cited contains variant forms of the same provision: 'S.14' and 'section 14',
b5809bf31af6cfde97ecb2ae,low,metadata,heuristic,provisions_cited contains variant forms of the same provision: 'S. 12' and 'section 12',
b5809bf31af6cfde97ecb2ae,low,metadata,heuristic,provisions_cited contains variant forms of the same provision: 'S. 115' and 'section 115',
b5809bf31af6cfde97ecb2ae,low,metadata,heuristic,provisions_cited contains variant forms of the same provision: 'S. 17' and 'Section 17',
b5809bf31af6cfde97ecb2ae,low,metadata,heuristic,provisions_cited contains variant forms of the same provision: 'S. 17' and 'section 17',
b5809bf31af6cfde97ecb2ae,low,metadata,heuristic,provisions_cited contains variant forms of the same provision: 'S. 14' and 'section 14',
b5a284745ec51f670ec73823,low,metadata,heuristic,provisions_cited contains variant forms of the same provision: 'S. 17A' and 'section 17A',
b5a284745ec51f670ec73823,low,metadata,heuristic,provisions_cited contains variant forms of the same provision: 'S. 17A' and 'Section 17A',
b5fd2580565e8aaf23c3e7b4,low,metadata,heuristic,provisions_cited contains variant forms of the same provision: 'S. 17' and 'section 17',
b6348aad80d5c517bfaf4df5,low,semantic_quality,heuristic,"final_order span text has no recognizable disposition wording (candidate: may be a reporter tag-line fragment, not the operative sentence)","8. In view of the above discussion, this petition is accepted and the impugned order dated 16‐10‐2000 whereby respondent No. l declined to issue certificate of Talaq to the petitioner is declared to b"
b6348aad80d5c517bfaf4df5,low,semantic_quality,heuristic,"final_order span text has no recognizable disposition wording (candidate: may be a reporter tag-line fragment, not the operative sentence)",H.B.T./A‐429/L Petition accepted
b6348aad80d5c517bfaf4df5,low,metadata,heuristic,provisions_cited contains variant forms of the same provision: 'S.7' and 'section 7',
b6365dc9f75a7f7d8de381ef,low,semantic_quality,heuristic,"final_order span text has no recognizable disposition wording (candidate: may be a reporter tag-line fragment, not the operative sentence)",18. The observations hereinabove are tentative in nature and shall not prejudice the case of the parties at the time of final adjudication of the case.
b6365dc9f75a7f7d8de381ef,low,metadata,heuristic,provisions_cited contains variant forms of the same provision: 'S.17' and 'S. 17',
b6365dc9f75a7f7d8de381ef,low,metadata,heuristic,provisions_cited contains variant forms of the same provision: 'S.17' and 'Section 17',
b6365dc9f75a7f7d8de381ef,low,metadata,heuristic,provisions_cited contains variant forms of the same provision: 'S.17' and 'section 17',
b6365dc9f75a7f7d8de381ef,low,metadata,heuristic,provisions_cited contains variant forms of the same provision: 'S.12' and 'Section 12',
b6365dc9f75a7f7d8de381ef,low,metadata,heuristic,provisions_cited contains variant forms of the same provision: 'S.12' and 'section 12',
b67e2788e745c082af9174ea,low,semantic_quality,heuristic,quoted_material span has no quotation marks or sub-item markers (candidate: possible mislabel),"Section 25. Title of guardian to custody of ward.

(1) If a ward leaves or is removed from the custody of a guardian of his person, the Court, if it is of opinion that it will be for the welfare of th"
b67e2788e745c082af9174ea,low,metadata,heuristic,provisions_cited contains variant forms of the same provision: 'S.13' and 'Section 13',
b67e2788e745c082af9174ea,low,metadata,heuristic,provisions_cited contains variant forms of the same provision: 'S. 25' and 'Section 25',
b67e2788e745c082af9174ea,low,metadata,heuristic,provisions_cited contains variant forms of the same provision: 'S. 100' and 'Section 100',
b6b747486375f71c002e3bb1,low,semantic_quality,heuristic,quoted_material span has no quotation marks or sub-item markers (candidate: possible mislabel),"17. Matters to be considered by the court in appointing guardian.---(1) In appointing or declaring the guardian of a minor, the court shall, subject to the provisions of this section, be guided by wha"
b6b747486375f71c002e3bb1,low,semantic_quality,heuristic,quoted_material span has no quotation marks or sub-item markers (candidate: possible mislabel),"It is axiomatic that in the matter of appointment of a guardian the welfare of the minor coupled with his own wish, particularly when he can make a reasonable preference on account of his age, is the "
b6b747486375f71c002e3bb1,low,semantic_quality,heuristic,quoted_material span has no quotation marks or sub-item markers (candidate: possible mislabel),"In selecting a guardian, the court is exercising parens patriae jurisdiction and is expected, nay bound, to give due weight to a child's ordinary comfort, contentment, health, education, intellectual "
b6b747486375f71c002e3bb1,low,semantic_quality,heuristic,quoted_material span has no quotation marks or sub-item markers (candidate: possible mislabel),"Meeting of the minor has been held with the respondents. Further, I have interviewed the minor. Minor is school going and happy. Minor continuously kept on saying that she wants to go with the petitio"
b6b747486375f71c002e3bb1,low,metadata,heuristic,provisions_cited contains variant forms of the same provision: 'S. 17' and 'S.17',
b6b747486375f71c002e3bb1,low,metadata,heuristic,provisions_cited contains variant forms of the same provision: 'S. 17' and 'section 17',
b6b747486375f71c002e3bb1,low,metadata,heuristic,provisions_cited contains variant forms of the same provision: 'S. 17' and 'Section 17',
b6bb29086d468a24b1654c37,low,metadata,heuristic,provisions_cited contains variant forms of the same provision: 'S.5' and 'Section 5',
b6bd03781c5be00c42eff24b,low,semantic_quality,heuristic,quoted_material span has no quotation marks or sub-item markers (candidate: possible mislabel),"4. Whereas, the petitioner-lady states that she is ready to reside with the respondent-husband at his house in a separate room provided by him but simultaneously, states that the respondent is not per"
b6bd03781c5be00c42eff24b,low,metadata,heuristic,provisions_cited contains variant forms of the same provision: 'S.17' and 'section 17',
b6bd03781c5be00c42eff24b,low,metadata,heuristic,provisions_cited contains variant forms of the same provision: 'S.17' and 'Section 17',
b6c8a30d53dd67d55629e9ac,low,metadata,heuristic,provisions_cited contains variant forms of the same provision: 'S.25' and 'section 25',
b6e0af50b8ec27c167dff79e,low,metadata,heuristic,provisions_cited contains variant forms of the same provision: 'Section 370' and 'section 370',
b6e0af50b8ec27c167dff79e,low,metadata,heuristic,provisions_cited contains variant forms of the same provision: 'Arts.10A' and 'Arts. 10A',
b6ea8bbeb20e3cc0bf69891f,low,metadata,heuristic,provisions_cited contains variant forms of the same provision: 'S.10' and 'S. 10',
b6ea8bbeb20e3cc0bf69891f,low,metadata,heuristic,provisions_cited contains variant forms of the same provision: 'S.10' and 'section 10',
b6ea8bbeb20e3cc0bf69891f,low,metadata,heuristic,provisions_cited contains variant forms of the same provision: 'S.10' and 'Section 10',
b715a794b1bb19c77e234f2e,low,metadata,heuristic,provisions_cited contains variant forms of the same provision: 'Section 10' and 'section 10',
b75cc6e59ccb7756ddbd9961,low,metadata,heuristic,provisions_cited contains variant forms of the same provision: 'S. 14' and 'Section 14',
b75cc6e59ccb7756ddbd9961,low,metadata,heuristic,provisions_cited contains variant forms of the same provision: 'S. 14' and 'section 14',
b763229a1c051c7828106fa6,low,semantic_quality,heuristic,"final_order span text has no recognizable disposition wording (candidate: may be a reporter tag-line fragment, not the operative sentence)",A . A . /P‐4/ K Petition accepted.
b763229a1c051c7828106fa6,low,metadata,heuristic,provisions_cited contains variant forms of the same provision: 'S. 13' and 'sections 13',
b763229a1c051c7828106fa6,low,metadata,heuristic,provisions_cited contains variant forms of the same provision: 'S. 13' and 'section 13',
b763229a1c051c7828106fa6,low,metadata,heuristic,provisions_cited contains variant forms of the same provision: 'S. 13' and 'S.13',
b763229a1c051c7828106fa6,low,metadata,heuristic,provisions_cited contains variant forms of the same provision: 'S. 13' and 'Ss.13',
b763229a1c051c7828106fa6,low,metadata,heuristic,provisions_cited contains variant forms of the same provision: 'S. 13' and 'Section 13',
b77d751bd598f3cd482b6388,low,semantic_quality,heuristic,span labeled 'court_reasoning' contains counsel-submission phrasing (candidate: should possibly be 'arguments'),3. The learned counsel for the petitioner contended that the only grievance that he had against the impugned judgment was that the decree had not been made conditional on payment of dower debt by resp
b780be44e7688fbedb18944a,low,metadata,heuristic,provisions_cited contains variant forms of the same provision: 'S.25' and 'S. 25',
b780be44e7688fbedb18944a,low,metadata,heuristic,"provisions_cited contains variant forms of the same provision: 'Ss.12, 25 & 47' and 'Ss. 12, 25 & 47'",
b780be44e7688fbedb18944a,low,metadata,heuristic,provisions_cited contains variant forms of the same provision: 'S.14' and 'S. 14',
b780be44e7688fbedb18944a,low,metadata,heuristic,provisions_cited contains variant forms of the same provision: 'S.25' and 'section 25',
b780be44e7688fbedb18944a,low,metadata,heuristic,provisions_cited contains variant forms of the same provision: 'S.12' and 'section 12',
b780be44e7688fbedb18944a,low,metadata,heuristic,provisions_cited contains variant forms of the same provision: 'S.14' and 'section 14',
b780be44e7688fbedb18944a,low,metadata,heuristic,provisions_cited contains variant forms of the same provision: 'S. 47' and 'section 47',
b7aeb29416dfe80ecf55586f,low,metadata,heuristic,provisions_cited contains variant forms of the same provision: 'S. 25' and 'section 25',
b7aeb29416dfe80ecf55586f,low,metadata,heuristic,provisions_cited contains variant forms of the same provision: 'S. 7' and 'section 7',
b7b00546cce89c1f8886113a,low,semantic_quality,heuristic,span labeled 'court_reasoning' contains counsel-submission phrasing (candidate: should possibly be 'arguments'),We regret to observe that present case is a classic example of carelessness of learned counsel for the petitioner. Although it is easy to say that the petitioner should suffer for the carelessness and
b7b00546cce89c1f8886113a,low,metadata,heuristic,provisions_cited contains variant forms of the same provision: 'S.14' and 'section 14',
b818af2ebac590c878979baa,low,semantic_quality,heuristic,quoted_material span has no quotation marks or sub-item markers (candidate: possible mislabel),"27. Duties of Guardian of Property: --- A guardian of the property of a ward is bound to deal therewith as carefully as a man of ordinary prudence would deal with it if it were his own and, subject to"
b82e5f9b722cef5d3d457212,low,metadata,heuristic,provisions_cited contains variant forms of the same provision: 'Art.199' and 'Art. 199',
b895f7a64c2a387f131e3b8c,low,semantic_quality,heuristic,"final_order span text has no recognizable disposition wording (candidate: may be a reporter tag-line fragment, not the operative sentence)","With the above observations, the writ petition is partly accepted."
b8e8559be4fa77d299a63d2d,low,metadata,heuristic,provisions_cited contains variant forms of the same provision: 'S. 5' and 'S.5',
b8e8559be4fa77d299a63d2d,low,metadata,heuristic,provisions_cited contains variant forms of the same provision: 'S. 5' and 'section 5',
b8fa08deed653b60b2404f6a,low,metadata,heuristic,provisions_cited contains variant forms of the same provision: 'Section 18' and 'section 18',
b924ed55c73a5acea71c8915,low,metadata,heuristic,provisions_cited contains variant forms of the same provision: 'S. 7' and 'section 7',
b924ed55c73a5acea71c8915,low,metadata,heuristic,provisions_cited contains variant forms of the same provision: 'S. 7' and 'Section 7',
b93b0978d36b6586eee3ae1a,low,metadata,heuristic,provisions_cited contains variant forms of the same provision: 'Art. 199' and 'Art.199',
b93ff1f4464a4f81b9cfbb60,low,semantic_quality,heuristic,span labeled 'procedural_history' contains counsel-submission phrasing (candidate: should possibly be 'arguments'),"4. During the course of proceedings of this petition, learned counsel for the parties arrived at the mutual consensus that:

(i) To affirm the factum of marriage and birth of Khurram Shahzad and Kania"
b93ff1f4464a4f81b9cfbb60,low,semantic_quality,heuristic,span labeled 'court_reasoning' contains counsel-submission phrasing (candidate: should possibly be 'arguments'),"8. The next question which crops up for determination is as to whether respondent No.2 entered into marital bond with petitioner or not. In her statement before the learned trial Court, she has depose"
b93ff1f4464a4f81b9cfbb60,low,metadata,heuristic,provisions_cited contains variant forms of the same provision: 'S.5' and 'section 5',
b979c772f0875576851cbf74,low,metadata,heuristic,provisions_cited contains variant forms of the same provision: 'S. 21' and 'Section 21',
b979c772f0875576851cbf74,low,metadata,heuristic,provisions_cited contains variant forms of the same provision: 'S. 9' and 'section 9',
b979c772f0875576851cbf74,low,metadata,heuristic,provisions_cited contains variant forms of the same provision: 'S. 21' and 'section 21',
b995832b9b507694413e2eb3,low,semantic_quality,heuristic,"final_order span text has no recognizable disposition wording (candidate: may be a reporter tag-line fragment, not the operative sentence)","7. For these reasons, the writ petition is accepted and it is held that the orders in question are without lawful authority and are of no legal effect. The parties are, however, left to bear their own"
b995832b9b507694413e2eb3,low,semantic_quality,heuristic,"final_order span text has no recognizable disposition wording (candidate: may be a reporter tag-line fragment, not the operative sentence)",AA./M-896/L Petition accepted
b995832b9b507694413e2eb3,low,metadata,heuristic,provisions_cited contains variant forms of the same provision: 'S.11' and 'Section 11',
b995832b9b507694413e2eb3,low,metadata,heuristic,provisions_cited contains variant forms of the same provision: 'S.11' and 'section 11',
b995832b9b507694413e2eb3,low,metadata,heuristic,provisions_cited contains variant forms of the same provision: 'S. 5' and 'section 5',
b9a31a8364442a24ba22c604,low,semantic_quality,heuristic,"final_order span text has no recognizable disposition wording (candidate: may be a reporter tag-line fragment, not the operative sentence)",Q.M.H./M.A.K./N-27/L
ba1a1469362926f9a60b6989,low,metadata,heuristic,provisions_cited contains variant forms of the same provision: 'Ss.2' and 'Section 2',
ba9d58c9f04e4f3ad5bbda2c,low,metadata,heuristic,provisions_cited contains variant forms of the same provision: 'S. 14' and 'S.14',
ba9d58c9f04e4f3ad5bbda2c,low,metadata,heuristic,provisions_cited contains variant forms of the same provision: 'S. 14' and 'section 14',
ba9d58c9f04e4f3ad5bbda2c,low,metadata,heuristic,provisions_cited contains variant forms of the same provision: 'S.18' and 'section 18',
bacb4b1c4d4c238d35ca9ee9,low,semantic_quality,heuristic,"final_order span text has no recognizable disposition wording (candidate: may be a reporter tag-line fragment, not the operative sentence)","9. The Additional Registrar of this Bench is directed to forward copies of this judgment to all the District and Sessions Judges, Additional District Judges as well as Judges of the Family Courts work"
bacb4b1c4d4c238d35ca9ee9,low,metadata,heuristic,provisions_cited contains variant forms of the same provision: 'S.10' and 'section 10',
baec3d6c28fbcee89fd876d9,low,semantic_quality,heuristic,quoted_material span has no quotation marks or sub-item markers (candidate: possible mislabel),"4. SET13.4 Recognition of overseas divorces which took place on or after 4 April 1988.

Under the Family Law Act 1986 an overseas divorce obtained by means of judicial or other proceedings is recogniz"
baec3d6c28fbcee89fd876d9,low,semantic_quality,heuristic,quoted_material span has no quotation marks or sub-item markers (candidate: possible mislabel),"16. The purpose of Arbitration Council is to hold reconciliation proceedings between the spouses and if the matter is not reconciled, the Chairman Arbitration Council has to issue certificate of effec"
baec3d6c28fbcee89fd876d9,low,metadata,heuristic,provisions_cited contains variant forms of the same provision: 'Ss.2' and 'S.2',
baec3d6c28fbcee89fd876d9,low,metadata,heuristic,provisions_cited contains variant forms of the same provision: 'S.7' and 'Section 7',
baec3d6c28fbcee89fd876d9,low,metadata,heuristic,provisions_cited contains variant forms of the same provision: 'S.7' and 'section 7',
baec3d6c28fbcee89fd876d9,low,metadata,heuristic,provisions_cited contains variant forms of the same provision: 'Ss.2' and 'section 2',
baec3d6c28fbcee89fd876d9,low,metadata,heuristic,provisions_cited contains variant forms of the same provision: 'Ss.2' and 'Section 2',
baec3d6c28fbcee89fd876d9,low,metadata,heuristic,provisions_cited contains variant forms of the same provision: 'S.8' and 'section 8',
bb68e5abfff146d48426b19d,low,semantic_quality,heuristic,"final_order span text has no recognizable disposition wording (candidate: may be a reporter tag-line fragment, not the operative sentence)",Parties to bear their own costs.
bb68e5abfff146d48426b19d,low,metadata,heuristic,provisions_cited contains variant forms of the same provision: 'S.7' and 'Section 7',
bba7d7ea31a941b4f8c68c84,low,metadata,heuristic,provisions_cited contains variant forms of the same provision: 'S.3' and 'section 3',
bbfb0b8dfd25b8c6d2f548e3,low,metadata,heuristic,provisions_cited contains variant forms of the same provision: 'S. 14' and 'S.14',
bbfb0b8dfd25b8c6d2f548e3,low,metadata,heuristic,provisions_cited contains variant forms of the same provision: 'S.83' and 'Section 83',
bbfb0b8dfd25b8c6d2f548e3,low,metadata,heuristic,provisions_cited contains variant forms of the same provision: 'Ss. 1' and 'S.1',
bbfb0b8dfd25b8c6d2f548e3,low,metadata,heuristic,provisions_cited contains variant forms of the same provision: 'S. 14' and 'section 14',
bbfb0b8dfd25b8c6d2f548e3,low,metadata,heuristic,provisions_cited contains variant forms of the same provision: 'S.10' and 'section 10',
bbfb0b8dfd25b8c6d2f548e3,low,metadata,heuristic,provisions_cited contains variant forms of the same provision: 'S.83' and 'section 83',
bbfb0b8dfd25b8c6d2f548e3,low,metadata,heuristic,provisions_cited contains variant forms of the same provision: 'S. 14' and 'Section 14',
bbfb0b8dfd25b8c6d2f548e3,low,metadata,heuristic,provisions_cited contains variant forms of the same provision: 'Ss. 1' and 'Section 1',
bbfb0b8dfd25b8c6d2f548e3,low,metadata,heuristic,provisions_cited contains variant forms of the same provision: 'Ss. 1' and 'section 1',
bc33e3ea6c76a2dcecd313b0,low,semantic_quality,heuristic,"final_order span text has no recognizable disposition wording (candidate: may be a reporter tag-line fragment, not the operative sentence)",S.A.K./M-741/L Petition accepted.
bc33e3ea6c76a2dcecd313b0,low,metadata,heuristic,provisions_cited contains variant forms of the same provision: 'S.10' and 'section 10',
bc4910aae6cfc7dc0e13cc92,low,metadata,heuristic,provisions_cited contains variant forms of the same provision: 'S.25' and 'section 25',
bc4910aae6cfc7dc0e13cc92,low,metadata,heuristic,provisions_cited contains variant forms of the same provision: 'S.12' and 'section 12',
bd109ebad9479d24428416ef,low,metadata,heuristic,provisions_cited contains variant forms of the same provision: 'S. 7' and 'section 7',
bd1fba071a7ec0398323cd65,low,metadata,heuristic,provisions_cited contains variant forms of the same provision: 'S.14' and 'section 14',
bd88ca8e9557fe77d8e046b3,low,metadata,heuristic,provisions_cited contains variant forms of the same provision: 'S.17' and 'section 17',
bd9b9c4d94df36bd250d20a0,low,semantic_quality,heuristic,"final_order span text has no recognizable disposition wording (candidate: may be a reporter tag-line fragment, not the operative sentence)","8. For these reasons, the petition is accepted and the orders of the learned Family Judge and the learned Additional District Judge ordering the C return of 6 Kanals of land by the plaintiff to the de"
bd9b9c4d94df36bd250d20a0,low,semantic_quality,heuristic,"final_order span text has no recognizable disposition wording (candidate: may be a reporter tag-line fragment, not the operative sentence)",M.B.A./H‐89/L Petition accepted
bdb9131ed93fa2622e4823f7,low,metadata,heuristic,provisions_cited contains variant forms of the same provision: 'S. 12' and 'S.12',
bdb9131ed93fa2622e4823f7,low,metadata,heuristic,provisions_cited contains variant forms of the same provision: 'S. 12' and 'section 12',
bdc838558bacf3fc54638bbf,low,metadata,heuristic,provisions_cited contains variant forms of the same provision: 'S.9' and 'Section 9',
bdc838558bacf3fc54638bbf,low,metadata,heuristic,provisions_cited contains variant forms of the same provision: 'S.9' and 'section 9',
bdc838558bacf3fc54638bbf,low,metadata,heuristic,provisions_cited contains variant forms of the same provision: 'S.5' and 'Section 5',
bdc838558bacf3fc54638bbf,low,metadata,heuristic,provisions_cited contains variant forms of the same provision: 'S.5' and 'section 5',
bdc838558bacf3fc54638bbf,low,metadata,heuristic,provisions_cited contains variant forms of the same provision: 'S.20' and 'section 20',
bddaf8dd87e02be2bb99aae6,low,metadata,heuristic,provisions_cited contains variant forms of the same provision: 'Ss. 7' and 'section 7',
bddeb5bf4231415a87d313d9,low,semantic_quality,heuristic,quoted_material span has no quotation marks or sub-item markers (candidate: possible mislabel),'Now according to subsection (4) above the decree is to be executed by the Family Court or by such other Civil Court as the District Judge may direct. Special procedure for the execution of money decr
bddeb5bf4231415a87d313d9,low,semantic_quality,heuristic,"final_order span text has no recognizable disposition wording (candidate: may be a reporter tag-line fragment, not the operative sentence)",AA./Q-76/K
bddeb5bf4231415a87d313d9,low,metadata,heuristic,provisions_cited contains variant forms of the same provision: 'S. 13' and 'S.13',
bddeb5bf4231415a87d313d9,low,metadata,heuristic,provisions_cited contains variant forms of the same provision: 'S. 13' and 'section 13',
bddeb5bf4231415a87d313d9,low,metadata,heuristic,provisions_cited contains variant forms of the same provision: 'S. 13' and 'Section 13',
bddeb5bf4231415a87d313d9,low,metadata,heuristic,provisions_cited contains variant forms of the same provision: 'Section 17' and 'section 17',
be08101ac5ce6a8c3dbbb206,low,semantic_quality,heuristic,span labeled 'court_reasoning' contains counsel-submission phrasing (candidate: should possibly be 'arguments'),"9. So far as the prayer of learned counsel for the petitioner for reduction in annual enhancement from 15% to 10% is concerned, learned counsel for the Petitioner has submitted that though the impugne"
be08101ac5ce6a8c3dbbb206,low,metadata,heuristic,provisions_cited contains variant forms of the same provision: 'S.17' and 'section 17',
be08101ac5ce6a8c3dbbb206,low,metadata,heuristic,provisions_cited contains variant forms of the same provision: 'Art. 199' and 'Art.199',
be5260f3c988921949e0728c,low,metadata,heuristic,provisions_cited contains variant forms of the same provision: 'S. 25' and 'Section 25',
beb865ea51f70df228adc48c,low,metadata,heuristic,provisions_cited contains variant forms of the same provision: 'S. 9' and 'S.9',
beb865ea51f70df228adc48c,low,metadata,heuristic,provisions_cited contains variant forms of the same provision: 'S. 9' and 'section 9',
bf000c26d473fcc2c531285c,low,semantic_quality,heuristic,"final_order span text has no recognizable disposition wording (candidate: may be a reporter tag-line fragment, not the operative sentence)",6. Parties are directed to appear before the learned Appellate Court on 20-11-2003.
bf1a30429326bbe2f5c12fa8,low,semantic_quality,heuristic,"final_order span text has no recognizable disposition wording (candidate: may be a reporter tag-line fragment, not the operative sentence)",AG/H-11/L Petition accepted.
bf2aa99e305d453e45cfd176,low,semantic_quality,heuristic,"final_order span text has no recognizable disposition wording (candidate: may be a reporter tag-line fragment, not the operative sentence)",A.A./1972/P Petition accepted.
bf590dfcd07c1d3aa546a1e6,low,metadata,heuristic,provisions_cited contains variant forms of the same provision: 'S.10' and 'S. 10',
bf590dfcd07c1d3aa546a1e6,low,metadata,heuristic,provisions_cited contains variant forms of the same provision: 'S.10' and 'section 10',
bf6fc289d71b5f7fc0fd1373,low,semantic_quality,heuristic,"final_order span text has no recognizable disposition wording (candidate: may be a reporter tag-line fragment, not the operative sentence)","Security Rs.2,000. The appeal will be made ready on the present record with liberty to the parties to file any further documents, if so required."
bf6fc289d71b5f7fc0fd1373,low,metadata,heuristic,provisions_cited contains variant forms of the same provision: 'S.12' and 'section 12',
bf6fc289d71b5f7fc0fd1373,low,metadata,heuristic,provisions_cited contains variant forms of the same provision: 'S.14' and 'section 14',
bf816ffba322e918c3227bb4,low,metadata,heuristic,provisions_cited contains variant forms of the same provision: 'S.6' and 'section 6',
bfd4f693f8e28ec72a11d716,low,semantic_quality,heuristic,"final_order span text has no recognizable disposition wording (candidate: may be a reporter tag-line fragment, not the operative sentence)",9. Reserved for order on 29-08-2025 and announced on this 19th day of September 2025 at Hyderabad.
bfd4f693f8e28ec72a11d716,low,metadata,heuristic,provisions_cited contains variant forms of the same provision: 'S. 4' and 'Section 4',
bfd4f693f8e28ec72a11d716,low,metadata,heuristic,provisions_cited contains variant forms of the same provision: 'S. 4' and 'S.4',
bfd4f693f8e28ec72a11d716,low,metadata,heuristic,provisions_cited contains variant forms of the same provision: 'S.42' and 'Section 42',
bfdc7900ca29ceb59619c2dc,low,semantic_quality,heuristic,"final_order span text has no recognizable disposition wording (candidate: may be a reporter tag-line fragment, not the operative sentence)",H.B.T./N-34/L Petition accepted.
bfdc7900ca29ceb59619c2dc,low,metadata,heuristic,provisions_cited contains variant forms of the same provision: 'S.14' and 'Section 14',
c044ea240ef592e7119ea1df,low,semantic_quality,heuristic,"final_order span text has no recognizable disposition wording (candidate: may be a reporter tag-line fragment, not the operative sentence)",H.B.T./N‐270/L
c044ea240ef592e7119ea1df,low,semantic_quality,heuristic,"final_order span text has no recognizable disposition wording (candidate: may be a reporter tag-line fragment, not the operative sentence)",Petition accepted.
c044ea240ef592e7119ea1df,low,metadata,heuristic,provisions_cited contains variant forms of the same provision: 'S.9' and 'S. 9',
c044ea240ef592e7119ea1df,low,metadata,heuristic,provisions_cited contains variant forms of the same provision: 'S.9' and 'section 9',
c095d18be3849d73703ad03f,low,metadata,heuristic,provisions_cited contains variant forms of the same provision: 'S. 14' and 'Section 14',
c095d18be3849d73703ad03f,low,metadata,heuristic,provisions_cited contains variant forms of the same provision: 'Art.199' and 'Art. 199',
c0b7fc87f227c14754d4dbee,low,metadata,heuristic,provisions_cited contains variant forms of the same provision: 'S.7' and 'section 7',
c0b7fc87f227c14754d4dbee,low,metadata,heuristic,provisions_cited contains variant forms of the same provision: 'S. 25' and 'section 25',
c0e9bcc1db2474205324e109,low,metadata,heuristic,provisions_cited contains variant forms of the same provision: 'S. 13' and 'section 13',
c0e9bcc1db2474205324e109,low,metadata,heuristic,provisions_cited contains variant forms of the same provision: 'S. 13' and 'Section 13',
c14407ed8d6760ea27f15fb2,low,metadata,heuristic,provisions_cited contains variant forms of the same provision: 'S. 17' and 'section 17',
c16bddea502d51b9a36ed239,low,metadata,heuristic,provisions_cited contains variant forms of the same provision: 'S. 14' and 'S.14',
c16bddea502d51b9a36ed239,low,metadata,heuristic,provisions_cited contains variant forms of the same provision: 'S. 11' and 'S.11',
c16bddea502d51b9a36ed239,low,metadata,heuristic,provisions_cited contains variant forms of the same provision: 'Ss. 2' and 'S.2',
c16bddea502d51b9a36ed239,low,metadata,heuristic,provisions_cited contains variant forms of the same provision: 'S. 14' and 'section 14',
c16bddea502d51b9a36ed239,low,metadata,heuristic,provisions_cited contains variant forms of the same provision: 'Ss. 2' and 'section 2',
c16bddea502d51b9a36ed239,low,metadata,heuristic,provisions_cited contains variant forms of the same provision: 'S.5' and 'section 5',
c16bddea502d51b9a36ed239,low,metadata,heuristic,provisions_cited contains variant forms of the same provision: 'S. 11' and 'section 11',
c1f6fc3b372b29945d4b2ca9,low,metadata,heuristic,provisions_cited contains variant forms of the same provision: 'S. 5' and 'S.5',
c224e0e2201f348162151ba1,low,metadata,heuristic,provisions_cited contains variant forms of the same provision: 'S. 25' and 'section 25',
c2639e21bb5b4b0fdc8735a5,low,semantic_quality,heuristic,"final_order span text has no recognizable disposition wording (candidate: may be a reporter tag-line fragment, not the operative sentence)","However, before parting with this decision, it is observed that in case an appeal is filed by the petitioner, the appellate court while considering question of delay in filing appeal, shall also take "
c2639e21bb5b4b0fdc8735a5,low,metadata,heuristic,provisions_cited contains variant forms of the same provision: 'S.14' and 'S. 14',
c2639e21bb5b4b0fdc8735a5,low,metadata,heuristic,provisions_cited contains variant forms of the same provision: 'S.21' and 'section 21',
c2639e21bb5b4b0fdc8735a5,low,metadata,heuristic,provisions_cited contains variant forms of the same provision: 'S.21' and 'Section 21',
c2639e21bb5b4b0fdc8735a5,low,metadata,heuristic,provisions_cited contains variant forms of the same provision: 'S.14' and 'Section 14',
c2639e21bb5b4b0fdc8735a5,low,metadata,heuristic,provisions_cited contains variant forms of the same provision: 'S.14' and 'section 14',
c27b22fdd80624b573f0a285,low,metadata,heuristic,provisions_cited contains variant forms of the same provision: 'S. 25' and 'Section 25',
c27b22fdd80624b573f0a285,low,metadata,heuristic,provisions_cited contains variant forms of the same provision: 'Ss. 17 and 25' and 'Sections 17 and 25',
c29cc26a2985d24d9bd28f01,low,semantic_quality,heuristic,"final_order span text has no recognizable disposition wording (candidate: may be a reporter tag-line fragment, not the operative sentence)",H.B.T./96/P
c303283c9d19d50d623760de,low,metadata,heuristic,provisions_cited contains variant forms of the same provision: 'S. 25' and 'S.25',
c303283c9d19d50d623760de,low,metadata,heuristic,provisions_cited contains variant forms of the same provision: 'S.491' and 'section 491',
c303283c9d19d50d623760de,low,metadata,heuristic,provisions_cited contains variant forms of the same provision: 'S. 25' and 'Section 25',
c303283c9d19d50d623760de,low,metadata,heuristic,provisions_cited contains variant forms of the same provision: 'S. 25' and 'section 25',
c3144c83abc26ea742a1f816,low,metadata,heuristic,"provisions_cited contains variant forms of the same provision: 'Ss.10, 22 & 55' and 'Ss. 10, 22 & 55'",
c3144c83abc26ea742a1f816,low,metadata,heuristic,provisions_cited contains variant forms of the same provision: 'Section 10' and 'S. 10',
c3144c83abc26ea742a1f816,low,metadata,heuristic,provisions_cited contains variant forms of the same provision: 'Ss. 33' and 'S. 33',
c3144c83abc26ea742a1f816,low,metadata,heuristic,provisions_cited contains variant forms of the same provision: 'S. 21' and 'Section 21',
c3144c83abc26ea742a1f816,low,metadata,heuristic,provisions_cited contains variant forms of the same provision: 'Ss. 33' and 'section 33',
c3144c83abc26ea742a1f816,low,metadata,heuristic,provisions_cited contains variant forms of the same provision: 'S. 203' and 'section 203',
c3144c83abc26ea742a1f816,low,metadata,heuristic,provisions_cited contains variant forms of the same provision: 'Section 202' and 'sections 202',
c3441ea6c7302c7d22bf742c,low,metadata,heuristic,provisions_cited contains variant forms of the same provision: 'S. 10' and 'S.10',
c3441ea6c7302c7d22bf742c,low,metadata,heuristic,provisions_cited contains variant forms of the same provision: 'S. 10' and 'section 10',
c3441ea6c7302c7d22bf742c,low,metadata,heuristic,provisions_cited contains variant forms of the same provision: 'S. 10' and 'Section 10',
c3441ea6c7302c7d22bf742c,low,metadata,heuristic,provisions_cited contains variant forms of the same provision: 'S.12' and 'section 12',
c41690bafad1023457f19c20,low,semantic_quality,heuristic,"final_order span text has no recognizable disposition wording (candidate: may be a reporter tag-line fragment, not the operative sentence)",[1] 2023 SCMR 1434
c41690bafad1023457f19c20,low,metadata,heuristic,provisions_cited contains variant forms of the same provision: 'Art. 199' and 'Art.199',
c42439f6ed11c81f10936a03,low,metadata,heuristic,provisions_cited contains variant forms of the same provision: 'Ss. 7' and 'Section 7',
c474da50e65ac02986b50063,low,semantic_quality,heuristic,quoted_material span has no quotation marks or sub-item markers (candidate: possible mislabel),12. It is celebrated principle of canon of construction that any provision of the statute cannot be read in isolation. It is to be read in combine manner along with the other provision of the same sta
c474da50e65ac02986b50063,low,semantic_quality,heuristic,"final_order span text has no recognizable disposition wording (candidate: may be a reporter tag-line fragment, not the operative sentence)","1 Firdos Barkat v. Javed Khan 2012 SCR 205, Shahnaz Bibi v. Munawar Din 2005 SCR 409, Mohammad Ramzan v. Rukhsana 2006 SCR 206 and Naseem Bashir v. Abdul Jabbar 2004 MLD 510."
c474da50e65ac02986b50063,low,metadata,heuristic,provisions_cited contains variant forms of the same provision: 'S. 14' and 'S.14',
c474da50e65ac02986b50063,low,metadata,heuristic,provisions_cited contains variant forms of the same provision: 'S. 14' and 'Section 14',
c474da50e65ac02986b50063,low,metadata,heuristic,provisions_cited contains variant forms of the same provision: 'S. 14' and 'section 14',
c474da50e65ac02986b50063,low,metadata,heuristic,provisions_cited contains variant forms of the same provision: 'S.12' and 'section 12',
c4a3ef047b9d20822ef2755f,low,metadata,heuristic,provisions_cited contains variant forms of the same provision: 'Ss. 5' and 'S.5',
c4eefae8e13714d575ce0ef9,low,semantic_quality,heuristic,"final_order span text has no recognizable disposition wording (candidate: may be a reporter tag-line fragment, not the operative sentence)",.
c502b52861ec97b74667903e,low,metadata,heuristic,provisions_cited contains variant forms of the same provision: 'S.7' and 'section 7',
c502b52861ec97b74667903e,low,metadata,heuristic,provisions_cited contains variant forms of the same provision: 'S.7' and 'Section 7',
c502b52861ec97b74667903e,low,metadata,heuristic,provisions_cited contains variant forms of the same provision: 'section 9' and 'Section 9',
c5053208d7c07c55e42a4e62,low,semantic_quality,heuristic,"final_order span text has no recognizable disposition wording (candidate: may be a reporter tag-line fragment, not the operative sentence)",A . A .
c511ca908bf503587e8bbe38,low,metadata,heuristic,provisions_cited contains variant forms of the same provision: 'S. 17' and 'Section 17',
c53c690dbafc97283227e73b,low,metadata,heuristic,provisions_cited contains variant forms of the same provision: 'Ss. 17' and 'S.17',
c53c690dbafc97283227e73b,low,metadata,heuristic,provisions_cited contains variant forms of the same provision: 'S. 2' and 'S.2',
c53c690dbafc97283227e73b,low,metadata,heuristic,provisions_cited contains variant forms of the same provision: 'Ss. 17' and 'section 17',
c53c690dbafc97283227e73b,low,metadata,heuristic,provisions_cited contains variant forms of the same provision: 'Ss. 17' and 'Section 17',
c53c690dbafc97283227e73b,low,metadata,heuristic,provisions_cited contains variant forms of the same provision: 'S. 2' and 'section 2',
c5ca5685b5fefd3afffbbec1,low,metadata,heuristic,provisions_cited contains variant forms of the same provision: 'S. 17' and 'section 17',
c5ca5685b5fefd3afffbbec1,low,metadata,heuristic,provisions_cited contains variant forms of the same provision: 'S. 17' and 'Section 17',
c67ad5d07dabb6d156547f02,low,metadata,heuristic,provisions_cited contains variant forms of the same provision: 'S. 5' and 'section 5',
c68c3d37683e51e9a1de9b42,low,semantic_quality,heuristic,"final_order span text has no recognizable disposition wording (candidate: may be a reporter tag-line fragment, not the operative sentence)","6. The parties are directed to appear before the learned Distt. Judge, Khanewal on 30.6.2019 who may decide the appeals himself or entrust the same to some other court of competent jurisdiction for de"
c68c3d37683e51e9a1de9b42,low,metadata,heuristic,provisions_cited contains variant forms of the same provision: 'Section 14' and 'section 14',
c6a7047398e864a2eb009121,low,semantic_quality,heuristic,"final_order span text has no recognizable disposition wording (candidate: may be a reporter tag-line fragment, not the operative sentence)",H.B.T./R-160/L?????????????????????????????????????????????????????????????????????????????????? Petition accepted.
c6c96c34f36ace3be0b21b9f,low,semantic_quality,heuristic,"final_order span text has no recognizable disposition wording (candidate: may be a reporter tag-line fragment, not the operative sentence)","9. For the foregoing reasons, I direct the respondent to restore Mst. Farrah Akbar to the petitioner. The respondent, if so advised, can move the competent Court for appointment of guardianship of the"
c6c96c34f36ace3be0b21b9f,low,metadata,heuristic,provisions_cited contains variant forms of the same provision: 'S. 491' and 'section 491',
c6c96c34f36ace3be0b21b9f,low,metadata,heuristic,provisions_cited contains variant forms of the same provision: 'S. 353' and 'section 353',
c6c96c34f36ace3be0b21b9f,low,metadata,heuristic,provisions_cited contains variant forms of the same provision: 'S. 5' and 'section 5',
c6e2abf792e060900cda7907,low,semantic_quality,heuristic,quoted_material span has no quotation marks or sub-item markers (candidate: possible mislabel),Family litigation directly or indirectly causes long term effects on the emotional health of parties especially the children who become a silent victim of differences and disputes between contesting a
c6e2abf792e060900cda7907,low,semantic_quality,heuristic,quoted_material span has no quotation marks or sub-item markers (candidate: possible mislabel),"The object of West Pakistan Family Courts Act, 1964 is to shorten the agony of litigant parties and to provide them justice as early as possible."
c6e2abf792e060900cda7907,low,semantic_quality,heuristic,quoted_material span has no quotation marks or sub-item markers (candidate: possible mislabel),"A decree for maintenance passed against the father of a child cannot be executed against the grandfather, and the child has to institute a suit for maintenance against his grandfather, in case no prop"
c6e2abf792e060900cda7907,low,semantic_quality,heuristic,quoted_material span has no quotation marks or sub-item markers (candidate: possible mislabel),"wherever there is a procedural convenience, subject to the command of the statute, it must be resolved in favor of the women and children."
c6e2abf792e060900cda7907,low,metadata,heuristic,provisions_cited contains variant forms of the same provision: 'S.14' and 'Section 14',
c6f85b40caa087c3867cf68d,low,metadata,heuristic,provisions_cited contains variant forms of the same provision: 'S. 10' and 'Section 10',
c6f85b40caa087c3867cf68d,low,metadata,heuristic,provisions_cited contains variant forms of the same provision: 'Ss. 2' and 'Section 2',
c6f85b40caa087c3867cf68d,low,metadata,heuristic,provisions_cited contains variant forms of the same provision: 'S. 10' and 'section 10',
c70c56df9512573299e8f0fc,low,semantic_quality,heuristic,"final_order span text has no recognizable disposition wording (candidate: may be a reporter tag-line fragment, not the operative sentence)",H.B.T./N‐33/L
c716fbce9821d71c49533a1c,low,semantic_quality,heuristic,"final_order span text has no recognizable disposition wording (candidate: may be a reporter tag-line fragment, not the operative sentence)","11. The petitioners may, however, approach the appropriate appellate forum under West Pakistan Family Courts Act, 1964 for redress of their grievance. The learned Appellate Court if approached shall c"
c716fbce9821d71c49533a1c,low,metadata,heuristic,provisions_cited contains variant forms of the same provision: 'S.14' and 'section 14',
c75555ce374141122f2582c1,low,semantic_quality,heuristic,"final_order span text has no recognizable disposition wording (candidate: may be a reporter tag-line fragment, not the operative sentence)",3. To come up along with main petition.
c75555ce374141122f2582c1,low,metadata,heuristic,provisions_cited contains variant forms of the same provision: 'Section 14' and 'section 14',
c78526c489d873ca529ee42b,low,semantic_quality,heuristic,"final_order span text has no recognizable disposition wording (candidate: may be a reporter tag-line fragment, not the operative sentence)",H.B.T./R-2/L Petition accepted.
c7e6e039858f3ce0a8abb581,low,semantic_quality,heuristic,"final_order span text has no recognizable disposition wording (candidate: may be a reporter tag-line fragment, not the operative sentence)",A. A./K‐1/K ?????????????????????????????????????????????????????????????????????????????????????? Petition accepted.
c81c00149e56e30fb4a9d10f,low,semantic_quality,heuristic,"final_order span text has no recognizable disposition wording (candidate: may be a reporter tag-line fragment, not the operative sentence)",Above are the reasons of my short order.
c85b6133365090a807617c40,low,metadata,heuristic,provisions_cited contains variant forms of the same provision: 'S. 2' and 'section 2',
c883689576ecd494c655dbd5,low,semantic_quality,heuristic,"final_order span text has no recognizable disposition wording (candidate: may be a reporter tag-line fragment, not the operative sentence)",S.A.K./M-528/L Petition accepted.
c8906afbb0b56ffc1318b5df,low,metadata,heuristic,provisions_cited contains variant forms of the same provision: 'S. 25' and 'section 25',
c8abb716119e7e6bb95efc44,low,semantic_quality,heuristic,quoted_material span has no quotation marks or sub-item markers (candidate: possible mislabel),"1. The plaintiff No.1 shall be entitled to maintenance allowance of Rs.5000/- per month from the date of institution of suit till the period of Idat.

2. The plaintiffs Nos. 2 and 3 shall be entitled "
c8abb716119e7e6bb95efc44,low,semantic_quality,heuristic,span labeled 'court_reasoning' contains counsel-submission phrasing (candidate: should possibly be 'arguments'),"9. Insofar as the Petitioner's request is concerned that the Respondent No.1 may be directed to appear in person before this Court, it is observed that the same will not serve any fruitful purpose as "
c8abb716119e7e6bb95efc44,low,metadata,heuristic,provisions_cited contains variant forms of the same provision: 'S. 5' and 'Ss. 5',
c8abb716119e7e6bb95efc44,low,metadata,heuristic,provisions_cited contains variant forms of the same provision: 'S. 2' and 'Section 2',
c8dd6b6303d5b9a72f39663c,low,metadata,heuristic,provisions_cited contains variant forms of the same provision: 'S. 10' and 'S.10',
c8dd6b6303d5b9a72f39663c,low,metadata,heuristic,provisions_cited contains variant forms of the same provision: 'S.17' and 'section 17',
c8dd6b6303d5b9a72f39663c,low,metadata,heuristic,provisions_cited contains variant forms of the same provision: 'S.24' and 'section 24',
c8dd6b6303d5b9a72f39663c,low,metadata,heuristic,provisions_cited contains variant forms of the same provision: 'S. 10' and 'section 10',
c8dd6b6303d5b9a72f39663c,low,metadata,heuristic,provisions_cited contains variant forms of the same provision: 'Art.199' and 'Art. 199',
c927036e2cfb8d0be8d42b74,low,metadata,heuristic,provisions_cited contains variant forms of the same provision: 'S. 12' and 'section 12',
c94f383f13fd3a59817d11f7,low,metadata,heuristic,provisions_cited contains variant forms of the same provision: 'S. 14' and 'Section 14',
c94f383f13fd3a59817d11f7,low,metadata,heuristic,provisions_cited contains variant forms of the same provision: 'S. 2' and 'Section 2',
c9e63146079eebe00e470024,low,metadata,heuristic,provisions_cited contains variant forms of the same provision: 'sections 107' and 'section 107',
c9ecc8f245ef961725449102,low,metadata,heuristic,provisions_cited contains variant forms of the same provision: 'S. 491' and 'S.491',
c9ecc8f245ef961725449102,low,metadata,heuristic,provisions_cited contains variant forms of the same provision: 'S. 491' and 'section 491',
c9ecc8f245ef961725449102,low,metadata,heuristic,provisions_cited contains variant forms of the same provision: 'S. 491' and 'Section 491',
c9ecc8f245ef961725449102,low,metadata,heuristic,provisions_cited contains variant forms of the same provision: 'S. 491' and 'SECTION 491',
c9f9afd7f395a8b313d539de,low,metadata,heuristic,provisions_cited contains variant forms of the same provision: 'S. 25' and 'section 25',
c9f9afd7f395a8b313d539de,low,metadata,heuristic,provisions_cited contains variant forms of the same provision: 'S. 24' and 'section 24',
c9f9afd7f395a8b313d539de,low,metadata,heuristic,provisions_cited contains variant forms of the same provision: 'S. 25' and 'Section 25',
ca315b615931785e176c3a60,low,metadata,heuristic,provisions_cited contains variant forms of the same provision: 'S. 17' and 'Section 17',
ca315b615931785e176c3a60,low,metadata,heuristic,provisions_cited contains variant forms of the same provision: 'S. 17' and 'section 17',
ca3c8a6833fc1e7061b089c4,low,semantic_quality,heuristic,"final_order span text has no recognizable disposition wording (candidate: may be a reporter tag-line fragment, not the operative sentence)","9. Before parting with the matter I would advert to the provisions of the Family Courts Act, 1964 which is a special law enacted to provide facility to the litigants in family matters. In the proviso "
ca3c8a6833fc1e7061b089c4,low,metadata,heuristic,provisions_cited contains variant forms of the same provision: 'S. 7' and 'section 7',
ca3c8a6833fc1e7061b089c4,low,metadata,heuristic,provisions_cited contains variant forms of the same provision: 'Art.199' and 'Art. 199',
ca72d7e05f69c0aace3fae18,low,metadata,heuristic,provisions_cited contains variant forms of the same provision: 'S. 12' and 'section 12',
ca72d7e05f69c0aace3fae18,low,metadata,heuristic,provisions_cited contains variant forms of the same provision: 'S. 17' and 'section 17',
ca7cb749fd6a05f5bc80a357,low,semantic_quality,heuristic,"final_order span text has no recognizable disposition wording (candidate: may be a reporter tag-line fragment, not the operative sentence)",Q.M.H./M.A.K./T‐M‐63/L
caa73babf7ec62ba0d8a67bf,low,metadata,heuristic,provisions_cited contains variant forms of the same provision: 'Section 10' and 'section 10',
cb26646bfaf26a111e1625b0,low,semantic_quality,heuristic,quoted_material span has no quotation marks or sub-item markers (candidate: possible mislabel),"1. Dissolution of marriage [including Khula].

2. Dower.

3. Maintenance.

4. Restitution of conjugal rights.

5. Custody of children [and the visitation rights of parents to meet them]

6. Guardiansh"
cb26646bfaf26a111e1625b0,low,metadata,heuristic,provisions_cited contains variant forms of the same provision: 'S.5' and 'Section 5',
cbcb95be769d4fc8467889c5,low,metadata,heuristic,provisions_cited contains variant forms of the same provision: 'S. 7' and 'S.7',
cbcb95be769d4fc8467889c5,low,metadata,heuristic,provisions_cited contains variant forms of the same provision: 'S. 5' and 'S.5',
cbcb95be769d4fc8467889c5,low,metadata,heuristic,provisions_cited contains variant forms of the same provision: 'S. 25' and 'S.25',
cbcb95be769d4fc8467889c5,low,metadata,heuristic,provisions_cited contains variant forms of the same provision: 'S.9' and 'Ss. 9',
cbcb95be769d4fc8467889c5,low,metadata,heuristic,provisions_cited contains variant forms of the same provision: 'S. 7' and 'section 7',
cbcb95be769d4fc8467889c5,low,metadata,heuristic,provisions_cited contains variant forms of the same provision: 'S.9' and 'section 9',
cbcb95be769d4fc8467889c5,low,metadata,heuristic,provisions_cited contains variant forms of the same provision: 'S. 7' and 'Section 7',
cbcb95be769d4fc8467889c5,low,metadata,heuristic,provisions_cited contains variant forms of the same provision: 'S. 5' and 'section 5',
cbcb95be769d4fc8467889c5,low,metadata,heuristic,provisions_cited contains variant forms of the same provision: 'S. 25' and 'Section 25',
cbcb95be769d4fc8467889c5,low,metadata,heuristic,provisions_cited contains variant forms of the same provision: 'S. 25' and 'section 25',
cbcb95be769d4fc8467889c5,low,metadata,heuristic,provisions_cited contains variant forms of the same provision: 'Section 488' and 'section 488',
cbcb95be769d4fc8467889c5,low,metadata,heuristic,provisions_cited contains variant forms of the same provision: 'S. 5' and 'Section 5',
cbcb95be769d4fc8467889c5,low,metadata,heuristic,provisions_cited contains variant forms of the same provision: 'Section 1' and 'section 1',
cbfc274e78ca936f3087ff86,low,metadata,heuristic,provisions_cited contains variant forms of the same provision: 'S. 25' and 'section 25',
cbfe948b5953e48a943ebc1d,low,semantic_quality,heuristic,quoted_material span has no quotation marks or sub-item markers (candidate: possible mislabel),"'Therefore, this Court inclined to close the right of the defendant'"
cbfe948b5953e48a943ebc1d,low,metadata,heuristic,provisions_cited contains variant forms of the same provision: 'S.11' and 'section 11',
cc1bd035dd50e2487195c378,low,metadata,heuristic,provisions_cited contains variant forms of the same provision: 'S. 2' and 'Ss. 2',
cc55576347ac9daa42e0abda,low,semantic_quality,heuristic,quoted_material span has no quotation marks or sub-item markers (candidate: possible mislabel),"1. Minor was in very good health and quite happy and calm in the lap of paternal grandmother. Showing to be quite acquainted with his grandmother.

2. Paternal grandmother was also in good health and "
cc8f1e813ed62693a4798e77,low,metadata,heuristic,provisions_cited contains variant forms of the same provision: 'S. 14' and 'S.14',
cc8f1e813ed62693a4798e77,low,metadata,heuristic,provisions_cited contains variant forms of the same provision: 'S. 5' and 'S.5',
cc8f1e813ed62693a4798e77,low,metadata,heuristic,provisions_cited contains variant forms of the same provision: 'S. 5' and 'Section 5',
cc8f1e813ed62693a4798e77,low,metadata,heuristic,provisions_cited contains variant forms of the same provision: 'S. 14' and 'Section 14',
cc8f1e813ed62693a4798e77,low,metadata,heuristic,provisions_cited contains variant forms of the same provision: 'S. 25' and 'Section 25',
cc8f1e813ed62693a4798e77,low,metadata,heuristic,provisions_cited contains variant forms of the same provision: 'Section 29' and 'section 29',
cc8f1e813ed62693a4798e77,low,metadata,heuristic,provisions_cited contains variant forms of the same provision: 'S. 5' and 'section 5',
cc8f1e813ed62693a4798e77,low,metadata,heuristic,provisions_cited contains variant forms of the same provision: 'section 22' and 'section. 22',
cc8f1e813ed62693a4798e77,low,metadata,heuristic,provisions_cited contains variant forms of the same provision: 'S. 14' and 'section 14',
ccbd300334aa9b1b095625f4,low,metadata,heuristic,provisions_cited contains variant forms of the same provision: 'S.10' and 'S. 10',
ccbd300334aa9b1b095625f4,low,metadata,heuristic,provisions_cited contains variant forms of the same provision: 'S.10' and 'section 10',
ccbd300334aa9b1b095625f4,low,metadata,heuristic,provisions_cited contains variant forms of the same provision: 'S.10' and 'Section 10',
cd2499685f7d746a85be9db5,low,metadata,heuristic,provisions_cited contains variant forms of the same provision: 'S. 17' and 'section 17',
cd2519b4237d49cc8c7f9bb8,low,metadata,heuristic,provisions_cited contains variant forms of the same provision: 'S. 17' and 'S.17',
cd2519b4237d49cc8c7f9bb8,low,metadata,heuristic,provisions_cited contains variant forms of the same provision: 'S. 17' and 'section 17',
cd58baf42cf11356f9504781,low,semantic_quality,heuristic,span labeled 'court_reasoning' contains counsel-submission phrasing (candidate: should possibly be 'arguments'),6. The quantum of maintenance allowance is no doubt always to be determined by keeping in view the requirements of the claimant in contradistinction with the resources of the respondent (father in thi
cd58baf42cf11356f9504781,low,metadata,heuristic,provisions_cited contains variant forms of the same provision: 'S. 5' and 'S.5',
cd58baf42cf11356f9504781,low,metadata,heuristic,provisions_cited contains variant forms of the same provision: 'Art.199' and 'Art. 199',
cd5bce9d230f239e07bb0415,low,metadata,heuristic,provisions_cited contains variant forms of the same provision: 'S.10' and 'section 10',
cd5bce9d230f239e07bb0415,low,metadata,heuristic,provisions_cited contains variant forms of the same provision: 'S.10' and 'Section 10',
cdf4fe8858c0413fe2ac5bdc,low,semantic_quality,heuristic,"final_order span text has no recognizable disposition wording (candidate: may be a reporter tag-line fragment, not the operative sentence)",22. During perusal of record it has been observed that Copy of Divorce Deed annexed with C.M. No. 2992/2015 has been signed by executants on 25.11.2014 while the same has been notarized at Islamabad p
ce4fcc32ec21c58b8bc931a4,low,semantic_quality,heuristic,span labeled 'court_reasoning' contains counsel-submission phrasing (candidate: should possibly be 'arguments'),"5. The primary issue involved in the case is that if the impugned judgments, being based on the verdict given by the referee, can be sustained by reference to Article 33 of the Qanun-e-Shahadat, 1984,"
ce4fcc32ec21c58b8bc931a4,low,metadata,heuristic,provisions_cited contains variant forms of the same provision: 'S.17' and 'S. 17',
ce4fcc32ec21c58b8bc931a4,low,metadata,heuristic,provisions_cited contains variant forms of the same provision: 'S.17' and 'section 17',
ce4fcc32ec21c58b8bc931a4,low,metadata,heuristic,provisions_cited contains variant forms of the same provision: 'S. 5' and 'section 5',
ce925560561997e60ade4339,low,semantic_quality,heuristic,"final_order span text has no recognizable disposition wording (candidate: may be a reporter tag-line fragment, not the operative sentence)","8. For the reasons noted above, instant petition is accepted and the impugned orders dated 2-10-2002 and c 31-8-2005 passed by respondents Nos.2 and 3 are declared to be illegal/non-existent, with no "
ce925560561997e60ade4339,low,semantic_quality,heuristic,"final_order span text has no recognizable disposition wording (candidate: may be a reporter tag-line fragment, not the operative sentence)",S.A.K./T-12/L???????????????????????????????????????????????????????????????????????????????????? Petition accepted.
ce925560561997e60ade4339,low,metadata,heuristic,provisions_cited contains variant forms of the same provision: 'S.9' and 'section 9',
ce9fb3cd2aa3f21ba75fc05a,low,metadata,heuristic,provisions_cited contains variant forms of the same provision: 'Art. 199' and 'Art.199',
cebae8ac3313ae97cfb75506,low,metadata,heuristic,provisions_cited contains variant forms of the same provision: 'S.19' and 'section 19',
cebae8ac3313ae97cfb75506,low,metadata,heuristic,provisions_cited contains variant forms of the same provision: 'S.7' and 'section 7',
cef7d854c1ab604ed8fd1aea,low,metadata,heuristic,provisions_cited contains variant forms of the same provision: 'S.9' and 'S. 9',
cef7d854c1ab604ed8fd1aea,low,metadata,heuristic,provisions_cited contains variant forms of the same provision: 'S.9' and 'Section 9',
cf6b8c440ad6a243af18106c,low,metadata,heuristic,provisions_cited contains variant forms of the same provision: 'S. 14' and 'section 14',
cf72ff3b4409067fcd7b948f,low,metadata,heuristic,provisions_cited contains variant forms of the same provision: 'S.488' and 'section 488',
cf8808196785aea44bb12602,low,metadata,heuristic,provisions_cited contains variant forms of the same provision: 'S. 25' and 'section 25',
cf953036141d054e5a26e881,low,semantic_quality,heuristic,"final_order span text has no recognizable disposition wording (candidate: may be a reporter tag-line fragment, not the operative sentence)",Q.M.H./M.A.K./M‐1541/L
cf953036141d054e5a26e881,low,metadata,heuristic,provisions_cited contains variant forms of the same provision: 'S.2' and 'Ss. 2',
cf953036141d054e5a26e881,low,metadata,heuristic,provisions_cited contains variant forms of the same provision: 'S.2' and 'section 2',
cfa7b0785d2a1f68d6e9d062,low,semantic_quality,heuristic,"final_order span text has no recognizable disposition wording (candidate: may be a reporter tag-line fragment, not the operative sentence)","20. This Court, in the judgment reported as 'Major (Retd.) Ahmed Nadeem Sadal and 3 others v. Federation of Pakistan through Secretary Sports, Islamabad and 3 others' [2015 CLC (Islamabad) 34], has hi"
cfa7b0785d2a1f68d6e9d062,low,metadata,heuristic,provisions_cited contains variant forms of the same provision: 'section 10' and 'Section 10',
cfa7b0785d2a1f68d6e9d062,low,metadata,heuristic,provisions_cited contains variant forms of the same provision: 'Section 9' and 'section 9',
cfa7b0785d2a1f68d6e9d062,low,metadata,heuristic,provisions_cited contains variant forms of the same provision: 'section 18' and 'Section 18',
d00130e6bde0e7c3dc391b97,low,metadata,heuristic,provisions_cited contains variant forms of the same provision: 'S.7' and 'S. 7',
d00130e6bde0e7c3dc391b97,low,metadata,heuristic,provisions_cited contains variant forms of the same provision: 'section 1' and 'Section 1',
d00130e6bde0e7c3dc391b97,low,metadata,heuristic,provisions_cited contains variant forms of the same provision: 'S. 13' and 'section 13',
d00130e6bde0e7c3dc391b97,low,metadata,heuristic,provisions_cited contains variant forms of the same provision: 'S.7' and 'section 7',
d00130e6bde0e7c3dc391b97,low,metadata,heuristic,provisions_cited contains variant forms of the same provision: 'S.7' and 'Section 7',
d020a081decdd6e0f760d3a7,low,semantic_quality,heuristic,quoted_material span has no quotation marks or sub-item markers (candidate: possible mislabel),14. In the first case P L D 1982 Kar. 449 it has been held that the High Court does not act as a Court of facts and cannot take upon itself the duties of Family Court.
d05c624b48bcb2cf6e606247,low,metadata,heuristic,provisions_cited contains variant forms of the same provision: 'S.14' and 'Section 14',
d06f038359734abb5fbccaa3,low,metadata,heuristic,provisions_cited contains variant forms of the same provision: 'S.11' and 'section 11',
d11c6f84609e4c55bf65a870,low,metadata,heuristic,provisions_cited contains variant forms of the same provision: 'S. 14' and 'S.14',
d11c6f84609e4c55bf65a870,low,metadata,heuristic,provisions_cited contains variant forms of the same provision: 'S. 12' and 'Section 12',
d11c6f84609e4c55bf65a870,low,metadata,heuristic,provisions_cited contains variant forms of the same provision: 'S. 12' and 'section 12',
d11c6f84609e4c55bf65a870,low,metadata,heuristic,provisions_cited contains variant forms of the same provision: 'S. 14' and 'Section 14',
d11c6f84609e4c55bf65a870,low,metadata,heuristic,provisions_cited contains variant forms of the same provision: 'S. 14' and 'section 14',
d11c6f84609e4c55bf65a870,low,metadata,heuristic,provisions_cited contains variant forms of the same provision: 'S. 47' and 'section 47',
d11c6f84609e4c55bf65a870,low,metadata,heuristic,provisions_cited contains variant forms of the same provision: 'S. 47' and 'Section 47',
d131ef85a3841db14a65782f,low,semantic_quality,heuristic,"final_order span text has no recognizable disposition wording (candidate: may be a reporter tag-line fragment, not the operative sentence)","16. The Registrar of this Court is directed to place this judgment before the Hon'ble Chief Justice with a view to add suitable entry against column No.3 of the Schedule provided in Family Courts Act,"
d131ef85a3841db14a65782f,low,metadata,heuristic,provisions_cited contains variant forms of the same provision: 'S. 5' and 'S.5',
d131ef85a3841db14a65782f,low,metadata,heuristic,provisions_cited contains variant forms of the same provision: 'S. 5' and 'Section 5',
d131ef85a3841db14a65782f,low,metadata,heuristic,provisions_cited contains variant forms of the same provision: 'S. 5' and 'section 5',
d13de33a5929cf553c7359df,low,metadata,heuristic,provisions_cited contains variant forms of the same provision: 'S. 10' and 'section 10',
d195ac9d61a20a4a905f3d6f,low,semantic_quality,heuristic,quoted_material span has no quotation marks or sub-item markers (candidate: possible mislabel),"13. In order to appreciate that whether the said provision draws such a presumption, for benefit it is reproduced as under:-

28. Sunni sub-sect.-The Sunnis are divided into four sub-sects, namely, th"
d21224823dfa7bea92a4c9fa,low,metadata,heuristic,provisions_cited contains variant forms of the same provision: 'Ss. 17' and 'S. 17',
d21224823dfa7bea92a4c9fa,low,metadata,heuristic,provisions_cited contains variant forms of the same provision: 'Ss. 17' and 'S.17',
d21224823dfa7bea92a4c9fa,low,metadata,heuristic,provisions_cited contains variant forms of the same provision: 'Ss. 17' and 'Section 17',
d21224823dfa7bea92a4c9fa,low,metadata,heuristic,provisions_cited contains variant forms of the same provision: 'Ss. 17' and 'section 17',
d286b9e0afb6b5b244de041b,low,metadata,heuristic,provisions_cited contains variant forms of the same provision: 'S. 10' and 'Section 10',
d286b9e0afb6b5b244de041b,low,metadata,heuristic,provisions_cited contains variant forms of the same provision: 'S. 10' and 'section 10',
d29a7d9f41d2b20c8e1f267a,low,metadata,heuristic,provisions_cited contains variant forms of the same provision: 'S. 5' and 'Ss. 5',
d29a7d9f41d2b20c8e1f267a,low,metadata,heuristic,provisions_cited contains variant forms of the same provision: 'S. 7' and 'section 7',
d29a7d9f41d2b20c8e1f267a,low,metadata,heuristic,provisions_cited contains variant forms of the same provision: 'S. 5' and 'section 5',
d29a7d9f41d2b20c8e1f267a,low,metadata,heuristic,provisions_cited contains variant forms of the same provision: 'S. 14' and 'section 14',
d29a7d9f41d2b20c8e1f267a,low,metadata,heuristic,provisions_cited contains variant forms of the same provision: 'Art. 199' and 'Art.199',
d2f32e70dbe012ee022090cd,low,semantic_quality,heuristic,"final_order span text has no recognizable disposition wording (candidate: may be a reporter tag-line fragment, not the operative sentence)","Though the genuineness of Qabinnama Ex.P.3 has been disputed at the bar, however, upon our own examination, in the totality of circumstances and admitted nuptial bond between Muhammad Raheem and Mst. "
d2fe1a950d9814905c62a3ac,low,semantic_quality,heuristic,quoted_material span has no quotation marks or sub-item markers (candidate: possible mislabel),"It has further been observed in the abovementioned case law that:

The family court while passing the interim maintenance was required to give the bear minimum to the minor."
d2fe1a950d9814905c62a3ac,low,metadata,heuristic,provisions_cited contains variant forms of the same provision: 'S.17' and 'section 17',
d2fe1a950d9814905c62a3ac,low,metadata,heuristic,provisions_cited contains variant forms of the same provision: 'Section 12' and 'section 12',
d2fe1a950d9814905c62a3ac,low,metadata,heuristic,provisions_cited contains variant forms of the same provision: 'S.17' and 'Section 17',
d30634bdd354172d5526a270,low,metadata,heuristic,provisions_cited contains variant forms of the same provision: 'S. 13' and 'S.13',
d30634bdd354172d5526a270,low,metadata,heuristic,provisions_cited contains variant forms of the same provision: 'S.12' and 'section. 12',
d30634bdd354172d5526a270,low,metadata,heuristic,provisions_cited contains variant forms of the same provision: 'S. 13' and 'section 13',
d30634bdd354172d5526a270,low,metadata,heuristic,provisions_cited contains variant forms of the same provision: 'S.12' and 'section 12',
d30634bdd354172d5526a270,low,metadata,heuristic,provisions_cited contains variant forms of the same provision: 'S. 13' and 'Section 13',
d30634bdd354172d5526a270,low,metadata,heuristic,provisions_cited contains variant forms of the same provision: 'S. 17' and 'section 17',
d347ce8574fc203521b2deb4,low,semantic_quality,heuristic,span labeled 'evidence' contains counsel-submission phrasing (candidate: should possibly be 'arguments'),"7. Plaintiff has also averred in suit that at the time of marriage, she was given dowry articles valuing Rs.700,000/-, the detail of which has been given in suit. While appearing as P.W.1, she has pro"
d347ce8574fc203521b2deb4,low,metadata,heuristic,provisions_cited contains variant forms of the same provision: 'S. 17' and 'Section 17',
d3edb232195752a0d4bd557f,low,semantic_quality,heuristic,quoted_material span has no quotation marks or sub-item markers (candidate: possible mislabel),(Emphasis supplied)
d3edb232195752a0d4bd557f,low,semantic_quality,heuristic,"final_order span text has no recognizable disposition wording (candidate: may be a reporter tag-line fragment, not the operative sentence)",SA/M-79/L Order accordingl
d46645bef4a358802344ff35,low,metadata,heuristic,provisions_cited contains variant forms of the same provision: 'S. 17' and 'S.17',
d46645bef4a358802344ff35,low,metadata,heuristic,provisions_cited contains variant forms of the same provision: 'S. 17' and 'section 17',
d4d24386a479089d08bf50fb,low,metadata,heuristic,provisions_cited contains variant forms of the same provision: 'Art. 199' and 'Art.199',
d4f8f49ebeecaa22d1bce70c,low,metadata,heuristic,provisions_cited contains variant forms of the same provision: 'S.11' and 'section 11',
d4f8f49ebeecaa22d1bce70c,low,metadata,heuristic,provisions_cited contains variant forms of the same provision: 'S.7' and 'section 7',
d5221bcda5bdec94ea39353d,low,metadata,heuristic,provisions_cited contains variant forms of the same provision: 'S.5' and 'Section 5',
d5221bcda5bdec94ea39353d,low,metadata,heuristic,provisions_cited contains variant forms of the same provision: 'S.14' and 'Section 14',
d5221bcda5bdec94ea39353d,low,metadata,heuristic,provisions_cited contains variant forms of the same provision: 'S.5' and 'section 5',
d5221bcda5bdec94ea39353d,low,metadata,heuristic,provisions_cited contains variant forms of the same provision: 'S.14' and 'section 14',
d53a3c1baf742baab771b668,low,metadata,heuristic,provisions_cited contains variant forms of the same provision: 'Art. 199' and 'Art.199',
d55362ae8e4bb2e538d5198d,low,metadata,heuristic,provisions_cited contains variant forms of the same provision: 'S. 5' and 'S.5',
d55362ae8e4bb2e538d5198d,low,metadata,heuristic,provisions_cited contains variant forms of the same provision: 'S. 5' and 'Ss. 5',
d55362ae8e4bb2e538d5198d,low,metadata,heuristic,provisions_cited contains variant forms of the same provision: 'S. 5' and 'Section 5',
d55362ae8e4bb2e538d5198d,low,metadata,heuristic,provisions_cited contains variant forms of the same provision: 'S. 5' and 'section 5',
d55362ae8e4bb2e538d5198d,low,metadata,heuristic,provisions_cited contains variant forms of the same provision: 'S. 10' and 'section 10',
d55ac49cf4d26a4e5b8ed46d,low,metadata,heuristic,provisions_cited contains variant forms of the same provision: 'S.14' and 'section 14',
d55ac49cf4d26a4e5b8ed46d,low,metadata,heuristic,provisions_cited contains variant forms of the same provision: 'S.2' and 'section 2',
d55ac49cf4d26a4e5b8ed46d,low,metadata,heuristic,provisions_cited contains variant forms of the same provision: 'S.2' and 'Section 2',
d55ac49cf4d26a4e5b8ed46d,low,metadata,heuristic,provisions_cited contains variant forms of the same provision: 'S.14' and 'Section 14',
d561e4d829b4f68118ba6e4a,low,semantic_quality,heuristic,quoted_material span has no quotation marks or sub-item markers (candidate: possible mislabel),"3. . We are not convinced with such submission, as grant of requisite relief regarding payment of price of gold ornaments at the prevalent market rate, in case the golden ornaments are not returned, i"
d561e4d829b4f68118ba6e4a,low,semantic_quality,heuristic,quoted_material span has no quotation marks or sub-item markers (candidate: possible mislabel),"7. . Once a matter has been adjudicated upon on fact by the trial and the appellate courts, constitutional courts should not exceed their powers by re-evaluating the facts or substituting the appellat"
d5d142c0561c030243230bbf,low,metadata,heuristic,provisions_cited contains variant forms of the same provision: 'S.14' and 'Section 14',
d5d142c0561c030243230bbf,low,metadata,heuristic,provisions_cited contains variant forms of the same provision: 'S.14' and 'section 14',
d614d8c7456850da8a61a448,low,semantic_quality,heuristic,span labeled 'facts' contains counsel-submission phrasing (candidate: should possibly be 'arguments'),"5. A suit for dissolution of marriage has been filed by Mst. Ummara Naeem (respondent No.3), against the petitioner. The petitioner during the pendency of said suit filed a petition for summoning of p"
d614d8c7456850da8a61a448,low,semantic_quality,heuristic,span labeled 'court_reasoning' contains counsel-submission phrasing (candidate: should possibly be 'arguments'),"6. The learned counsel for the petitioner has contended that respondent No. 3/plaintiff has already appeared before the Judge Family Court, Murree, therefore, she cannot be termed as Pardahnashin lady"
d614d8c7456850da8a61a448,low,metadata,heuristic,provisions_cited contains variant forms of the same provision: 'Ss.10' and 'S. 10',
d614d8c7456850da8a61a448,low,metadata,heuristic,provisions_cited contains variant forms of the same provision: 'Ss.10' and 'S.10',
d614d8c7456850da8a61a448,low,metadata,heuristic,provisions_cited contains variant forms of the same provision: 'S. 18' and 'section 18',
d614d8c7456850da8a61a448,low,metadata,heuristic,provisions_cited contains variant forms of the same provision: 'S. 18' and 'Section 18',
d614d8c7456850da8a61a448,low,metadata,heuristic,provisions_cited contains variant forms of the same provision: 'S. 18' and 'S.18',
d614d8c7456850da8a61a448,low,metadata,heuristic,provisions_cited contains variant forms of the same provision: 'Ss.10' and 'section 10',
d614d8c7456850da8a61a448,low,metadata,heuristic,provisions_cited contains variant forms of the same provision: 'Ss.10' and 'Section 10',
d614d8c7456850da8a61a448,low,metadata,heuristic,provisions_cited contains variant forms of the same provision: 'Art. 199' and 'Art.199',
d69244dc8de3e142c0e53d02,low,metadata,heuristic,provisions_cited contains variant forms of the same provision: 'S.10' and 'section 10',
d6e31cdfe911b80f5dd23d8c,low,metadata,heuristic,provisions_cited contains variant forms of the same provision: 'S. 17' and 'section 17',
d6f5f8f971a98a73d3e3f6ab,low,semantic_quality,heuristic,quoted_material span has no quotation marks or sub-item markers (candidate: possible mislabel),The genesis of half dower before rukhsati ( ) lies in Ayat No. 237 of Sura-e-Baqara which reads as following:-
d6f5f8f971a98a73d3e3f6ab,low,metadata,heuristic,provisions_cited contains variant forms of the same provision: 'S.2' and 'section 2',
d6faa251354092ef38099401,low,metadata,heuristic,provisions_cited contains variant forms of the same provision: 'S. 10' and 'S.10',
d6faa251354092ef38099401,low,metadata,heuristic,provisions_cited contains variant forms of the same provision: 'S. 10' and 'section 10',
d6faa251354092ef38099401,low,metadata,heuristic,provisions_cited contains variant forms of the same provision: 'S.12' and 'section 12',
d70121d8e9948ffc28c9ef7e,low,semantic_quality,heuristic,"final_order span text has no recognizable disposition wording (candidate: may be a reporter tag-line fragment, not the operative sentence)",No order as to costs.
d70121d8e9948ffc28c9ef7e,low,metadata,heuristic,provisions_cited contains variant forms of the same provision: 'S. 5' and 'S.5',
d70121d8e9948ffc28c9ef7e,low,metadata,heuristic,provisions_cited contains variant forms of the same provision: 'S. 5' and 'Section 5',
d70121d8e9948ffc28c9ef7e,low,metadata,heuristic,provisions_cited contains variant forms of the same provision: 'Section 25' and 'section 25',
d7357a1f3dbd4e1bfc873ed9,low,metadata,heuristic,provisions_cited contains variant forms of the same provision: 'S. 18' and 'section 18',
d7357a1f3dbd4e1bfc873ed9,low,metadata,heuristic,provisions_cited contains variant forms of the same provision: 'S. 22' and 'section 22',
d76959ff5137764270215749,low,metadata,heuristic,provisions_cited contains variant forms of the same provision: 'S. 5' and 'S.5',
d76959ff5137764270215749,low,metadata,heuristic,provisions_cited contains variant forms of the same provision: 'S. 5' and 'section 5',
d7ab7202ddb4c4e84f06101b,low,metadata,heuristic,provisions_cited contains variant forms of the same provision: 'S. 488' and 'section 488',
d7ac269d81b06ce37b7c370f,low,metadata,heuristic,provisions_cited contains variant forms of the same provision: 'S. 25' and 'section 25',
d7ac269d81b06ce37b7c370f,low,metadata,heuristic,provisions_cited contains variant forms of the same provision: 'S.5' and 'Section 5',
d7ac269d81b06ce37b7c370f,low,metadata,heuristic,provisions_cited contains variant forms of the same provision: 'Ss. 17' and 'section 17',
d80e9f5dbc88c7b8ae344dc1,low,metadata,heuristic,provisions_cited contains variant forms of the same provision: 'Ss. 17' and 'S. 17',
d80e9f5dbc88c7b8ae344dc1,low,metadata,heuristic,provisions_cited contains variant forms of the same provision: 'Ss. 17' and 'section 17',
d8153a725612c7408f98b168,low,metadata,heuristic,provisions_cited contains variant forms of the same provision: 'S.14' and 'section 14',
d82cee1d43c504430f6a5dbf,low,semantic_quality,heuristic,"final_order span text has no recognizable disposition wording (candidate: may be a reporter tag-line fragment, not the operative sentence)","13. The appeal filed by the petitioner shall deemed to be pending before the learned District Judge, Narowal who shall either himself or through any other Additional District Judge, Shakargarh, decide"
d82cee1d43c504430f6a5dbf,low,metadata,heuristic,provisions_cited contains variant forms of the same provision: 'S. 5' and 'section 5',
d82cee1d43c504430f6a5dbf,low,metadata,heuristic,provisions_cited contains variant forms of the same provision: 'S. 5' and 'Section 5',
d82cee1d43c504430f6a5dbf,low,metadata,heuristic,provisions_cited contains variant forms of the same provision: 'Section 14' and 'section 14',
d82cee1d43c504430f6a5dbf,low,metadata,heuristic,provisions_cited contains variant forms of the same provision: 'S.10' and 'section 10',
d83817f52f98ea89a4582eae,low,semantic_quality,heuristic,span labeled 'court_reasoning' contains counsel-submission phrasing (candidate: should possibly be 'arguments'),6. I have given anxious consideration to the arguments advanced by both sides. It is settled law that when a factual controversy has been settled by the two courts below unless and until there are com
d83817f52f98ea89a4582eae,low,semantic_quality,heuristic,quoted_material span has no quotation marks or sub-item markers (candidate: possible mislabel),"---Mere facts that plaintiff did not formally prove specified documents was of no legal consequence, particularly when no objection was raised by petitioner-defendant when said documents were in evide"
d83817f52f98ea89a4582eae,low,metadata,heuristic,provisions_cited contains variant forms of the same provision: 'S. 5' and 'S.5',
d83817f52f98ea89a4582eae,low,metadata,heuristic,provisions_cited contains variant forms of the same provision: 'S.17' and 'Section 17',
d83817f52f98ea89a4582eae,low,metadata,heuristic,provisions_cited contains variant forms of the same provision: 'S.18' and 'section 18',
d83817f52f98ea89a4582eae,low,metadata,heuristic,provisions_cited contains variant forms of the same provision: 'S.17' and 'section 17',
d83b4d04d107e59c907540d9,low,metadata,heuristic,provisions_cited contains variant forms of the same provision: 'S. 5' and 'section 5',
d8522e8940bbdc74c68e4b1e,low,metadata,heuristic,provisions_cited contains variant forms of the same provision: 'Ss. 16 & 20' and 'Ss.16 & 20',
d8522e8940bbdc74c68e4b1e,low,metadata,heuristic,provisions_cited contains variant forms of the same provision: 'S. 5' and 'section 5',
d8522e8940bbdc74c68e4b1e,low,metadata,heuristic,provisions_cited contains variant forms of the same provision: 'S. 17' and 'section 17',
d9ab2c6fc7dc955bd837518e,low,metadata,heuristic,provisions_cited contains variant forms of the same provision: 'Ss. 10' and 'section 10',
d9b74795a2387ef0ca87a0af,low,semantic_quality,heuristic,"final_order span text has no recognizable disposition wording (candidate: may be a reporter tag-line fragment, not the operative sentence)","7. Before parting with this judgment I also direct the Additional Registrar (Judicial) of this Court to transmit copy of this file along with this judgment to the Director General, Directorate of Dist"
d9b74795a2387ef0ca87a0af,low,metadata,heuristic,provisions_cited contains variant forms of the same provision: 'S. 14' and 'Section 14',
d9cc477f46cd2a6f3dc6f229,low,semantic_quality,heuristic,"final_order span text has no recognizable disposition wording (candidate: may be a reporter tag-line fragment, not the operative sentence)",15. The observations made hereinabove are tentative in nature and the learned Family Court shall not be influenced with the same while deciding the main case as well as all the applications pending be
d9cc477f46cd2a6f3dc6f229,low,metadata,heuristic,provisions_cited contains variant forms of the same provision: 'S. 25' and 'section 25',
d9cc477f46cd2a6f3dc6f229,low,metadata,heuristic,provisions_cited contains variant forms of the same provision: 'S.47' and 'section 47',
d9cc477f46cd2a6f3dc6f229,low,metadata,heuristic,provisions_cited contains variant forms of the same provision: 'S.14' and 'section 14',
d9cc477f46cd2a6f3dc6f229,low,metadata,heuristic,provisions_cited contains variant forms of the same provision: 'S.14' and 'Section 14',
d9d24dd11505adace6c78a0e,low,metadata,heuristic,provisions_cited contains variant forms of the same provision: 'S. 17' and 'Section 17',
d9d24dd11505adace6c78a0e,low,metadata,heuristic,provisions_cited contains variant forms of the same provision: 'S.21' and 'section 21',
d9d24dd11505adace6c78a0e,low,metadata,heuristic,provisions_cited contains variant forms of the same provision: 'S.21' and 'Section 21',
d9d24dd11505adace6c78a0e,low,metadata,heuristic,provisions_cited contains variant forms of the same provision: 'S.14' and 'Section 14',
d9d24dd11505adace6c78a0e,low,metadata,heuristic,provisions_cited contains variant forms of the same provision: 'S.14' and 'section 14',
d9dc6694ccd3d07f12b009db,low,metadata,heuristic,provisions_cited contains variant forms of the same provision: 'Ss. 5 & 20' and 'Sections 5 & 20',
d9dc6694ccd3d07f12b009db,low,metadata,heuristic,provisions_cited contains variant forms of the same provision: 'S. 488' and 'section 488',
d9e262d6ca4e4ed879f9ea25,low,semantic_quality,heuristic,span labeled 'court_reasoning' contains counsel-submission phrasing (candidate: should possibly be 'arguments'),"A plain reading of the above quoted provisions will firstly indicate that execution of a decree, in general, is to be done by either the Family Court itself or by such other civil Court as the Distric"
d9e262d6ca4e4ed879f9ea25,low,metadata,heuristic,provisions_cited contains variant forms of the same provision: 'section 13' and 'S.13',
d9e262d6ca4e4ed879f9ea25,low,metadata,heuristic,provisions_cited contains variant forms of the same provision: 'S.17' and 'section 17',
da47ac84296791dbec99b483,low,metadata,heuristic,provisions_cited contains variant forms of the same provision: 'S.25' and 'section 25',
da5f0c93a398d470b456bf69,low,metadata,heuristic,provisions_cited contains variant forms of the same provision: 'S. 14' and 'Section 14',
dac511240975852ec04bd56c,low,metadata,heuristic,provisions_cited contains variant forms of the same provision: 'S.5' and 'section 5',
dad9ec3ff29a77fc72c14f51,low,semantic_quality,heuristic,"final_order span text has no recognizable disposition wording (candidate: may be a reporter tag-line fragment, not the operative sentence)","8. Before parting with this judgment, it is to mention here that we are shocked with sudden demeanor changes of Ms. Nazish Jehangiri (paternal aunt) / counsel on behalf of respondent No.1. She has bec"
dad9ec3ff29a77fc72c14f51,low,semantic_quality,heuristic,"final_order span text has no recognizable disposition wording (candidate: may be a reporter tag-line fragment, not the operative sentence)",SA/252/P Petition accepted.
dafa13db6897dc4f8096e85c,low,semantic_quality,heuristic,"final_order span text has no recognizable disposition wording (candidate: may be a reporter tag-line fragment, not the operative sentence)",B.T./13/SC(AJ&K) Appeal accepted.
db00f6659ca8b01c17f2481e,low,metadata,heuristic,provisions_cited contains variant forms of the same provision: 'Ss. 10' and 'S. 10',
db00f6659ca8b01c17f2481e,low,metadata,heuristic,provisions_cited contains variant forms of the same provision: 'Ss. 10' and 'Section 10',
db00f6659ca8b01c17f2481e,low,metadata,heuristic,provisions_cited contains variant forms of the same provision: 'Ss. 5' and 'Section 5',
db13cd38a5b316edc6fb63d7,low,metadata,heuristic,provisions_cited contains variant forms of the same provision: 'S. 7' and 'S.7',
db13cd38a5b316edc6fb63d7,low,metadata,heuristic,provisions_cited contains variant forms of the same provision: 'S. 7' and 'section 7',
db3b9f946a777e85c8091bf3,low,metadata,heuristic,provisions_cited contains variant forms of the same provision: 'S. 14' and 'S.14',
db3b9f946a777e85c8091bf3,low,metadata,heuristic,provisions_cited contains variant forms of the same provision: 'S. 14' and 'section 14',
db3b9f946a777e85c8091bf3,low,metadata,heuristic,provisions_cited contains variant forms of the same provision: 'S. 14' and 'Section 14',
db8681969e914d727fc4bca8,low,metadata,heuristic,provisions_cited contains variant forms of the same provision: 'Section 17' and 'section 17',
db9a1404398200ec7f004d73,low,metadata,heuristic,provisions_cited contains variant forms of the same provision: 'S. 8' and 'S.8',
db9a1404398200ec7f004d73,low,metadata,heuristic,provisions_cited contains variant forms of the same provision: 'S.488' and 'S. 488',
db9a1404398200ec7f004d73,low,metadata,heuristic,provisions_cited contains variant forms of the same provision: 'S. 9' and 'section 9',
db9a1404398200ec7f004d73,low,metadata,heuristic,provisions_cited contains variant forms of the same provision: 'S. 8' and 'section 8',
db9a1404398200ec7f004d73,low,metadata,heuristic,provisions_cited contains variant forms of the same provision: 'S.488' and 'section 488',
db9a1404398200ec7f004d73,low,metadata,heuristic,provisions_cited contains variant forms of the same provision: 'S. 20' and 'section 20',
db9a1404398200ec7f004d73,low,metadata,heuristic,provisions_cited contains variant forms of the same provision: 'S. 14' and 'section 14',
db9a1404398200ec7f004d73,low,metadata,heuristic,provisions_cited contains variant forms of the same provision: 'S.488' and 'Section 488',
db9a1404398200ec7f004d73,low,metadata,heuristic,provisions_cited contains variant forms of the same provision: 'S. 5' and 'Section 5',
db9a1404398200ec7f004d73,low,metadata,heuristic,provisions_cited contains variant forms of the same provision: 'S. 5' and 'section 5',
dbbaf183f7e22286089ba96d,low,metadata,heuristic,provisions_cited contains variant forms of the same provision: 'S. 7' and 'section 7',
dbbaf183f7e22286089ba96d,low,metadata,heuristic,provisions_cited contains variant forms of the same provision: 'Ss. 10' and 'section 10',
dc0721e06573042b0c3ee2e0,low,semantic_quality,heuristic,"final_order span text has no recognizable disposition wording (candidate: may be a reporter tag-line fragment, not the operative sentence)","7. For what has been stated above, I accept this writ petition. The order passed by the learned District Judge dated 10-1-2001 is declared to be illegal and without lawful authority. The appeal filed "
dc0721e06573042b0c3ee2e0,low,metadata,heuristic,provisions_cited contains variant forms of the same provision: 'S.14' and 'section 14',
dc0721e06573042b0c3ee2e0,low,metadata,heuristic,provisions_cited contains variant forms of the same provision: 'S.2' and 'section 2',
dc136574d10b0c17c2b53040,low,semantic_quality,heuristic,"final_order span text has no recognizable disposition wording (candidate: may be a reporter tag-line fragment, not the operative sentence)",AA./S‐321/L Petition accepted.
dc317c0c176d64f0dfcface6,low,semantic_quality,heuristic,quoted_material span has no quotation marks or sub-item markers (candidate: possible mislabel),"Those who swear not to have intercourse with their wives must wait for four months. If they change their mind, then Allah is certainly All-Forgiving, Most Merciful.

And if they decide upon divorce, t"
dc317c0c176d64f0dfcface6,low,metadata,heuristic,provisions_cited contains variant forms of the same provision: 'S. 7' and 'section 7',
dc317c0c176d64f0dfcface6,low,metadata,heuristic,provisions_cited contains variant forms of the same provision: 'S. 372' and 'Section 372',
dc317c0c176d64f0dfcface6,low,metadata,heuristic,provisions_cited contains variant forms of the same provision: 'S. 7' and 'Section 7',
dc65f16e7ef8093b78540a96,low,metadata,heuristic,provisions_cited contains variant forms of the same provision: 'S.14' and 'section 14',
dc72897e194d6c6f2bc0b1b5,low,metadata,heuristic,provisions_cited contains variant forms of the same provision: 'Ss. 5' and 'S. 5',
dc72897e194d6c6f2bc0b1b5,low,metadata,heuristic,provisions_cited contains variant forms of the same provision: 'S.7' and 'Section 7',
dc72897e194d6c6f2bc0b1b5,low,metadata,heuristic,provisions_cited contains variant forms of the same provision: 'Ss. 5' and 'Section 5',
dc72897e194d6c6f2bc0b1b5,low,metadata,heuristic,provisions_cited contains variant forms of the same provision: 'S. 14' and 'Section 14',
dc8efcf80d4f353b63a74d65,low,metadata,heuristic,provisions_cited contains variant forms of the same provision: 'Ss.7 & 8' and 'Ss. 7 & 8',
dca7e425db37b9fc9420858f,low,semantic_quality,heuristic,quoted_material span has no quotation marks or sub-item markers (candidate: possible mislabel),"`Bar to further suit.‐‐‐ (1) ----------------------------------------------

(2) Where a person challenges the validity of a judgment, 'decree or order on the plea of fraud, misrepresentation or want "
dca7e425db37b9fc9420858f,low,metadata,heuristic,provisions_cited contains variant forms of the same provision: 'S.12' and 'section 12',
dca7e425db37b9fc9420858f,low,metadata,heuristic,provisions_cited contains variant forms of the same provision: 'S.12' and 'Section 12',
dcb4193185965b174b0eed7d,low,metadata,heuristic,provisions_cited contains variant forms of the same provision: 'S. 13' and 'S.13',
dcb4193185965b174b0eed7d,low,metadata,heuristic,provisions_cited contains variant forms of the same provision: 'S. 13' and 'section 13',
dcb4193185965b174b0eed7d,low,metadata,heuristic,provisions_cited contains variant forms of the same provision: 'S. 13' and 'Section 13',
dcb4193185965b174b0eed7d,low,metadata,heuristic,provisions_cited contains variant forms of the same provision: 'S. 17' and 'Section 17',
dcb4193185965b174b0eed7d,low,metadata,heuristic,provisions_cited contains variant forms of the same provision: 'S. 17' and 'section 17',
dce92ea624cc441a617e8db2,low,semantic_quality,heuristic,quoted_material span has no quotation marks or sub-item markers (candidate: possible mislabel),"S. 17-A. Interim order for maintenance.---At any stage of proceedings in a suit for maintenance, the Family Court may pass an interim order for maintenance, whereunder the payment shall be made by the"
dce92ea624cc441a617e8db2,low,metadata,heuristic,provisions_cited contains variant forms of the same provision: 'S.17' and 'section 17',
dce92ea624cc441a617e8db2,low,metadata,heuristic,provisions_cited contains variant forms of the same provision: 'S.17' and 'Section 17',
dce92ea624cc441a617e8db2,low,metadata,heuristic,provisions_cited contains variant forms of the same provision: 'S.17' and 'S. 17',
dcebf4725a3aca4d4fc9169c,low,semantic_quality,heuristic,quoted_material span has no quotation marks or sub-item markers (candidate: possible mislabel),... We are mindful of the fact that under constitutional jurisdiction the High Court is fully empowered for enforcement of the fundamental rights but it must be satisfied with such allegations which a
dcebf4725a3aca4d4fc9169c,low,semantic_quality,heuristic,"final_order span text has no recognizable disposition wording (candidate: may be a reporter tag-line fragment, not the operative sentence)","1 Faiz Bakhsh and others v. Deputy Commissioner/Land Acquisition Officer, Bahawalpur and others (2006 SCMR 219)."
dcebf4725a3aca4d4fc9169c,low,metadata,heuristic,provisions_cited contains variant forms of the same provision: 'S.5' and 'section 5',
dcebf4725a3aca4d4fc9169c,low,metadata,heuristic,provisions_cited contains variant forms of the same provision: 'S.5' and 'Section 5',
dcf82b9678f3704f28076c99,low,metadata,heuristic,provisions_cited contains variant forms of the same provision: 'S. 5' and 'section 5',
dd42fac0d839171cda5d6a4b,low,metadata,heuristic,provisions_cited contains variant forms of the same provision: 'S.5' and 'S. 5',
dd42fac0d839171cda5d6a4b,low,metadata,heuristic,provisions_cited contains variant forms of the same provision: 'Art.199' and 'Art. 199',
dd9563d1784a46adfa37eab0,low,metadata,heuristic,provisions_cited contains variant forms of the same provision: 'S.105' and 'Section 105',
dd9563d1784a46adfa37eab0,low,metadata,heuristic,provisions_cited contains variant forms of the same provision: 'S.7' and 'Section 7',
dd9563d1784a46adfa37eab0,low,metadata,heuristic,provisions_cited contains variant forms of the same provision: 'S.7' and 'S. 7',
dd9b02eab811bffe5a10fbd5,low,metadata,heuristic,provisions_cited contains variant forms of the same provision: 'S.476' and 'section 476',
ddb4c2270730d6ee25623c7e,low,metadata,heuristic,provisions_cited contains variant forms of the same provision: 'S. 41' and 'S.41',
ddb4c2270730d6ee25623c7e,low,metadata,heuristic,provisions_cited contains variant forms of the same provision: 'S. 41' and 'section 41',
ddb4c2270730d6ee25623c7e,low,metadata,heuristic,provisions_cited contains variant forms of the same provision: 'S. 5' and 'S.5',
ddb4c2270730d6ee25623c7e,low,metadata,heuristic,provisions_cited contains variant forms of the same provision: 'section 2' and 'Section 2',
ddce9a1c869fcda97df35142,low,semantic_quality,heuristic,"final_order span text has no recognizable disposition wording (candidate: may be a reporter tag-line fragment, not the operative sentence)","In view of the above rationale and deliberations, the instant petition is dismised alongwith pending applications."
ddce9a1c869fcda97df35142,low,metadata,heuristic,provisions_cited contains variant forms of the same provision: 'S. 491' and 'S.491',
ddce9a1c869fcda97df35142,low,metadata,heuristic,provisions_cited contains variant forms of the same provision: 'S. 491' and 'Section 491',
ddce9a1c869fcda97df35142,low,metadata,heuristic,provisions_cited contains variant forms of the same provision: 'S. 491' and 'section 491',
dddb5521b3077e415002c984,low,metadata,heuristic,provisions_cited contains variant forms of the same provision: 'S.17' and 'section 17',
dddb5521b3077e415002c984,low,metadata,heuristic,provisions_cited contains variant forms of the same provision: 'S.14' and 'section 14',
dddb5521b3077e415002c984,low,metadata,heuristic,provisions_cited contains variant forms of the same provision: 'S.13' and 'section 13',
dddb5521b3077e415002c984,low,metadata,heuristic,provisions_cited contains variant forms of the same provision: 'S.12' and 'section 12',
dddb5521b3077e415002c984,low,metadata,heuristic,provisions_cited contains variant forms of the same provision: 'S.13' and 'Section 13',
dddb5521b3077e415002c984,low,metadata,heuristic,provisions_cited contains variant forms of the same provision: 'S.4' and 'section 4',
dddb5521b3077e415002c984,low,metadata,heuristic,provisions_cited contains variant forms of the same provision: 'S.14' and 'Section 14',
dddb5521b3077e415002c984,low,metadata,heuristic,provisions_cited contains variant forms of the same provision: 'Section 3' and 'section 3',
dddb5521b3077e415002c984,low,metadata,heuristic,provisions_cited contains variant forms of the same provision: 'section 8' and 'sections 8',
ddf391a68d6b05476ddb227d,low,metadata,heuristic,provisions_cited contains variant forms of the same provision: 'Art.199' and 'Art. 199',
de5a1a6b9e4b6bc3c578f923,low,metadata,heuristic,provisions_cited contains variant forms of the same provision: 'S.2' and 'S. 2',
de5a1a6b9e4b6bc3c578f923,low,metadata,heuristic,provisions_cited contains variant forms of the same provision: 'S.2' and 'section 2',
de82a53356807f37be254662,low,metadata,heuristic,provisions_cited contains variant forms of the same provision: 'S. 13' and 'section 13',
de82a53356807f37be254662,low,metadata,heuristic,provisions_cited contains variant forms of the same provision: 'S.80' and 'section 80',
de82b44a5899d8ba120093ea,low,semantic_quality,heuristic,"final_order span text has no recognizable disposition wording (candidate: may be a reporter tag-line fragment, not the operative sentence)",***
de82b44a5899d8ba120093ea,low,metadata,heuristic,provisions_cited contains variant forms of the same provision: 'S.9' and 'section 9',
dec37369737a8a8334ed9737,low,metadata,heuristic,provisions_cited contains variant forms of the same provision: 'S.17' and 'Section 17',
dec37369737a8a8334ed9737,low,metadata,heuristic,provisions_cited contains variant forms of the same provision: 'S.17' and 'section 17',
dec60e839ad547d0998874ec,low,metadata,heuristic,provisions_cited contains variant forms of the same provision: 'S.17' and 'section 17',
dec60e839ad547d0998874ec,low,metadata,heuristic,provisions_cited contains variant forms of the same provision: 'S.11' and 'Section 11',
dec60e839ad547d0998874ec,low,metadata,heuristic,provisions_cited contains variant forms of the same provision: 'S.11' and 'section 11',
dee56db063df0e5887673c9e,low,semantic_quality,heuristic,"final_order span text has no recognizable disposition wording (candidate: may be a reporter tag-line fragment, not the operative sentence)","13. The petitioner's learned counsel states that the petitioner has given security bond of Rs. one lac. She requested for the release of the said security bond. In the interest of justice, I direct th"
dee56db063df0e5887673c9e,low,metadata,heuristic,provisions_cited contains variant forms of the same provision: 'S. 9' and 'section 9',
dee56db063df0e5887673c9e,low,metadata,heuristic,provisions_cited contains variant forms of the same provision: 'S. 9' and 'Section 9',
df06ed0e54cc49aecdbde343,low,metadata,heuristic,provisions_cited contains variant forms of the same provision: 'S.7' and 'section 7',
df4136673fa14de75d543bd0,low,metadata,heuristic,provisions_cited contains variant forms of the same provision: 'S. 10' and 'S.10',
df4136673fa14de75d543bd0,low,metadata,heuristic,provisions_cited contains variant forms of the same provision: 'S.5' and 'S. 5',
dff30a404f50e990ab69db4c,low,semantic_quality,heuristic,"final_order span text has no recognizable disposition wording (candidate: may be a reporter tag-line fragment, not the operative sentence)",There is no order as to costs.
dff30a404f50e990ab69db4c,low,metadata,heuristic,provisions_cited contains variant forms of the same provision: 'S. 5' and 'section 5',
dff30a404f50e990ab69db4c,low,metadata,heuristic,provisions_cited contains variant forms of the same provision: 'S. 5' and 'Section 5',
dff9ae838f9beab405349377,low,semantic_quality,heuristic,"final_order span text has no recognizable disposition wording (candidate: may be a reporter tag-line fragment, not the operative sentence)",S.A.K./A-163/L?????????????????????????????????????????????????????????????????????????????????? Petition accepted.
dff9ae838f9beab405349377,low,metadata,heuristic,provisions_cited contains variant forms of the same provision: 'S. 5' and 'section 5',
e018b45e1274e75fc6ccbc83,low,metadata,heuristic,provisions_cited contains variant forms of the same provision: 'S.10' and 'S. 10',
e018b45e1274e75fc6ccbc83,low,metadata,heuristic,provisions_cited contains variant forms of the same provision: 'S.10' and 'section 10',
e018b45e1274e75fc6ccbc83,low,metadata,heuristic,provisions_cited contains variant forms of the same provision: 'S.10' and 'Section 10',
e0389d964cd6c5102c04a332,low,semantic_quality,heuristic,"final_order span text has no recognizable disposition wording (candidate: may be a reporter tag-line fragment, not the operative sentence)",9. The petitioner will be entitled to costs in this petition as against the respondent No.1.
e0389d964cd6c5102c04a332,low,metadata,heuristic,provisions_cited contains variant forms of the same provision: 'S.25' and 'S. 25',
e0389d964cd6c5102c04a332,low,metadata,heuristic,provisions_cited contains variant forms of the same provision: 'S.25' and 'section 25',
e0389d964cd6c5102c04a332,low,metadata,heuristic,provisions_cited contains variant forms of the same provision: 'S.25' and 'Section 25',
e0389d964cd6c5102c04a332,low,metadata,heuristic,provisions_cited contains variant forms of the same provision: 'S.5' and 'Section 5',
e0389d964cd6c5102c04a332,low,metadata,heuristic,provisions_cited contains variant forms of the same provision: 'S.5' and 'section 5',
e0389d964cd6c5102c04a332,low,metadata,heuristic,provisions_cited contains variant forms of the same provision: 'Section 2' and 'section 2',
e0389d964cd6c5102c04a332,low,metadata,heuristic,provisions_cited contains variant forms of the same provision: 'Section 3' and 'section 3',
e087df5223c9bb6cf896910c,low,semantic_quality,heuristic,quoted_material span has no quotation marks or sub-item markers (candidate: possible mislabel),15. The word may make a provision enabling and it gives the discretion to the authority or court to exercise its power but it is usually construed as permissive and not mandatory . I have gone through
e087df5223c9bb6cf896910c,low,semantic_quality,heuristic,"final_order span text has no recognizable disposition wording (candidate: may be a reporter tag-line fragment, not the operative sentence)","1 Earl T. Crawford, The Construction of Statutes, (1940) accessed on 27-05-2025 available at https: // archive. Org / details / in. ernet. dli. 2015. 275901/mode/1up?view=theater"
e087df5223c9bb6cf896910c,low,metadata,heuristic,provisions_cited contains variant forms of the same provision: 'S. 7' and 'Section 7',
e087df5223c9bb6cf896910c,low,metadata,heuristic,provisions_cited contains variant forms of the same provision: 'S. 7' and 'section 7',
e087df5223c9bb6cf896910c,low,metadata,heuristic,provisions_cited contains variant forms of the same provision: 'Art.17' and 'Art. 17',
e088af350bbca7ab45f61671,low,metadata,heuristic,provisions_cited contains variant forms of the same provision: 'S.14' and 'section 14',
e088af350bbca7ab45f61671,low,metadata,heuristic,provisions_cited contains variant forms of the same provision: 'S.8' and 'section 8',
e088af350bbca7ab45f61671,low,metadata,heuristic,provisions_cited contains variant forms of the same provision: 'S.7' and 'section 7',
e0cda99ea966407f97849df0,low,semantic_quality,heuristic,"final_order span text has no recognizable disposition wording (candidate: may be a reporter tag-line fragment, not the operative sentence)","8. For the foregoing reasons, the impugned orders dated 19.10.2016 and 08.02.2017 passed respectively by the Family Judge-II, Shahdadkot in Guardianship Application No. Nil of 2016, and by the Distric"
e0cda99ea966407f97849df0,low,semantic_quality,heuristic,"final_order span text has no recognizable disposition wording (candidate: may be a reporter tag-line fragment, not the operative sentence)",SA/M-20/Sindh Petition accepted.
e0cda99ea966407f97849df0,low,metadata,heuristic,provisions_cited contains variant forms of the same provision: 'S. 9' and 'section 9',
e0f27f098ef3dfc98d1bfdac,low,metadata,heuristic,provisions_cited contains variant forms of the same provision: 'S. 17' and 'section 17',
e15c20d1fee390475db5431b,low,metadata,heuristic,provisions_cited contains variant forms of the same provision: 'S. 2' and 'section 2',
e190ff23bd33861edd63d355,low,semantic_quality,heuristic,"final_order span text has no recognizable disposition wording (candidate: may be a reporter tag-line fragment, not the operative sentence)",ZC/87/P Petitions dispose of.
e1a4c7fe5386dc3630b76b89,low,metadata,heuristic,provisions_cited contains variant forms of the same provision: 'S. 14' and 'Section 14',
e1a7dab400f7cd4dc6c92b7a,low,metadata,heuristic,provisions_cited contains variant forms of the same provision: 'S. 4' and 'section 4',
e1a7dab400f7cd4dc6c92b7a,low,metadata,heuristic,provisions_cited contains variant forms of the same provision: 'S. 4' and 'Section 4',
e1ad24234b964d1a13daba7e,low,semantic_quality,heuristic,span labeled 'facts' contains counsel-submission phrasing (candidate: should possibly be 'arguments'),"The respondent filed a suit for recovery of prompt dower of Rs.8,000. The parties were married on 30th July, 1956 according to Hanfi Law, but it seems that their relations remained strained from the v"
e1ad24234b964d1a13daba7e,low,semantic_quality,heuristic,quoted_material span has no quotation marks or sub-item markers (candidate: possible mislabel),103.???? By a Muhammadan for Three years when the dower is exigible dower (Mujjal) demanded and refused or (where during the con?tinuance of the marriage no such demand has been made) when the marriag
e1c1df4fbd526f662cbab9c2,low,metadata,heuristic,provisions_cited contains variant forms of the same provision: 'Section 25' and 'section 25',
e1c1df4fbd526f662cbab9c2,low,metadata,heuristic,provisions_cited contains variant forms of the same provision: 'S.370' and 'Section 370',
e21ab0f89362ab83945900cb,low,semantic_quality,heuristic,"final_order span text has no recognizable disposition wording (candidate: may be a reporter tag-line fragment, not the operative sentence)",9. The office is directed to send copies of this judgment to all the District Judges and Family Courts in the Provinces for future guidance.
e21ab0f89362ab83945900cb,low,metadata,heuristic,provisions_cited contains variant forms of the same provision: 'S.5' and 'S. 5',
e21ab0f89362ab83945900cb,low,metadata,heuristic,provisions_cited contains variant forms of the same provision: 'Ss. 9 & 10' and 'Ss.9 & 10',
e21ab0f89362ab83945900cb,low,metadata,heuristic,provisions_cited contains variant forms of the same provision: 'S.10' and 'section 10',
e241591ff7923149e16924b3,low,semantic_quality,heuristic,"final_order span text has no recognizable disposition wording (candidate: may be a reporter tag-line fragment, not the operative sentence)","The sum and substance of the above discussion is, the Appeals Nos.416/2024, 417/2024 and 420/2024 are hereby dropped while accepting Appeal No.419/2024, the plaintiff is hereby declared entitled to re"
e241591ff7923149e16924b3,low,semantic_quality,heuristic,"final_order span text has no recognizable disposition wording (candidate: may be a reporter tag-line fragment, not the operative sentence)",UN/54/AJK(H.C) ???
e25076ba5b6f4af340efe0b3,low,semantic_quality,heuristic,"final_order span text has no recognizable disposition wording (candidate: may be a reporter tag-line fragment, not the operative sentence)",H.B.T./S-384/K.
e25076ba5b6f4af340efe0b3,low,metadata,heuristic,provisions_cited contains variant forms of the same provision: 'S.23' and 'Section 23',
e255f0d4a1e672df15dea52a,low,metadata,heuristic,provisions_cited contains variant forms of the same provision: 'S. 14' and 'section 14',
e255f0d4a1e672df15dea52a,low,metadata,heuristic,provisions_cited contains variant forms of the same provision: 'S. 5' and 'section 5',
e2a42ef7645ce92d95a4d825,low,metadata,heuristic,provisions_cited contains variant forms of the same provision: 'S. 5' and 'section 5',
e3481243b77072150537bb19,low,semantic_quality,heuristic,span labeled 'lower_court_orders' contains counsel-submission phrasing (candidate: should possibly be 'arguments'),19. The learned Counsel for the respondent No.1 submitted a certified copy of the aforesaid order dated 15.05.2014 to the Court and the same was taken on the record. The contents of the said order are
e3481243b77072150537bb19,low,metadata,heuristic,provisions_cited contains variant forms of the same provision: 'S. 5' and 'Section 5',
e3481243b77072150537bb19,low,metadata,heuristic,provisions_cited contains variant forms of the same provision: 'section 6' and 'Section 6',
e36edf59d9be75bcc16fff29,low,semantic_quality,heuristic,"final_order span text has no recognizable disposition wording (candidate: may be a reporter tag-line fragment, not the operative sentence)","Consequently, the appeal filed by Muhammad Asghar before the learned Additional District Judge shall be presumed to be pending for adjudication on merits."
e36edf59d9be75bcc16fff29,low,semantic_quality,heuristic,"final_order span text has no recognizable disposition wording (candidate: may be a reporter tag-line fragment, not the operative sentence)",H.B.T./M‐945/L Petition accepted.
e36edf59d9be75bcc16fff29,low,metadata,heuristic,provisions_cited contains variant forms of the same provision: 'S.14' and 'section 14',
e37b6efa6613054c52779ed6,low,metadata,heuristic,provisions_cited contains variant forms of the same provision: 'S. 13' and 'S.13',
e37b6efa6613054c52779ed6,low,metadata,heuristic,provisions_cited contains variant forms of the same provision: 'Art. 199' and 'Art.199',
e39fa3a0f23dc27f995768eb,low,semantic_quality,heuristic,"final_order span text has no recognizable disposition wording (candidate: may be a reporter tag-line fragment, not the operative sentence)",AA/A-336/1
e39fa3a0f23dc27f995768eb,low,metadata,heuristic,provisions_cited contains variant forms of the same provision: 'S.5' and 'S. 5',
e3b1b66df9d584fcccd952bb,low,metadata,heuristic,provisions_cited contains variant forms of the same provision: 'S. 12' and 'section 12',
e3b1b66df9d584fcccd952bb,low,metadata,heuristic,provisions_cited contains variant forms of the same provision: 'Section 17' and 'section 17',
e3ef4348a21b33651e2c568c,low,semantic_quality,heuristic,quoted_material span has no quotation marks or sub-item markers (candidate: possible mislabel),"No person shall be appointed as a Judge of a Family Court unless he is or has been or is qualified to be appointed as a District Judge, an Additional District Judge, a Civil Judge or a Qazi appointed "
e3ef4348a21b33651e2c568c,low,metadata,heuristic,provisions_cited contains variant forms of the same provision: 'S.14' and 'S. 14',
e3ef4348a21b33651e2c568c,low,metadata,heuristic,provisions_cited contains variant forms of the same provision: 'S.14' and 'Section 14',
e3ef4348a21b33651e2c568c,low,metadata,heuristic,provisions_cited contains variant forms of the same provision: 'S.14' and 'section 14',
e3f5f9bef5d094403062c8f5,low,semantic_quality,heuristic,"final_order span text has no recognizable disposition wording (candidate: may be a reporter tag-line fragment, not the operative sentence)",Q.M.H./M.A.K./477/P
e4172a834f34cba29313850c,low,semantic_quality,heuristic,"final_order span text has no recognizable disposition wording (candidate: may be a reporter tag-line fragment, not the operative sentence)",Q.M.H./M.A.K./T‐10/L
e4172a834f34cba29313850c,low,metadata,heuristic,provisions_cited contains variant forms of the same provision: 'S.11' and 'section 11',
e4172a834f34cba29313850c,low,metadata,heuristic,provisions_cited contains variant forms of the same provision: 'S.17' and 'section 17',
e429228ce01e4b7ba72aa46a,low,metadata,heuristic,provisions_cited contains variant forms of the same provision: 'Ss. 2' and 'S. 2',
e429228ce01e4b7ba72aa46a,low,metadata,heuristic,provisions_cited contains variant forms of the same provision: 'Ss. 2' and 'section 2',
e4341a62fba79c5fff69521e,low,metadata,heuristic,provisions_cited contains variant forms of the same provision: 'Ss.10' and 'section 10',
e4341a62fba79c5fff69521e,low,metadata,heuristic,provisions_cited contains variant forms of the same provision: 'Ss.10' and 'Section 10',
e440bff2f29a150fb0134c9c,low,metadata,heuristic,provisions_cited contains variant forms of the same provision: 'S. 20' and 'section 20',
e440bff2f29a150fb0134c9c,low,metadata,heuristic,provisions_cited contains variant forms of the same provision: 'S. 151' and 'section 151',
e455438e570998c4f714a8c0,low,metadata,heuristic,provisions_cited contains variant forms of the same provision: 'S.7' and 'Section 7',
e455438e570998c4f714a8c0,low,metadata,heuristic,provisions_cited contains variant forms of the same provision: 'S.7' and 'section 7',
e471bb453f0ed25a5cdb4249,low,semantic_quality,heuristic,quoted_material span has no quotation marks or sub-item markers (candidate: possible mislabel),"I. Direct the Respondent to pay for the past maintenance of the petitioner till date totalling PKR 31,800,000/- as well as future maintenance at the rate of PKR 600,000/- per month with a 25% enhancem"
e471bb453f0ed25a5cdb4249,low,metadata,heuristic,provisions_cited contains variant forms of the same provision: 'S.3' and 'S. 3',
e471bb453f0ed25a5cdb4249,low,metadata,heuristic,provisions_cited contains variant forms of the same provision: 'S.3' and 'section 3',
e471bb453f0ed25a5cdb4249,low,metadata,heuristic,provisions_cited contains variant forms of the same provision: 'S.3' and 'Section 3',
e4d09d15fd6b8ba284f2e9a4,low,semantic_quality,heuristic,quoted_material span has no quotation marks or sub-item markers (candidate: possible mislabel),"86. Procedure in default of payment.---In default of payment within the period mentioned in the last preceding rule the deposit may, if the court thinks fit after defraying the expenses of the sale, b"
e4d7ad90359a4d719388fa10,low,semantic_quality,heuristic,"final_order span text has no recognizable disposition wording (candidate: may be a reporter tag-line fragment, not the operative sentence)",9. The writ petition stands accepted in the terms stated above without any order as to costs.
e4d7ad90359a4d719388fa10,low,semantic_quality,heuristic,"final_order span text has no recognizable disposition wording (candidate: may be a reporter tag-line fragment, not the operative sentence)","s. Q, Petition accepted."
e4d7ad90359a4d719388fa10,low,metadata,heuristic,provisions_cited contains variant forms of the same provision: 'Section 7' and 'section 7',
e4e23ea69b88c0fdd98e5805,low,metadata,heuristic,provisions_cited contains variant forms of the same provision: 'Ss. 14' and 'Section 14',
e4e23ea69b88c0fdd98e5805,low,metadata,heuristic,provisions_cited contains variant forms of the same provision: 'Ss. 14' and 'S. 14',
e4e23ea69b88c0fdd98e5805,low,metadata,heuristic,provisions_cited contains variant forms of the same provision: 'Ss. 7 & 8' and 'Sections 7 & 8',
e4e23ea69b88c0fdd98e5805,low,metadata,heuristic,provisions_cited contains variant forms of the same provision: 'Ss. 14' and 'section 14',
e4e23ea69b88c0fdd98e5805,low,metadata,heuristic,provisions_cited contains variant forms of the same provision: 'Section 17' and 'section 17',
e4e23ea69b88c0fdd98e5805,low,metadata,heuristic,provisions_cited contains variant forms of the same provision: 'sections 7 and 8' and 'Sections 7 and 8',
e4e23ea69b88c0fdd98e5805,low,metadata,heuristic,provisions_cited contains variant forms of the same provision: 'S. 5' and 'section 5',
e4e23ea69b88c0fdd98e5805,low,metadata,heuristic,provisions_cited contains variant forms of the same provision: 'Art. 205' and 'art. 205',
e4faeda966123b9319d17352,low,metadata,heuristic,provisions_cited contains variant forms of the same provision: 'S. 12' and 'section 12',
e4faeda966123b9319d17352,low,metadata,heuristic,provisions_cited contains variant forms of the same provision: 'S. 14' and 'Section 14',
e4faeda966123b9319d17352,low,metadata,heuristic,provisions_cited contains variant forms of the same provision: 'S. 14' and 'section 14',
e5061c96b6547fd29d57e9cb,low,semantic_quality,heuristic,"final_order span text has no recognizable disposition wording (candidate: may be a reporter tag-line fragment, not the operative sentence)",A.A./H-60/L Petition accepted.
e5127877efab0cc348e02166,low,metadata,heuristic,provisions_cited contains variant forms of the same provision: 'S.9' and 'section 9',
e5127877efab0cc348e02166,low,metadata,heuristic,provisions_cited contains variant forms of the same provision: 'Art.199' and 'Art. 199',
e5329f2c4d8dc88923c07bd6,low,metadata,heuristic,provisions_cited contains variant forms of the same provision: 'S. 13' and 'S.13',
e5329f2c4d8dc88923c07bd6,low,metadata,heuristic,provisions_cited contains variant forms of the same provision: 'S.17' and 'S. 17',
e5329f2c4d8dc88923c07bd6,low,metadata,heuristic,provisions_cited contains variant forms of the same provision: 'S. 13' and 'section 13',
e5329f2c4d8dc88923c07bd6,low,metadata,heuristic,provisions_cited contains variant forms of the same provision: 'S.17' and 'section 17',
e5b84a0e13fc45bef330afed,low,semantic_quality,heuristic,"final_order span text has no recognizable disposition wording (candidate: may be a reporter tag-line fragment, not the operative sentence)",H.B.T./M‐2629/L Revision accepted.
e5f06a79baa8fd7376bca4d2,low,metadata,heuristic,provisions_cited contains variant forms of the same provision: 'S.9' and 'S. 9',
e5f06a79baa8fd7376bca4d2,low,metadata,heuristic,provisions_cited contains variant forms of the same provision: 'S.9' and 'section 9',
e613e19f82532081996cd02a,low,semantic_quality,heuristic,quoted_material span has no quotation marks or sub-item markers (candidate: possible mislabel),"(1) In appointing or declaring the guardian of a minor, the Court shall, subject to the provisions of this section, be guided by what, consistently with the law to which the minor is subject, appears "
e613e19f82532081996cd02a,low,metadata,heuristic,provisions_cited contains variant forms of the same provision: 'S.12' and 'section 12',
e613e19f82532081996cd02a,low,metadata,heuristic,provisions_cited contains variant forms of the same provision: 'S.12' and 'Section 12',
e613e19f82532081996cd02a,low,metadata,heuristic,provisions_cited contains variant forms of the same provision: 'S.17' and 'Section 17',
e613e19f82532081996cd02a,low,metadata,heuristic,provisions_cited contains variant forms of the same provision: 'S.17' and 'section 17',
e61bf3eadf90fc8c2e15e493,low,semantic_quality,heuristic,quoted_material span has no quotation marks or sub-item markers (candidate: possible mislabel),"Divorce is twice. Then [after that], either keep [her] in an acceptable manner or release [her] with good treatment. And it is not lawful for you to take anything of what you have given them unless bo"
e61bf3eadf90fc8c2e15e493,low,metadata,heuristic,provisions_cited contains variant forms of the same provision: 'S. 10' and 'Ss. 10',
e61bf3eadf90fc8c2e15e493,low,metadata,heuristic,provisions_cited contains variant forms of the same provision: 'S. 10' and 'S.10',
e61bf3eadf90fc8c2e15e493,low,metadata,heuristic,provisions_cited contains variant forms of the same provision: 'S. 10' and 'Section 10',
e61bf3eadf90fc8c2e15e493,low,metadata,heuristic,provisions_cited contains variant forms of the same provision: 'S. 10' and 'section 10',
e61bf3eadf90fc8c2e15e493,low,metadata,heuristic,provisions_cited contains variant forms of the same provision: 'S. 2' and 'Section 2',
e61bf3eadf90fc8c2e15e493,low,metadata,heuristic,provisions_cited contains variant forms of the same provision: 'S. 2' and 'section 2',
e64da0ced58bdcdfc2a63875,low,semantic_quality,heuristic,quoted_material span has no quotation marks or sub-item markers (candidate: possible mislabel),"'Since both the parties are permanent resident of U.K. (sic) and as such as per Notification No. SRO No. 1086(K)/61 the function of Chairman Arbitration Council under the Muslim Family Laws Ordinance,"
e64da0ced58bdcdfc2a63875,low,semantic_quality,heuristic,quoted_material span has no quotation marks or sub-item markers (candidate: possible mislabel),'7. With regard to bar of jurisdiction contained in any statute we are clear in our mind and it is concurrently declared by this court that if in any statute there is a bar of plenary jurisdiction of 
e64da0ced58bdcdfc2a63875,low,semantic_quality,heuristic,quoted_material span has no quotation marks or sub-item markers (candidate: possible mislabel),"'As a corollary, the relief granted or the writ issued by the High Court also remains within the territorial jurisdiction of this Court and can only benefit or affect a person within the territorial j"
e64da0ced58bdcdfc2a63875,low,metadata,heuristic,provisions_cited contains variant forms of the same provision: 'S.7' and 'section 7',
e64da0ced58bdcdfc2a63875,low,metadata,heuristic,provisions_cited contains variant forms of the same provision: 'Ss. 2' and 'section 2',
e64da0ced58bdcdfc2a63875,low,metadata,heuristic,provisions_cited contains variant forms of the same provision: 'Ss. 2' and 'Sections 2',
e64da0ced58bdcdfc2a63875,low,metadata,heuristic,provisions_cited contains variant forms of the same provision: 'Ss. 2' and 'Section 2',
e68b3264229fb5f8f0dc5bfa,low,semantic_quality,heuristic,span labeled 'court_reasoning' contains counsel-submission phrasing (candidate: should possibly be 'arguments'),"6. The basis of claim for recovery of Rs.5,00,000/- is a document titled ""Iqrar Nama"" dated 12-9-2006 and learned Judge Family Court has granted the relief on the basis of such document, which has alt"
e68b3264229fb5f8f0dc5bfa,low,metadata,heuristic,provisions_cited contains variant forms of the same provision: 'S. 5' and 'section 5',
e68b3264229fb5f8f0dc5bfa,low,metadata,heuristic,provisions_cited contains variant forms of the same provision: 'S. 25' and 'S.25',
e68b3264229fb5f8f0dc5bfa,low,metadata,heuristic,provisions_cited contains variant forms of the same provision: 'S. 25' and 'section 25',
e68b3264229fb5f8f0dc5bfa,low,metadata,heuristic,provisions_cited contains variant forms of the same provision: 'Art. 199' and 'Art.199',
e6c9cd953fb1a4e56074a60a,low,semantic_quality,heuristic,quoted_material span has no quotation marks or sub-item markers (candidate: possible mislabel),"Description of suit

Period of limitation

A

Time from which period begins to run

1

2

3

103. By a Muhammadan for exigible dower (mu' ajjal).

Three years

When the dower is demanded and refused o"
e7a61c89caa422a140bba3a8,low,metadata,heuristic,provisions_cited contains variant forms of the same provision: 'Art.199' and 'Art. 199',
e7b8b2e2a0d51812053994fe,low,metadata,heuristic,provisions_cited contains variant forms of the same provision: 'S. 14' and 'S.14',
e7b8b2e2a0d51812053994fe,low,metadata,heuristic,provisions_cited contains variant forms of the same provision: 'S.17' and 'S. 17',
e7b8b2e2a0d51812053994fe,low,metadata,heuristic,provisions_cited contains variant forms of the same provision: 'S.17' and 'Section 17',
e7b8b2e2a0d51812053994fe,low,metadata,heuristic,provisions_cited contains variant forms of the same provision: 'S.17' and 'section 17',
e7b8b2e2a0d51812053994fe,low,metadata,heuristic,provisions_cited contains variant forms of the same provision: 'S. 14' and 'section 14',
e7b8b2e2a0d51812053994fe,low,metadata,heuristic,provisions_cited contains variant forms of the same provision: 'Art.199' and 'Art. 199',
e7db394ac417a57392acebb2,low,metadata,heuristic,provisions_cited contains variant forms of the same provision: 'S.10' and 'section 10',
e7dd81ceb732e34afeef6a8e,low,semantic_quality,heuristic,span labeled 'procedural_history' contains counsel-submission phrasing (candidate: should possibly be 'arguments'),2. Feeling aggrieved by the Judgment and decree dated 23-6-1998 the petitioner filed this writ petition on the ground that the learned Family Court did not consider the ground of Khula in real perspec
e852b95300b80a367a1f0d2a,low,metadata,heuristic,provisions_cited contains variant forms of the same provision: 'S. 12' and 'S.12',
e852b95300b80a367a1f0d2a,low,metadata,heuristic,provisions_cited contains variant forms of the same provision: 'S. 12' and 'section 12',
e852b95300b80a367a1f0d2a,low,metadata,heuristic,provisions_cited contains variant forms of the same provision: 'S. 12' and 'Section 12',
e8f957edcb4e5affcb12ccfb,low,metadata,heuristic,provisions_cited contains variant forms of the same provision: 'S. 491' and 'section 491',
e90d5c123787f60e85bbf7d5,low,metadata,heuristic,provisions_cited contains variant forms of the same provision: 'S.5' and 'Section 5',
e90d5c123787f60e85bbf7d5,low,metadata,heuristic,provisions_cited contains variant forms of the same provision: 'S.5' and 'section 5',
e90fcbf93fc4c26e7531475f,low,metadata,heuristic,provisions_cited contains variant forms of the same provision: 'S. 13' and 'section 13',
e90fcbf93fc4c26e7531475f,low,metadata,heuristic,provisions_cited contains variant forms of the same provision: 'S. 13' and 'S.13',
e91c567068b2d8355d1c76de,low,metadata,heuristic,provisions_cited contains variant forms of the same provision: 'S.5' and 'Ss.5',
e91c567068b2d8355d1c76de,low,metadata,heuristic,provisions_cited contains variant forms of the same provision: 'Art. 199' and 'Art.199',
e9397169d0b054d6fbdb95f7,low,metadata,heuristic,provisions_cited contains variant forms of the same provision: 'S. 2' and 'S.2',
e9397169d0b054d6fbdb95f7,low,metadata,heuristic,provisions_cited contains variant forms of the same provision: 'S. 23' and 'section 23',
e9397169d0b054d6fbdb95f7,low,metadata,heuristic,provisions_cited contains variant forms of the same provision: 'S. 13' and 'section 13',
e9397169d0b054d6fbdb95f7,low,metadata,heuristic,provisions_cited contains variant forms of the same provision: 'S. 2' and 'section 2',
e9397169d0b054d6fbdb95f7,low,metadata,heuristic,provisions_cited contains variant forms of the same provision: 'S. 23' and 'Section 23',
e9aca06fe33ea52865408c41,low,metadata,heuristic,provisions_cited contains variant forms of the same provision: 'S. 18' and 'section 18',
e9aca06fe33ea52865408c41,low,metadata,heuristic,provisions_cited contains variant forms of the same provision: 'S. 22' and 'section 22',
e9dd66e88de7507c8a7a6c50,low,metadata,heuristic,provisions_cited contains variant forms of the same provision: 'S. 14' and 'section 14',
ea3f19f3946673d2b8b18b65,low,metadata,heuristic,provisions_cited contains variant forms of the same provision: 'S.11' and 'Section 11',
ea3f19f3946673d2b8b18b65,low,metadata,heuristic,provisions_cited contains variant forms of the same provision: 'S.11' and 'section 11',
ea3f19f3946673d2b8b18b65,low,metadata,heuristic,provisions_cited contains variant forms of the same provision: 'S. 17' and 'section 17',
ead55de59d67ae7e004f5d07,low,metadata,heuristic,provisions_cited contains variant forms of the same provision: 'S. 7' and 'S.7',
ead55de59d67ae7e004f5d07,low,metadata,heuristic,provisions_cited contains variant forms of the same provision: 'S. 7' and 'Section 7',
ead55de59d67ae7e004f5d07,low,metadata,heuristic,provisions_cited contains variant forms of the same provision: 'S. 7' and 'section 7',
ead55de59d67ae7e004f5d07,low,metadata,heuristic,provisions_cited contains variant forms of the same provision: 'S. 8' and 'Section 8',
ead55de59d67ae7e004f5d07,low,metadata,heuristic,provisions_cited contains variant forms of the same provision: 'S. 8' and 'section 8',
ead983d00a1ed5e62e513926,low,semantic_quality,heuristic,"final_order span text has no recognizable disposition wording (candidate: may be a reporter tag-line fragment, not the operative sentence)","10. This judgment shall not preclude the respondents from proceeding for the recovery of the amount of ,maintenance from the petitioner in accordance with law."
ead983d00a1ed5e62e513926,low,semantic_quality,heuristic,"final_order span text has no recognizable disposition wording (candidate: may be a reporter tag-line fragment, not the operative sentence)","A.A./M-438', . Petition accepted"
ead983d00a1ed5e62e513926,low,metadata,heuristic,provisions_cited contains variant forms of the same provision: 'S. 9' and 'section 9',
ead983d00a1ed5e62e513926,low,metadata,heuristic,provisions_cited contains variant forms of the same provision: 'S.82' and 'section 82',
ead983d00a1ed5e62e513926,low,metadata,heuristic,provisions_cited contains variant forms of the same provision: 'S. 488' and 'section 488',
eb8d35a224108a6f4f39d751,low,semantic_quality,heuristic,"final_order span text has no recognizable disposition wording (candidate: may be a reporter tag-line fragment, not the operative sentence)","As the dispute arises out of a maintenance matter, the appeal shall be decided within the month of April, 1993."
ebdd9864f1721009bd3bd574,low,metadata,heuristic,provisions_cited contains variant forms of the same provision: 'S.14' and 'Section 14',
ebdd9864f1721009bd3bd574,low,metadata,heuristic,provisions_cited contains variant forms of the same provision: 'S.12' and 'Section 12',
ebdd9864f1721009bd3bd574,low,metadata,heuristic,provisions_cited contains variant forms of the same provision: 'S.14' and 'section 14',
ebe80b9cb54744f991e6cbf2,low,semantic_quality,heuristic,"final_order span text has no recognizable disposition wording (candidate: may be a reporter tag-line fragment, not the operative sentence)","4. The learned counsel for the petitioner, with reference to section 17 of the West Pakistan Family Courts Act, 1964, has contended that there is no provision in the said Act to extend the provisions "
ebe80b9cb54744f991e6cbf2,low,metadata,heuristic,provisions_cited contains variant forms of the same provision: 'S.17' and 'section 17',
ebe80b9cb54744f991e6cbf2,low,metadata,heuristic,provisions_cited contains variant forms of the same provision: 'S.17' and 'Section 17',
ec1f3bdbf888c79e22913ed3,low,metadata,heuristic,provisions_cited contains variant forms of the same provision: 'S. 5' and 'S.5',
ec65e892bfa623f579f16a09,low,metadata,heuristic,provisions_cited contains variant forms of the same provision: 'S. 14' and 'section 14',
ec65e892bfa623f579f16a09,low,metadata,heuristic,provisions_cited contains variant forms of the same provision: 'section 7' and 'sections 7',
ec65e892bfa623f579f16a09,low,metadata,heuristic,provisions_cited contains variant forms of the same provision: 'S. 14' and 'Section 14',
ec65e892bfa623f579f16a09,low,metadata,heuristic,provisions_cited contains variant forms of the same provision: 'Section 4' and 'section 4',
ec65e892bfa623f579f16a09,low,metadata,heuristic,provisions_cited contains variant forms of the same provision: 'Section 25' and 'section 25',
ec65e892bfa623f579f16a09,low,metadata,heuristic,provisions_cited contains variant forms of the same provision: 'Section 2' and 'section 2',
ec65e892bfa623f579f16a09,low,metadata,heuristic,provisions_cited contains variant forms of the same provision: 'section 5' and 'Section 5',
eca13517f6127bf860388532,low,metadata,heuristic,provisions_cited contains variant forms of the same provision: 'S. 17' and 'Section 17',
eca13517f6127bf860388532,low,metadata,heuristic,provisions_cited contains variant forms of the same provision: 'S. 14' and 'Section 14',
ecb5f2a8b49aacdaab62a808,low,metadata,heuristic,provisions_cited contains variant forms of the same provision: 'S. 25' and 'Section 25',
ecd0277305e6361045bcbf67,low,semantic_quality,heuristic,span labeled 'court_reasoning' contains counsel-submission phrasing (candidate: should possibly be 'arguments'),8. The controversy relating to recovery of 10-tola gold ornaments as dower was capsulated in issue No.3. Learned counsel for the Petitioners put much emphasis that 10-tola gold ornaments were given to
ecd43ccd8414dcb094062d22,low,metadata,heuristic,provisions_cited contains variant forms of the same provision: 'S.5' and 'section 5',
ece9dafdaf2a82a9f02e3ed8,low,semantic_quality,heuristic,quoted_material span has no quotation marks or sub-item markers (candidate: possible mislabel),"Enforcement of decrees.- (1) The Family Court shall pass a decree in such form and in such manner as may be prescribed, and shall enter its particulars in the prescribed register.

(2) If any money is"
ece9dafdaf2a82a9f02e3ed8,low,metadata,heuristic,provisions_cited contains variant forms of the same provision: 'S. 14' and 'Section 14',
ed2446d65a48dc2b6bbbe96d,low,metadata,heuristic,provisions_cited contains variant forms of the same provision: 'S.25' and 'Section 25',
ed3d6a1e8b837782aae5752e,low,semantic_quality,heuristic,"final_order span text has no recognizable disposition wording (candidate: may be a reporter tag-line fragment, not the operative sentence)",Q.M.H./M.A.K./M‐397/S
ed4fca8346fcbe3dd796ff1f,low,metadata,heuristic,provisions_cited contains variant forms of the same provision: 'S.5' and 'section 5',
ed8ecc03a8a44d4bb79902bc,low,metadata,heuristic,provisions_cited contains variant forms of the same provision: 'S. 5' and 'Section 5',
ed8ecc03a8a44d4bb79902bc,low,metadata,heuristic,provisions_cited contains variant forms of the same provision: 'S. 5' and 'section 5',
ed8ecc03a8a44d4bb79902bc,low,metadata,heuristic,provisions_cited contains variant forms of the same provision: 'Ss. 2' and 'Sections 2',
ed8ecc03a8a44d4bb79902bc,low,metadata,heuristic,provisions_cited contains variant forms of the same provision: 'S. 10' and 'section 10',
edd0f87d7bcd94b5620b316f,low,metadata,heuristic,provisions_cited contains variant forms of the same provision: 'Ss. 14' and 'section 14',
edd0f87d7bcd94b5620b316f,low,metadata,heuristic,provisions_cited contains variant forms of the same provision: 'Ss. 14' and 'Section 14',
ee317a0759f5eb10a6a0caf8,low,metadata,heuristic,provisions_cited contains variant forms of the same provision: 'S. 5' and 'S.5',
ee317a0759f5eb10a6a0caf8,low,metadata,heuristic,provisions_cited contains variant forms of the same provision: 'Ss.3 & 5' and 'Ss. 3 & 5',
ee317a0759f5eb10a6a0caf8,low,metadata,heuristic,provisions_cited contains variant forms of the same provision: 'S. 5' and 'section 5',
ee317a0759f5eb10a6a0caf8,low,metadata,heuristic,provisions_cited contains variant forms of the same provision: 'S.3' and 'section 3',
ee317a0759f5eb10a6a0caf8,low,metadata,heuristic,provisions_cited contains variant forms of the same provision: 'Art.199' and 'Art. 199',
ee5478a2ece74c7348a2ea7a,low,semantic_quality,heuristic,"final_order span text has no recognizable disposition wording (candidate: may be a reporter tag-line fragment, not the operative sentence)",M.B.A./S-149/S Appeal accepted.
eea027de1c075dd223ba7731,low,semantic_quality,heuristic,quoted_material span has no quotation marks or sub-item markers (candidate: possible mislabel),"Section 10(4) If no compromise or reconciliation is possible the Court shall frame the issues in the case and fix a date for [the recording of the evidence[:]

[Provided that notwithstanding any decis"
eea027de1c075dd223ba7731,low,semantic_quality,heuristic,"final_order span text has no recognizable disposition wording (candidate: may be a reporter tag-line fragment, not the operative sentence)",Petition accepted.
eea027de1c075dd223ba7731,low,semantic_quality,heuristic,"final_order span text has no recognizable disposition wording (candidate: may be a reporter tag-line fragment, not the operative sentence)",S.A.K./R-86/L Petition accepted.
eea027de1c075dd223ba7731,low,metadata,heuristic,provisions_cited contains variant forms of the same provision: 'S.10' and 'section 10',
eea027de1c075dd223ba7731,low,metadata,heuristic,provisions_cited contains variant forms of the same provision: 'S.10' and 'Section 10',
eea5dae7a2e105228899ac43,low,metadata,heuristic,provisions_cited contains variant forms of the same provision: 'S. 25' and 'section 25',
eeade9639a852bcd4d9e795e,low,semantic_quality,heuristic,quoted_material span has no quotation marks or sub-item markers (candidate: possible mislabel),370. Maintenance of Children and Grand Children---(1) A Father is bound to maintain his sons until they have attain the age of majority. He is also bound to maintain his daughters until they are marri
eeade9639a852bcd4d9e795e,low,metadata,heuristic,provisions_cited contains variant forms of the same provision: 'S. 370' and 'section 370',
eeade9639a852bcd4d9e795e,low,metadata,heuristic,provisions_cited contains variant forms of the same provision: 'S. 151' and 'section 151',
ef6960e0d98d9c8804bcde06,low,metadata,heuristic,provisions_cited contains variant forms of the same provision: 'Art.199' and 'Art. 199',
ef71e6b1c726607b771e2217,low,metadata,heuristic,provisions_cited contains variant forms of the same provision: 'S.23' and 'Section 23',
ef71e6b1c726607b771e2217,low,metadata,heuristic,provisions_cited contains variant forms of the same provision: 'S.23' and 'section 23',
ef71e6b1c726607b771e2217,low,metadata,heuristic,provisions_cited contains variant forms of the same provision: 'S.5' and 'Section 5',
ef71e6b1c726607b771e2217,low,metadata,heuristic,provisions_cited contains variant forms of the same provision: 'S.5' and 'section 5',
efa06ab9342d8408dc8f4edd,low,metadata,heuristic,provisions_cited contains variant forms of the same provision: 'S. 14' and 'S.14',
efa06ab9342d8408dc8f4edd,low,metadata,heuristic,provisions_cited contains variant forms of the same provision: 'S.11' and 'section 11',
efa06ab9342d8408dc8f4edd,low,metadata,heuristic,provisions_cited contains variant forms of the same provision: 'S. 14' and 'section 14',
efa06ab9342d8408dc8f4edd,low,metadata,heuristic,provisions_cited contains variant forms of the same provision: 'S.3' and 'section 3',
efae2b0b711c2c241aebfd72,low,metadata,heuristic,provisions_cited contains variant forms of the same provision: 'S. 14' and 'section 14',
f06e9ce20c49b24452219467,low,metadata,heuristic,provisions_cited contains variant forms of the same provision: 'S. 5' and 'S.5',
f09a3223408ec59fce46b29c,low,metadata,heuristic,provisions_cited contains variant forms of the same provision: 'S. 4' and 'Section 4',
f09a3223408ec59fce46b29c,low,metadata,heuristic,provisions_cited contains variant forms of the same provision: 'S. 4' and 'section 4',
f09a3223408ec59fce46b29c,low,metadata,heuristic,provisions_cited contains variant forms of the same provision: 'S. 2' and 'section 2',
f09a3223408ec59fce46b29c,low,metadata,heuristic,provisions_cited contains variant forms of the same provision: 'Art. 203' and 'Art.203',
f0a87c2fac242ed6e51a02d6,low,semantic_quality,heuristic,span labeled 'court_reasoning' contains counsel-submission phrasing (candidate: should possibly be 'arguments'),7. In the impugned order the learned Judge Family Court observed that notwithstanding the fact that the application was decided on the day of the strike yet the fact remained that the learned counsel 
f0a87c2fac242ed6e51a02d6,low,semantic_quality,heuristic,"final_order span text has no recognizable disposition wording (candidate: may be a reporter tag-line fragment, not the operative sentence)",14. As the family suit has been pending for more than five years it is directed that the learned Judge Family Court shall finally dispose of the suit within thirty days from the receipt of this Order 
f0a87c2fac242ed6e51a02d6,low,metadata,heuristic,provisions_cited contains variant forms of the same provision: 'S.9' and 'section 9',
f0b3ed24c747ec7bb28aed01,low,metadata,heuristic,provisions_cited contains variant forms of the same provision: 'S.12' and 'section 12',
f13063ba602061a62d029ac3,low,semantic_quality,heuristic,span labeled 'unclassified' contains counsel-submission phrasing (candidate: should possibly be 'arguments'),"The petitioner who was married to respondent No.2 claimed dissolution of marriage by way of Khula before the 8th Civil Judge and Family Court, East, Karachi. The suit for dissolution of marriage was d"
f1410584cb0de6a7f98e7efc,low,metadata,heuristic,provisions_cited contains variant forms of the same provision: 'S.5' and 'Section 5',
f1410584cb0de6a7f98e7efc,low,metadata,heuristic,provisions_cited contains variant forms of the same provision: 'section 2' and 'Section 2',
f1410584cb0de6a7f98e7efc,low,metadata,heuristic,provisions_cited contains variant forms of the same provision: 'S.5' and 'section 5',
f1829fa78823e3beae60d26c,low,metadata,heuristic,provisions_cited contains variant forms of the same provision: 'S. 25' and 'section 25',
f1c312ad9c43e936c1eec8cc,low,metadata,heuristic,provisions_cited contains variant forms of the same provision: 'S. 17' and 'S.17',
f1c312ad9c43e936c1eec8cc,low,metadata,heuristic,provisions_cited contains variant forms of the same provision: 'Ss. 8' and 'S. 8',
f1c312ad9c43e936c1eec8cc,low,metadata,heuristic,provisions_cited contains variant forms of the same provision: 'S. 2' and 'Section 2',
f1c312ad9c43e936c1eec8cc,low,metadata,heuristic,provisions_cited contains variant forms of the same provision: 'sections 182' and 'section 182',
f1c312ad9c43e936c1eec8cc,low,metadata,heuristic,provisions_cited contains variant forms of the same provision: 'S. 17' and 'section 17',
f1c312ad9c43e936c1eec8cc,low,metadata,heuristic,provisions_cited contains variant forms of the same provision: 'Ss. 8' and 'sections 8',
f1c312ad9c43e936c1eec8cc,low,metadata,heuristic,provisions_cited contains variant forms of the same provision: 'S. 9' and 'section 9',
f1c312ad9c43e936c1eec8cc,low,metadata,heuristic,provisions_cited contains variant forms of the same provision: 'S. 9' and 'sections 9',
f25d5356fec74b01149c6e65,low,metadata,heuristic,provisions_cited contains variant forms of the same provision: 'S.14' and 'section 14',
f263220ce452c04d976822a4,low,metadata,heuristic,provisions_cited contains variant forms of the same provision: 'S. 25' and 'Section 25',
f263220ce452c04d976822a4,low,metadata,heuristic,provisions_cited contains variant forms of the same provision: 'S. 14' and 'section 14',
f263220ce452c04d976822a4,low,metadata,heuristic,provisions_cited contains variant forms of the same provision: 'S. 25' and 'section 25',
f263220ce452c04d976822a4,low,metadata,heuristic,provisions_cited contains variant forms of the same provision: 'S. 14' and 'Section 14',
f263220ce452c04d976822a4,low,metadata,heuristic,provisions_cited contains variant forms of the same provision: 'section.47' and 'section 47',
f331d8f09cc9680af817e853,low,semantic_quality,heuristic,"final_order span text has no recognizable disposition wording (candidate: may be a reporter tag-line fragment, not the operative sentence)",A.A./A-101/K
f361328af672e43101e01291,low,metadata,heuristic,provisions_cited contains variant forms of the same provision: 'S.11' and 'Section 11',
f3a0f56fd0efe31e2d7d3ad6,low,metadata,heuristic,provisions_cited contains variant forms of the same provision: 'S. 18' and 'S.18',
f3a0f56fd0efe31e2d7d3ad6,low,metadata,heuristic,provisions_cited contains variant forms of the same provision: 'S.14' and 'S. 14',
f3a0f56fd0efe31e2d7d3ad6,low,metadata,heuristic,provisions_cited contains variant forms of the same provision: 'S.14' and 'section 14',
f3a0f56fd0efe31e2d7d3ad6,low,metadata,heuristic,provisions_cited contains variant forms of the same provision: 'S. 17' and 'section 17',
f3a0f56fd0efe31e2d7d3ad6,low,metadata,heuristic,provisions_cited contains variant forms of the same provision: 'S. 18' and 'section 18',
f3b02824b0b40b0eb66efe95,low,metadata,heuristic,provisions_cited contains variant forms of the same provision: 'Art. 199' and 'Art.199',
f3d15c75e4ab54f035e30d7c,low,semantic_quality,heuristic,"final_order span text has no recognizable disposition wording (candidate: may be a reporter tag-line fragment, not the operative sentence)",A.A./B-12/L
f4550728e8f19833816add6b,low,metadata,heuristic,provisions_cited contains variant forms of the same provision: 'S.11' and 'section 11',
f4550728e8f19833816add6b,low,metadata,heuristic,provisions_cited contains variant forms of the same provision: 'S.21' and 'section 21',
f4550728e8f19833816add6b,low,metadata,heuristic,provisions_cited contains variant forms of the same provision: 'S. 5' and 'section 5',
f4550728e8f19833816add6b,low,metadata,heuristic,provisions_cited contains variant forms of the same provision: 'S.17' and 'section 17',
f495164005a0379299c42fdb,low,semantic_quality,heuristic,quoted_material span has no quotation marks or sub-item markers (candidate: possible mislabel),"Provided that the parties may, with the permission of the Court, call any witness at any later stage, if the Court considers such evidence expedient in the interest of justice. [Emphasis provided]"
f495164005a0379299c42fdb,low,metadata,heuristic,provisions_cited contains variant forms of the same provision: 'S.7' and 'Section 7',
f495164005a0379299c42fdb,low,metadata,heuristic,provisions_cited contains variant forms of the same provision: 'S.7' and 'S. 7',
f495164005a0379299c42fdb,low,metadata,heuristic,provisions_cited contains variant forms of the same provision: 'S. 5' and 'S.5',
f495164005a0379299c42fdb,low,metadata,heuristic,provisions_cited contains variant forms of the same provision: 'S.7' and 'section 7',
f495164005a0379299c42fdb,low,metadata,heuristic,provisions_cited contains variant forms of the same provision: 'Art.199' and 'Art. 199',
f4d72376f0ea3f7d928fcd43,low,metadata,heuristic,provisions_cited contains variant forms of the same provision: 'S.5' and 'S. 5',
f4d72376f0ea3f7d928fcd43,low,metadata,heuristic,provisions_cited contains variant forms of the same provision: 'S.5' and 'section 5',
f4ebe1ae159573de390de7a8,low,metadata,heuristic,provisions_cited contains variant forms of the same provision: 'S. 488' and 'section 488',
f4ebe1ae159573de390de7a8,low,metadata,heuristic,provisions_cited contains variant forms of the same provision: 'S. 4' and 'section 4',
f50f23d3dacf203416443d81,low,metadata,heuristic,provisions_cited contains variant forms of the same provision: 'S. 11' and 'Section 11',
f50f23d3dacf203416443d81,low,metadata,heuristic,provisions_cited contains variant forms of the same provision: 'S. 11' and 'section 11',
f50f23d3dacf203416443d81,low,metadata,heuristic,provisions_cited contains variant forms of the same provision: 'Art.164' and 'Art. 164',
f58a17239e99a8535680cb59,low,metadata,heuristic,provisions_cited contains variant forms of the same provision: 'S. 5' and 'S.5',
f58a17239e99a8535680cb59,low,metadata,heuristic,provisions_cited contains variant forms of the same provision: 'S.2' and 'section 2',
f5942bbf1e8013302c1d0348,low,metadata,heuristic,provisions_cited contains variant forms of the same provision: 'Ss.65' and 'S.65',
f5942bbf1e8013302c1d0348,low,metadata,heuristic,provisions_cited contains variant forms of the same provision: 'S.171' and 'section 171',
f5942bbf1e8013302c1d0348,low,metadata,heuristic,provisions_cited contains variant forms of the same provision: 'Ss. 2' and 'section 2',
f5942bbf1e8013302c1d0348,low,metadata,heuristic,provisions_cited contains variant forms of the same provision: 'Ss.65' and 'section 65',
f5942bbf1e8013302c1d0348,low,metadata,heuristic,provisions_cited contains variant forms of the same provision: 'S.488' and 'section 488',
f5b67c45b83945bbc260a582,low,semantic_quality,heuristic,span labeled 'court_reasoning' contains counsel-submission phrasing (candidate: should possibly be 'arguments'),The perusal of record shows that respondent was doctor by profession. She married with the applicant and she was admittedly given certain articles by her relatives and parents at the time of her marri
f5b67c45b83945bbc260a582,low,metadata,heuristic,provisions_cited contains variant forms of the same provision: 'S.115' and 'section 115',
f5b994a0991686933e2c0efc,low,metadata,heuristic,provisions_cited contains variant forms of the same provision: 'S. 491' and 'section 491',
f5c6210aa4e7f902ea44ab59,low,metadata,heuristic,provisions_cited contains variant forms of the same provision: 'S. 20' and 'Section 20',
f5c6210aa4e7f902ea44ab59,low,metadata,heuristic,provisions_cited contains variant forms of the same provision: 'S. 488' and 'section 488',
f5c6210aa4e7f902ea44ab59,low,metadata,heuristic,provisions_cited contains variant forms of the same provision: 'section 5' and 'S.5',
f5c6210aa4e7f902ea44ab59,low,metadata,heuristic,provisions_cited contains variant forms of the same provision: 'S. 20' and 'section 20',
f5c6a52d49453327cc59c519,low,semantic_quality,heuristic,"final_order span text has no recognizable disposition wording (candidate: may be a reporter tag-line fragment, not the operative sentence)",H.B.T./M-1440/L
f5c6a52d49453327cc59c519,low,metadata,heuristic,provisions_cited contains variant forms of the same provision: 'S.9' and 'S. 9',
f5c6a52d49453327cc59c519,low,metadata,heuristic,provisions_cited contains variant forms of the same provision: 'S.9' and 'section 9',
f5e4c34bbc432084998c7340,low,metadata,heuristic,provisions_cited contains variant forms of the same provision: 'S. 14' and 'S.14',
f5e4c34bbc432084998c7340,low,metadata,heuristic,provisions_cited contains variant forms of the same provision: 'S. 14' and 'Section 14',
f6103e433d33895f8a6fdbef,low,metadata,heuristic,provisions_cited contains variant forms of the same provision: 'S. 5' and 'Section 5',
f6103e433d33895f8a6fdbef,low,metadata,heuristic,provisions_cited contains variant forms of the same provision: 'S. 17' and 'Section 17',
f61eaedcf74f54ee8cbd7870,low,semantic_quality,heuristic,"final_order span text has no recognizable disposition wording (candidate: may be a reporter tag-line fragment, not the operative sentence)",KMZ/R-16/L Order accordingl
f636b49c81e51f093fe6b4bd,low,metadata,heuristic,provisions_cited contains variant forms of the same provision: 'S.12' and 'section 12',
f643aacf42ae570641db497e,low,metadata,heuristic,provisions_cited contains variant forms of the same provision: 'S.14' and 'Section 14',
f643aacf42ae570641db497e,low,metadata,heuristic,provisions_cited contains variant forms of the same provision: 'Art. 199' and 'Art.199',
f64c65295fefda5b9cafe9a9,low,semantic_quality,heuristic,"final_order span text has no recognizable disposition wording (candidate: may be a reporter tag-line fragment, not the operative sentence)",Q.M.H./M.A.K./A‐320/K
f64c65295fefda5b9cafe9a9,low,metadata,heuristic,provisions_cited contains variant forms of the same provision: 'S. 5' and 'S.5',
f64c65295fefda5b9cafe9a9,low,metadata,heuristic,provisions_cited contains variant forms of the same provision: 'Art.199' and 'Art. 199',
f68ce8899139279b02227420,low,semantic_quality,heuristic,quoted_material span has no quotation marks or sub-item markers (candidate: possible mislabel),"In addition to above, this Court is also fortified by the Judgment reported in case titled Muhammad Kamran v. Mst. Samera Majeed and others (2018 YLR 1251) wherein it was held as under:--

Family Cour"
f68ce8899139279b02227420,low,semantic_quality,heuristic,quoted_material span has no quotation marks or sub-item markers (candidate: possible mislabel),"11. This Court also derived support from the observation of S.A. Rahman, J. in case titled Mst. Khurshid Bibi v. Baboo Muhammad Amin (PLD 1967 Supreme Court 97) as under:-

The question is on what ter"
f68ce8899139279b02227420,low,metadata,heuristic,provisions_cited contains variant forms of the same provision: 'S. 10' and 'section 10',
f68ce8899139279b02227420,low,metadata,heuristic,provisions_cited contains variant forms of the same provision: 'S. 10' and 'Section 10',
f69ac14bcc60fcd43fff96e0,low,metadata,heuristic,provisions_cited contains variant forms of the same provision: 'S.4' and 'section 4',
f6fd4edc49d83124891e76bd,low,metadata,heuristic,provisions_cited contains variant forms of the same provision: 'S.5' and 'S. 5',
f6fd4edc49d83124891e76bd,low,metadata,heuristic,provisions_cited contains variant forms of the same provision: 'S. 13' and 'Section 13',
f6fd4edc49d83124891e76bd,low,metadata,heuristic,provisions_cited contains variant forms of the same provision: 'S. 13' and 'S.13',
f6fd4edc49d83124891e76bd,low,metadata,heuristic,provisions_cited contains variant forms of the same provision: 'S. 13' and 'section 13',
f6fd4edc49d83124891e76bd,low,metadata,heuristic,provisions_cited contains variant forms of the same provision: 'Art. 199' and 'Art.199',
f706b913452e165ba23d6c8c,low,semantic_quality,heuristic,span labeled 'lower_court_orders' contains counsel-submission phrasing (candidate: should possibly be 'arguments'),3. Learned counsel for the petitioner has vehemently argued that:-
f706b913452e165ba23d6c8c,low,semantic_quality,heuristic,span labeled 'court_reasoning' contains counsel-submission phrasing (candidate: should possibly be 'arguments'),8. The learned Appellate Court in the impugned judgment and decree dated 11-7-2014 while deciding issue No.1 has declared that the respondent is entitled to get maintenance allowance @ Rs.15000/- per 
f706b913452e165ba23d6c8c,low,semantic_quality,heuristic,quoted_material span has no quotation marks or sub-item markers (candidate: possible mislabel),"2. Then, when they have reached their term, take them back in kindness or part from them in kindness, and call to witness two just men among you, and keep your testimony upright for Allah. Whoso belie"
f706b913452e165ba23d6c8c,low,metadata,heuristic,provisions_cited contains variant forms of the same provision: 'Ss. 10' and 'section 10',
f706b913452e165ba23d6c8c,low,metadata,heuristic,provisions_cited contains variant forms of the same provision: 'Ss. 10' and 'Section 10',
f706b913452e165ba23d6c8c,low,metadata,heuristic,provisions_cited contains variant forms of the same provision: 'Art. 199' and 'Art.199',
f79d8af9e43b83766cf78d28,low,metadata,heuristic,provisions_cited contains variant forms of the same provision: 'Ss.14' and 'S. 14',
f79d8af9e43b83766cf78d28,low,metadata,heuristic,provisions_cited contains variant forms of the same provision: 'Ss.14' and 'section 14',
f7b64e42c31b258d5238f662,low,semantic_quality,heuristic,"final_order span text has no recognizable disposition wording (candidate: may be a reporter tag-line fragment, not the operative sentence)","The parties shall appear before District Judge, Sargodha on 24th March, 1991. There shall be no order as to costs."
f7f9ae26bc3e5fe7de7bfdf6,low,metadata,heuristic,provisions_cited contains variant forms of the same provision: 'Section 10' and 'Sections 10',
f7fb9a79a5c229c12b295c22,low,semantic_quality,heuristic,"final_order span text has no recognizable disposition wording (candidate: may be a reporter tag-line fragment, not the operative sentence)",M.Y.H./A-614/L
f7fb9a79a5c229c12b295c22,low,metadata,heuristic,provisions_cited contains variant forms of the same provision: 'S.5' and 'S. 5',
f7fb9a79a5c229c12b295c22,low,metadata,heuristic,provisions_cited contains variant forms of the same provision: 'S.5' and 'Section 5',
f8721ba6337c904bee27619d,low,metadata,heuristic,provisions_cited contains variant forms of the same provision: 'S.12' and 'section 12',
f88dfa8a40c353702cb0eaf6,low,metadata,heuristic,provisions_cited contains variant forms of the same provision: 'S. 488' and 'section 488',
f88dfa8a40c353702cb0eaf6,low,metadata,heuristic,provisions_cited contains variant forms of the same provision: 'S. 20' and 'section 20',
f88dfa8a40c353702cb0eaf6,low,metadata,heuristic,provisions_cited contains variant forms of the same provision: 'S. 20' and 'Section 20',
f96a41dd4d68005cf4c87af9,low,semantic_quality,heuristic,"final_order span text has no recognizable disposition wording (candidate: may be a reporter tag-line fragment, not the operative sentence)",M.Y.M Petition accepted.
f96a41dd4d68005cf4c87af9,low,metadata,heuristic,provisions_cited contains variant forms of the same provision: 'S. 14' and 'section 14',
f9a1faf3b1dd8ce5229473a8,low,metadata,heuristic,provisions_cited contains variant forms of the same provision: 'S. 2' and 'S.2',
f9a1faf3b1dd8ce5229473a8,low,metadata,heuristic,provisions_cited contains variant forms of the same provision: 'S. 2' and 'section 2',
f9aec53ade0274d939ee35ca,low,semantic_quality,heuristic,quoted_material span has no quotation marks or sub-item markers (candidate: possible mislabel),"5. From the perusal of the Registered Deed No.2066 dated 6-3-2002, which has been executed by father of the petitioner Haji Muhammad Yousaf and wherein it was specifically mentioned that:--"
f9aec53ade0274d939ee35ca,low,semantic_quality,heuristic,"final_order span text has no recognizable disposition wording (candidate: may be a reporter tag-line fragment, not the operative sentence)",S.A.K./M-401/L Petition accepted.
f9aec53ade0274d939ee35ca,low,metadata,heuristic,provisions_cited contains variant forms of the same provision: 'S.10' and 'section 10',
f9ccbebf141b5426a7c2a7ca,low,metadata,heuristic,provisions_cited contains variant forms of the same provision: 'section 16' and 'S.16',
f9ccbebf141b5426a7c2a7ca,low,metadata,heuristic,provisions_cited contains variant forms of the same provision: 'section 16' and 'Section 16',
f9d00d5a73cb5f8bf607fef4,low,metadata,heuristic,provisions_cited contains variant forms of the same provision: 'S.5' and 'section 5',
f9fcc93324b7b2230a54b2e5,low,metadata,heuristic,provisions_cited contains variant forms of the same provision: 'Section 17' and 'section 17',
fa04ac4babcc088a7ecaad1b,low,metadata,heuristic,provisions_cited contains variant forms of the same provision: 'S. 11' and 'section 11',
fa68bb971b34280e3b15f682,low,semantic_quality,heuristic,quoted_material span has no quotation marks or sub-item markers (candidate: possible mislabel),"7. In order to prove the case, the respondent wife (plaintiff) has referred the instances of cruelty in Para-6 of the plaint, which are as under:

a) After the Nikah, but prior to her rukhsati, the pl"
fa68bb971b34280e3b15f682,low,semantic_quality,heuristic,quoted_material span has no quotation marks or sub-item markers (candidate: possible mislabel),"10. PW-1 Respondent has referred a specific stance in her evidence that:

There were a few occasions when the Defendant's temper flared up and he inflicted physical harm on the Plaintiff. In one incid"
fa68bb971b34280e3b15f682,low,semantic_quality,heuristic,quoted_material span has no quotation marks or sub-item markers (candidate: possible mislabel),"5. Jurisdiction.---[1] Subject to the provisions of the Muslim Family Laws Ordinance, 1961, and the Conciliation Courts Ordinance, 1961, the Family Courts shall have exclusive jurisdiction to entertai"
fa68bb971b34280e3b15f682,low,semantic_quality,heuristic,"final_order span text has no recognizable disposition wording (candidate: may be a reporter tag-line fragment, not the operative sentence)","23. The learned Registrar of this Court is directed to circulate copy of this judgment to District and Sessions Judges of both Division, Islamabad for their perusal and information."
fa68bb971b34280e3b15f682,low,metadata,heuristic,provisions_cited contains variant forms of the same provision: 'S. 2' and 'S.2',
fa68bb971b34280e3b15f682,low,metadata,heuristic,provisions_cited contains variant forms of the same provision: 'S. 5' and 'Section 5',
fa68bb971b34280e3b15f682,low,metadata,heuristic,provisions_cited contains variant forms of the same provision: 'S. 5' and 'S.5',
fa68bb971b34280e3b15f682,low,metadata,heuristic,provisions_cited contains variant forms of the same provision: 'S. 2' and 'Section 2',
fa7d47ee648a62c59b72dc88,low,metadata,heuristic,provisions_cited contains variant forms of the same provision: 'S.5' and 'section 5',
fa884887df9f2d74d7dd82b9,low,metadata,heuristic,provisions_cited contains variant forms of the same provision: 'S.12' and 'Section 12',
fa962123a5f8e59d8ccdf422,low,metadata,heuristic,provisions_cited contains variant forms of the same provision: 'S. 14' and 'section 14',
fa962123a5f8e59d8ccdf422,low,metadata,heuristic,provisions_cited contains variant forms of the same provision: 'Art.199' and 'Art. 199',
faebd3507f148a3eedaa70ea,low,semantic_quality,heuristic,"final_order span text has no recognizable disposition wording (candidate: may be a reporter tag-line fragment, not the operative sentence)",H.B.T./M-1316/L
faebd3507f148a3eedaa70ea,low,metadata,heuristic,provisions_cited contains variant forms of the same provision: 'S.9' and 'section 9',
fb6c897db1dfd46d5880d4c7,low,semantic_quality,heuristic,"final_order span text has no recognizable disposition wording (candidate: may be a reporter tag-line fragment, not the operative sentence)","18. Before parting with this order, as glaring illegalities and lack of legal acumen has been noted on the part of Rana Shahzad Ashraf the then Civil Judge/Judge Family Court, Samundri and Mr. Imtiaz "
fb6c897db1dfd46d5880d4c7,low,metadata,heuristic,provisions_cited contains variant forms of the same provision: 'S. 17' and 'section 17',
fc1e9ec8d9e1294f62b7061b,low,semantic_quality,heuristic,"final_order span text has no recognizable disposition wording (candidate: may be a reporter tag-line fragment, not the operative sentence)",H.B.T./213/P Petition accepted.
fc9b5708bab15425728d37b5,low,metadata,heuristic,provisions_cited contains variant forms of the same provision: 'S.10' and 'section 10',
fcf18f16751b4b3c467f3f99,low,semantic_quality,heuristic,"final_order span text has no recognizable disposition wording (candidate: may be a reporter tag-line fragment, not the operative sentence)",A . A .
fcf5ac0495d23f9c0045f43e,low,metadata,heuristic,provisions_cited contains variant forms of the same provision: 'S. 7' and 'section 7',
fcf5ac0495d23f9c0045f43e,low,metadata,heuristic,provisions_cited contains variant forms of the same provision: 'S. 12' and 'section 12',
fcf5ac0495d23f9c0045f43e,low,metadata,heuristic,provisions_cited contains variant forms of the same provision: 'Art.199' and 'Art. 199',
fd2bb689c9cbf9fcd7d73a3e,low,metadata,heuristic,provisions_cited contains variant forms of the same provision: 'S. 7' and 'section 7',
fd2bb689c9cbf9fcd7d73a3e,low,metadata,heuristic,provisions_cited contains variant forms of the same provision: 'Art.199' and 'Art. 199',
fd525b8123d105525efa6289,low,metadata,heuristic,provisions_cited contains variant forms of the same provision: 'S.5' and 'section 5',
fd8b3078f484c684f8a7dd33,low,metadata,heuristic,provisions_cited contains variant forms of the same provision: 'S.14' and 'section 14',
fdbd2ea20f8844ed93c86a46,low,metadata,heuristic,provisions_cited contains variant forms of the same provision: 'S. 10' and 'section 10',
fdbd2ea20f8844ed93c86a46,low,metadata,heuristic,provisions_cited contains variant forms of the same provision: 'S. 10' and 'Section 10',
fdbd2ea20f8844ed93c86a46,low,metadata,heuristic,provisions_cited contains variant forms of the same provision: 'S. 7' and 'Section 7',
fdbd2ea20f8844ed93c86a46,low,metadata,heuristic,provisions_cited contains variant forms of the same provision: 'S. 7' and 'section 7',
fde510c60534bca036c36e11,low,metadata,heuristic,provisions_cited contains variant forms of the same provision: 'section 14' and 'S.14',
fe0b4ca1ec19783051bc0153,low,metadata,heuristic,provisions_cited contains variant forms of the same provision: 'Ss. 17' and 'S. 17',
fe0b4ca1ec19783051bc0153,low,metadata,heuristic,provisions_cited contains variant forms of the same provision: 'Ss. 17' and 'section 17',
fe0b4ca1ec19783051bc0153,low,metadata,heuristic,provisions_cited contains variant forms of the same provision: 'S. 14' and 'section 14',
fe0b590814cfa3095cfd34c5,low,metadata,heuristic,provisions_cited contains variant forms of the same provision: 'S. 5' and 'section 5',
fe0c7a8441361c7de52beb3a,low,semantic_quality,heuristic,"final_order span text has no recognizable disposition wording (candidate: may be a reporter tag-line fragment, not the operative sentence)",5. This also disposes of C.M. No. 1/96 and C.M.No. 2/96.
fe56f61c7a61ef5f885bc920,low,metadata,heuristic,provisions_cited contains variant forms of the same provision: 'S.2' and 'Section 2',
fe56f61c7a61ef5f885bc920,low,metadata,heuristic,provisions_cited contains variant forms of the same provision: 'S.2' and 'section 2',
fe5ef36f3af5d507ca5dbcb7,low,semantic_quality,heuristic,"final_order span text has no recognizable disposition wording (candidate: may be a reporter tag-line fragment, not the operative sentence)",These appeals stand accepted with no order as to costs.
fe5ef36f3af5d507ca5dbcb7,low,metadata,heuristic,provisions_cited contains variant forms of the same provision: 'S.44' and 'section 44',
fe5ef36f3af5d507ca5dbcb7,low,metadata,heuristic,provisions_cited contains variant forms of the same provision: 'section 13' and 'Section 13',
fe641fbe070ba80c2333fbf3,low,metadata,heuristic,provisions_cited contains variant forms of the same provision: 'S. 491' and 'S.491',
fe641fbe070ba80c2333fbf3,low,metadata,heuristic,provisions_cited contains variant forms of the same provision: 'S. 491' and 'section 491',
fee662141c1adec6924418a2,low,metadata,heuristic,provisions_cited contains variant forms of the same provision: 'S. 9' and 'Section 9',
fee662141c1adec6924418a2,low,metadata,heuristic,provisions_cited contains variant forms of the same provision: 'S. 132' and 'Section 132',
fee9cde1d6867fa437e75077,low,metadata,heuristic,provisions_cited contains variant forms of the same provision: 'S. 5' and 'S.5',
fef8f7c4e47549a6d71fa571,low,metadata,heuristic,provisions_cited contains variant forms of the same provision: 'S.5' and 'S. 5',
fef8f7c4e47549a6d71fa571,low,metadata,heuristic,provisions_cited contains variant forms of the same provision: 'S. 2' and 'S.2',
fef8f7c4e47549a6d71fa571,low,metadata,heuristic,provisions_cited contains variant forms of the same provision: 'S.5' and 'section 5',
fef8f7c4e47549a6d71fa571,low,metadata,heuristic,provisions_cited contains variant forms of the same provision: 'S. 2' and 'section 2',
ff16dac2849121c97b10d652,low,metadata,heuristic,provisions_cited contains variant forms of the same provision: 'S.17' and 'section 17',
ff5aebf0c3793af02ff4de85,low,semantic_quality,heuristic,"final_order span text has no recognizable disposition wording (candidate: may be a reporter tag-line fragment, not the operative sentence)",1 Dicey A. V. and Morris J. H. C. (1949). Dicey's conflict of laws (6th ed.). Stevens & Sons ; Sweet and Maxwell.
ff5aebf0c3793af02ff4de85,low,metadata,heuristic,provisions_cited contains variant forms of the same provision: 'Ss. 10' and 'Section 10',
ff5aebf0c3793af02ff4de85,low,metadata,heuristic,provisions_cited contains variant forms of the same provision: 'Ss. 10' and 'section 10',
ff5aebf0c3793af02ff4de85,low,metadata,heuristic,provisions_cited contains variant forms of the same provision: 'Ss. 10' and 'S. 10',
ff5f15c3cfc0c01759761a41,low,metadata,heuristic,provisions_cited contains variant forms of the same provision: 'Ss. 5' and 'Section 5',
ff5f15c3cfc0c01759761a41,low,metadata,heuristic,provisions_cited contains variant forms of the same provision: 'Section 14' and 'section 14',
ff740d557299593a8470c7e4,low,metadata,heuristic,provisions_cited contains variant forms of the same provision: 'S. 14' and 'section 14',
ff76b697ee9175c3781af87a,low,semantic_quality,heuristic,"final_order span text has no recognizable disposition wording (candidate: may be a reporter tag-line fragment, not the operative sentence)","The parties shall appear before the learned District Judge, Lahore, on 20th November, 1991, who shall entrust the suit to a Court of competent jurisdiction. As the dispute has remained pending for mor"
ff76b697ee9175c3781af87a,low,metadata,heuristic,provisions_cited contains variant forms of the same provision: 'Ss. 5' and 'S. 5',
ff76b697ee9175c3781af87a,low,metadata,heuristic,provisions_cited contains variant forms of the same provision: 'S. 2' and 'section 2',
ff9030cf4b1b61637c29f057,low,metadata,heuristic,provisions_cited contains variant forms of the same provision: 'S.12' and 'section 12',
ff9030cf4b1b61637c29f057,low,metadata,heuristic,provisions_cited contains variant forms of the same provision: 'section 21' and 'Section 21',
ff9030cf4b1b61637c29f057,low,metadata,heuristic,provisions_cited contains variant forms of the same provision: 'section 7' and 'sections 7',
ffb1c755ce71d83600ee68c5,low,metadata,heuristic,provisions_cited contains variant forms of the same provision: 'S.25' and 'Section 25',
